id,original_id,room_type,color_theme,use_case,lighting,color_palette,furniture,status,aug_type,processed_at,image_url,local_path
b81eedcb-35d4-4cb0-be49-54a1be6acdf7,7ce8eccf-fd64-49eb-85c7-c7b51e143feb,Kitchen,Modern White,Modern Minimalist,Warm Indoor Lighting,Neutral,"Table, Chair, Lighting Fixtures, Plants",submitted,scaled_crop,2026-04-06T10:28:10.477242+00:00,00000014_scaled_crop.jpg,examples/dataset/images/scaled_crop_0000_00000014_scaled_crop.jpg
4162d611-8aa9-4cb4-8fe6-68138bbf30be,7ce8eccf-fd64-49eb-85c7-c7b51e143feb,Kitchen,Modern White,Modern Minimalist,Warm Indoor Lighting,Neutral,"Table, Chair, Lighting Fixtures, Plants",submitted,horizontal_flip,2026-04-06T10:28:11.091093+00:00,00000014_horizontal_flip.jpg,examples/dataset/images/horizontal_flip_0001_00000014_horizontal_flip.jpg
b03b8a27-8704-4a7c-99a2-78940af94f53,d2d840ff-5762-42e4-98c8-737bab4c133f,Lounge,Modern White,Cozy Family,Warm Indoor Lighting,Neutral,"Table, Chair, Lighting Fixtures, Plants",submitted,scaled_crop,2026-04-06T10:28:12.909282+00:00,00000015_scaled_crop.jpg,examples/dataset/images/scaled_crop_0002_00000015_scaled_crop.jpg
e1fe34ea-a359-49ba-a1ce-d3c7258fa6b1,d2d840ff-5762-42e4-98c8-737bab4c133f,Lounge,Modern White,Cozy Family,Warm Indoor Lighting,Neutral,"Table, Chair, Lighting Fixtures, Plants",submitted,horizontal_flip,2026-04-06T10:28:13.5078+00:00,00000015_horizontal_flip.jpg,examples/dataset/images/horizontal_flip_0003_00000015_horizontal_flip.jpg
d57f1f87-44b4-4f2e-9c47-a5bbfad267ac,d8cd60a2-fc29-43ae-9f4f-19eb144c4821,Bedroom,Soft Beige,Couple,Warm Indoor Lighting,Warm,"Table, Bed, Lighting Fixtures",submitted,scaled_crop,2026-04-06T10:28:15.251948+00:00,00000016_scaled_crop.jpg,examples/dataset/images/scaled_crop_0004_00000016_scaled_crop.jpg
b9a3a85e-e161-46b1-8722-7d603a575d71,d8cd60a2-fc29-43ae-9f4f-19eb144c4821,Bedroom,Soft Beige,Couple,Warm Indoor Lighting,Warm,"Table, Bed, Lighting Fixtures",submitted,horizontal_flip,2026-04-06T10:28:15.866675+00:00,00000016_horizontal_flip.jpg,examples/dataset/images/horizontal_flip_0005_00000016_horizontal_flip.jpg
2faca1cf-d502-462e-9f65-03a5d72f8ae9,73293029-3bc5-40cf-b588-3a0ac3a24f7e,Bedroom,Pastel Pink,Couple,Natural Daylight,Pastel,"Bed, Plants",submitted,scaled_crop,2026-04-06T10:28:17.533434+00:00,00000017_scaled_crop.jpg,examples/dataset/images/scaled_crop_0006_00000017_scaled_crop.jpg
9235ccdd-c66e-4bed-a895-75c9d1a22365,73293029-3bc5-40cf-b588-3a0ac3a24f7e,Bedroom,Pastel Pink,Couple,Natural Daylight,Pastel,"Bed, Plants",submitted,horizontal_flip,2026-04-06T10:28:18.115399+00:00,00000017_horizontal_flip.jpg,examples/dataset/images/horizontal_flip_0007_00000017_horizontal_flip.jpg
9b7b1da0-eb95-4f71-a9b7-0f68a6e4be0e,55726fd2-1468-4e21-bbf4-f93d993db9b9,Lounge,Earthy Terracotta,Cozy Family,Warm Indoor Lighting,Warm,"Sofas, Shelves, Table, Lighting Fixtures",submitted,scaled_crop,2026-04-06T10:28:19.959898+00:00,00000020_scaled_crop.jpg,examples/dataset/images/scaled_crop_0008_00000020_scaled_crop.jpg
21f0349b-e952-4f10-9865-93f5de94efa3,55726fd2-1468-4e21-bbf4-f93d993db9b9,Lounge,Earthy Terracotta,Cozy Family,Warm Indoor Lighting,Warm,"Sofas, Shelves, Table, Lighting Fixtures",submitted,horizontal_flip,2026-04-06T10:28:20.531382+00:00,00000020_horizontal_flip.jpg,examples/dataset/images/horizontal_flip_0009_00000020_horizontal_flip.jpg
565cba1a-add3-47e4-ac60-96ac80a87b65,97b6acf1-2eb9-4671-95eb-8331a99db358,Lounge,Sleek Charcoal,Home Theater,Natural Daylight,Neutral,"Sofas, Table",submitted,scaled_crop,2026-04-06T10:28:22.484037+00:00,00000078_scaled_crop.jpg,examples/dataset/images/scaled_crop_0010_00000078_scaled_crop.jpg
f74369cd-63c8-48e2-b944-a8979a2a9bea,97b6acf1-2eb9-4671-95eb-8331a99db358,Lounge,Sleek Charcoal,Home Theater,Natural Daylight,Neutral,"Sofas, Table",submitted,horizontal_flip,2026-04-06T10:28:23.048135+00:00,00000078_horizontal_flip.jpg,examples/dataset/images/horizontal_flip_0011_00000078_horizontal_flip.jpg
d77ce986-e2d5-44a4-b405-d723083ed6b3,e5ff5501-7c86-4516-a7c7-99c802955d95,Kitchen,Soft Beige,Open Concept,Natural Daylight,Neutral,"Shelves, Table, Chair, Lighting Fixtures",submitted,scaled_crop,2026-04-06T10:28:24.759844+00:00,00001174_scaled_crop.jpg,examples/dataset/images/scaled_crop_0012_00001174_scaled_crop.jpg
5bacbb28-35fd-4e94-ab34-b98b6f885f86,e5ff5501-7c86-4516-a7c7-99c802955d95,Kitchen,Soft Beige,Open Concept,Natural Daylight,Neutral,"Shelves, Table, Chair, Lighting Fixtures",submitted,horizontal_flip,2026-04-06T10:28:25.41529+00:00,00001174_horizontal_flip.jpg,examples/dataset/images/horizontal_flip_0013_00001174_horizontal_flip.jpg
36f0b6d7-c4a2-4dfa-b8ad-e79c9ba1ed54,c9bc8000-9800-4228-abb4-87431e504dc9,Lounge,Sleek Charcoal,Home Theater,Natural Daylight,Dark Mode,"Sofas, Shelves, Table",submitted,scaled_crop,2026-04-06T10:28:26.861934+00:00,00001180_scaled_crop.jpg,examples/dataset/images/scaled_crop_0014_00001180_scaled_crop.jpg
d68e7676-9b6f-490c-a709-52575bbe8e3e,c9bc8000-9800-4228-abb4-87431e504dc9,Lounge,Sleek Charcoal,Home Theater,Natural Daylight,Dark Mode,"Sofas, Shelves, Table",submitted,horizontal_flip,2026-04-06T10:28:27.410994+00:00,00001180_horizontal_flip.jpg,examples/dataset/images/horizontal_flip_0015_00001180_horizontal_flip.jpg
c716a440-7acb-4226-abff-93830f4401b1,2e58157a-78ba-4ee7-a1e1-ceb65a66a5cf,Kitchen,Sleek Charcoal,Industrial Loft,Warm Indoor Lighting,Neutral,"Shelves, Lighting Fixtures",submitted,scaled_crop,2026-04-06T10:28:29.113277+00:00,00001241_scaled_crop.jpg,examples/dataset/images/scaled_crop_0016_00001241_scaled_crop.jpg
f630503c-f4eb-4416-a528-6b3f52d264f5,2e58157a-78ba-4ee7-a1e1-ceb65a66a5cf,Kitchen,Sleek Charcoal,Industrial Loft,Warm Indoor Lighting,Neutral,"Shelves, Lighting Fixtures",submitted,horizontal_flip,2026-04-06T10:28:29.739843+00:00,00001241_horizontal_flip.jpg,examples/dataset/images/horizontal_flip_0017_00001241_horizontal_flip.jpg
98023163-88dc-4b3c-b456-30214c00a450,35c2e351-9946-4783-937d-5be4208a0581,Kitchen,Modern White,Modern Minimalist,LED Office Lighting,Neutral,"Sofas, Table, Chair, Lighting Fixtures",submitted,scaled_crop,2026-04-06T10:28:31.472626+00:00,00001305_scaled_crop.jpg,examples/dataset/images/scaled_crop_0018_00001305_scaled_crop.jpg
04612977-dafc-4d7f-ae86-84f0ade74945,35c2e351-9946-4783-937d-5be4208a0581,Kitchen,Modern White,Modern Minimalist,LED Office Lighting,Neutral,"Sofas, Table, Chair, Lighting Fixtures",submitted,horizontal_flip,2026-04-06T10:28:32.062738+00:00,00001305_horizontal_flip.jpg,examples/dataset/images/horizontal_flip_0019_00001305_horizontal_flip.jpg
3141a1c2-97b0-480a-b67e-60a50052c304,0c8a9fe2-5639-4689-b7e0-795c6e8db6e6,Bedroom,Soft Beige,Minimalist Retreat,Natural Daylight,Neutral,"Sofas, Shelves, Bed",submitted,scaled_crop,2026-04-06T10:28:33.996296+00:00,00001329_scaled_crop.jpg,examples/dataset/images/scaled_crop_0020_00001329_scaled_crop.jpg
043aae12-00b9-4fe3-ab3a-c71f0ad6024e,0c8a9fe2-5639-4689-b7e0-795c6e8db6e6,Bedroom,Soft Beige,Minimalist Retreat,Natural Daylight,Neutral,"Sofas, Shelves, Bed",submitted,horizontal_flip,2026-04-06T10:28:34.663087+00:00,00001329_horizontal_flip.jpg,examples/dataset/images/horizontal_flip_0021_00001329_horizontal_flip.jpg
a535272d-1316-4000-be75-6322f0ea825f,e4c7e616-5c6c-4b0a-816f-f9b10fd90a3a,Dining Room,Modern White,Formal,Natural Daylight,Neutral,"Table, Chair",submitted,scaled_crop,2026-04-06T10:28:36.378535+00:00,00001345_scaled_crop.jpg,examples/dataset/images/scaled_crop_0022_00001345_scaled_crop.jpg
35dd4152-ca38-4937-867c-47aed19024f2,e4c7e616-5c6c-4b0a-816f-f9b10fd90a3a,Dining Room,Modern White,Formal,Natural Daylight,Neutral,"Table, Chair",submitted,horizontal_flip,2026-04-06T10:28:36.943973+00:00,00001345_horizontal_flip.jpg,examples/dataset/images/horizontal_flip_0023_00001345_horizontal_flip.jpg
6648fb04-3ba8-4294-a5d5-8e1483b662fe,7f73c6b2-2661-4eca-a6ca-a8a39e21c6a3,Kitchen,Modern White,Industrial Loft,Natural Daylight,Neutral,"Chair, Lighting Fixtures, Plants",submitted,scaled_crop,2026-04-06T10:28:38.610904+00:00,00001366_scaled_crop.jpg,examples/dataset/images/scaled_crop_0024_00001366_scaled_crop.jpg
0ac297f9-3af6-4d92-9152-b5f486357dce,7f73c6b2-2661-4eca-a6ca-a8a39e21c6a3,Kitchen,Modern White,Industrial Loft,Natural Daylight,Neutral,"Chair, Lighting Fixtures, Plants",submitted,horizontal_flip,2026-04-06T10:28:39.204347+00:00,00001366_horizontal_flip.jpg,examples/dataset/images/horizontal_flip_0025_00001366_horizontal_flip.jpg
76266d5c-3e14-4729-8150-7c117811f6a6,41d76e3b-7393-43e1-9350-743dc08ba169,Lounge,Soft Beige,Social Hub,Natural Daylight,Neutral,"Table, Chair, Lighting Fixtures, Plants, Partitions",submitted,scaled_crop,2026-04-06T10:28:40.973355+00:00,00001390_scaled_crop.jpg,examples/dataset/images/scaled_crop_0026_00001390_scaled_crop.jpg
5c30987e-19ca-46d3-b381-6182d360d620,41d76e3b-7393-43e1-9350-743dc08ba169,Lounge,Soft Beige,Social Hub,Natural Daylight,Neutral,"Table, Chair, Lighting Fixtures, Plants, Partitions",submitted,horizontal_flip,2026-04-06T10:28:41.559769+00:00,00001390_horizontal_flip.jpg,examples/dataset/images/horizontal_flip_0027_00001390_horizontal_flip.jpg
573ca3e9-4417-496d-82d7-c3eb38dcefd4,a41948d7-a797-45a9-bc66-799dfd8ae6b6,Kitchen,Soft Beige,Modern Minimalist,Warm Indoor Lighting,Neutral,"Sofas, Lighting Fixtures, Plants",submitted,scaled_crop,2026-04-06T10:28:43.250173+00:00,00001394_scaled_crop.jpg,examples/dataset/images/scaled_crop_0028_00001394_scaled_crop.jpg
ddd86ebd-f273-41c4-a2e6-bc9265dd7cbe,a41948d7-a797-45a9-bc66-799dfd8ae6b6,Kitchen,Soft Beige,Modern Minimalist,Warm Indoor Lighting,Neutral,"Sofas, Lighting Fixtures, Plants",submitted,horizontal_flip,2026-04-06T10:28:43.833484+00:00,00001394_horizontal_flip.jpg,examples/dataset/images/horizontal_flip_0029_00001394_horizontal_flip.jpg
05ef91db-5a7c-43c1-bcf5-b98fda3f32a8,4cefa55d-7f3f-4d10-81e4-0ddf89da9b77,Bedroom,Soft Beige,Minimalist Retreat,Natural Daylight,Neutral,"Desks, Bed",submitted,scaled_crop,2026-04-06T10:28:45.5277+00:00,00001413_scaled_crop.jpg,examples/dataset/images/scaled_crop_0030_00001413_scaled_crop.jpg
03aa3c50-abde-441c-aa03-547b65476669,4cefa55d-7f3f-4d10-81e4-0ddf89da9b77,Bedroom,Soft Beige,Minimalist Retreat,Natural Daylight,Neutral,"Desks, Bed",submitted,horizontal_flip,2026-04-06T10:28:46.221121+00:00,00001413_horizontal_flip.jpg,examples/dataset/images/horizontal_flip_0031_00001413_horizontal_flip.jpg
57aac71a-8d9b-421f-a5f7-d961131b9196,85c1422d-5d9f-4a57-aff3-b5d4a236738e,Dining Room,Sleek Charcoal,Formal,Natural Daylight,Neutral,"Table, Chair, Lighting Fixtures",submitted,scaled_crop,2026-04-06T10:28:47.756594+00:00,00001421_scaled_crop.jpg,examples/dataset/images/scaled_crop_0032_00001421_scaled_crop.jpg
076f1106-4ade-470b-ad2c-31ebe47e28d5,85c1422d-5d9f-4a57-aff3-b5d4a236738e,Dining Room,Sleek Charcoal,Formal,Natural Daylight,Neutral,"Table, Chair, Lighting Fixtures",submitted,horizontal_flip,2026-04-06T10:28:48.340812+00:00,00001421_horizontal_flip.jpg,examples/dataset/images/horizontal_flip_0033_00001421_horizontal_flip.jpg
b6593732-039d-437e-9aec-aaca88739105,7fb741e2-c8d9-4a24-a8b4-1e9ead8376f5,Bedroom,Soft Beige,Minimalist Retreat,Warm Indoor Lighting,Pastel,"Table, Bed, Lighting Fixtures, Plants",submitted,scaled_crop,2026-04-06T10:28:50.16562+00:00,00001436_scaled_crop.jpg,examples/dataset/images/scaled_crop_0034_00001436_scaled_crop.jpg
41deda32-b4f2-483c-b862-219ab019e3e5,7fb741e2-c8d9-4a24-a8b4-1e9ead8376f5,Bedroom,Soft Beige,Minimalist Retreat,Warm Indoor Lighting,Pastel,"Table, Bed, Lighting Fixtures, Plants",submitted,horizontal_flip,2026-04-06T10:28:50.704375+00:00,00001436_horizontal_flip.jpg,examples/dataset/images/horizontal_flip_0035_00001436_horizontal_flip.jpg
e0946382-d9df-4878-b756-28e40a0c378e,89ca00ec-c6e8-4312-9076-f42fcf7b9451,Bedroom,Sleek Charcoal,Master Suite,Warm Indoor Lighting,Neutral,"Bed, Lighting Fixtures, Partitions",submitted,scaled_crop,2026-04-06T10:28:52.468419+00:00,00001453_scaled_crop.jpg,examples/dataset/images/scaled_crop_0036_00001453_scaled_crop.jpg
b5b6c900-b9d3-4352-b3e2-baa17d4e6eac,89ca00ec-c6e8-4312-9076-f42fcf7b9451,Bedroom,Sleek Charcoal,Master Suite,Warm Indoor Lighting,Neutral,"Bed, Lighting Fixtures, Partitions",submitted,horizontal_flip,2026-04-06T10:28:53.019651+00:00,00001453_horizontal_flip.jpg,examples/dataset/images/horizontal_flip_0037_00001453_horizontal_flip.jpg
21d39662-ad58-4c8c-b32f-e28a3d77ef4c,4e72e264-e2fd-436d-ba15-e30c4eb0b060,Bedroom,Modern White,Master Suite,Natural Daylight,Neutral,"Table, Bed, Lighting Fixtures",submitted,scaled_crop,2026-04-06T10:28:54.717485+00:00,00001481_scaled_crop.jpg,examples/dataset/images/scaled_crop_0038_00001481_scaled_crop.jpg
a30db591-d0f0-4fa3-897e-b4d0e0990fed,4e72e264-e2fd-436d-ba15-e30c4eb0b060,Bedroom,Modern White,Master Suite,Natural Daylight,Neutral,"Table, Bed, Lighting Fixtures",submitted,horizontal_flip,2026-04-06T10:28:55.284133+00:00,00001481_horizontal_flip.jpg,examples/dataset/images/horizontal_flip_0039_00001481_horizontal_flip.jpg
a3b6c947-2567-411b-ae46-e637cc808499,410da82c-b26f-4f8b-8735-1e28c38b5ff4,Dining Room,Sleek Charcoal,Casual Family,Warm Indoor Lighting,Neutral,"Shelves, Table, Chair, Lighting Fixtures, Plants",submitted,scaled_crop,2026-04-06T10:28:56.718008+00:00,00001494_scaled_crop.jpg,examples/dataset/images/scaled_crop_0040_00001494_scaled_crop.jpg
aa63e42f-9835-40b2-b01d-1043df4b58b8,410da82c-b26f-4f8b-8735-1e28c38b5ff4,Dining Room,Sleek Charcoal,Casual Family,Warm Indoor Lighting,Neutral,"Shelves, Table, Chair, Lighting Fixtures, Plants",submitted,horizontal_flip,2026-04-06T10:28:57.278618+00:00,00001494_horizontal_flip.jpg,examples/dataset/images/horizontal_flip_0041_00001494_horizontal_flip.jpg
d69d1a47-c31d-4463-adc1-c199e201cba3,6504032d-750b-49e1-8358-aba126eeb292,Bedroom,Modern White,Adults,Warm Indoor Lighting,Neutral,"Table, Bed, Lighting Fixtures, Plants",submitted,scaled_crop,2026-04-06T10:28:58.728388+00:00,00001531_scaled_crop.jpg,examples/dataset/images/scaled_crop_0042_00001531_scaled_crop.jpg
1bb10e29-3491-4b6c-abe2-b045cd458aec,6504032d-750b-49e1-8358-aba126eeb292,Bedroom,Modern White,Adults,Warm Indoor Lighting,Neutral,"Table, Bed, Lighting Fixtures, Plants",submitted,horizontal_flip,2026-04-06T10:28:59.361406+00:00,00001531_horizontal_flip.jpg,examples/dataset/images/horizontal_flip_0043_00001531_horizontal_flip.jpg
6a922fad-3258-4cfe-bc3a-66e183ae2702,475c4da9-8167-4096-aa53-c3d57cc59cd4,Bedroom,Soft Beige,Guest,Warm Indoor Lighting,Warm,"Desks, Shelves, Chair, Bed, Lighting Fixtures",submitted,scaled_crop,2026-04-06T10:29:01.692969+00:00,00001535_scaled_crop.jpg,examples/dataset/images/scaled_crop_0044_00001535_scaled_crop.jpg
f211fa2e-9809-4b95-ba8c-63d8729a2593,475c4da9-8167-4096-aa53-c3d57cc59cd4,Bedroom,Soft Beige,Guest,Warm Indoor Lighting,Warm,"Desks, Shelves, Chair, Bed, Lighting Fixtures",submitted,horizontal_flip,2026-04-06T10:29:02.304677+00:00,00001535_horizontal_flip.jpg,examples/dataset/images/horizontal_flip_0045_00001535_horizontal_flip.jpg
ab1a8aa5-137b-4c62-b6df-47936c8d55eb,4c77fef8-bcbe-41e5-9547-08673b101388,Lounge,Earthy Terracotta,Reading Nook,Warm Indoor Lighting,Warm,"Desks, Sofas, Shelves, Lighting Fixtures",submitted,scaled_crop,2026-04-06T10:29:04.118655+00:00,00000576_scaled_crop.jpg,examples/dataset/images/scaled_crop_0046_00000576_scaled_crop.jpg
2d1fae5f-86d7-4456-82ce-ea246b6d28e9,4c77fef8-bcbe-41e5-9547-08673b101388,Lounge,Earthy Terracotta,Reading Nook,Warm Indoor Lighting,Warm,"Desks, Sofas, Shelves, Lighting Fixtures",submitted,horizontal_flip,2026-04-06T10:29:04.689699+00:00,00000576_horizontal_flip.jpg,examples/dataset/images/horizontal_flip_0047_00000576_horizontal_flip.jpg
70418c8f-fde1-42e6-b649-ddb457d9503a,e72fdc33-bf32-474c-8ba1-c5ca39b5d9cc,Dining Room,Soft Beige,Casual Family,Warm Indoor Lighting,Warm,"Table, Chair, Lighting Fixtures",submitted,scaled_crop,2026-04-06T10:29:06.535816+00:00,00000587_scaled_crop.jpg,examples/dataset/images/scaled_crop_0048_00000587_scaled_crop.jpg
61d2d27c-8639-45f4-bb72-ee8bf158cdc7,e72fdc33-bf32-474c-8ba1-c5ca39b5d9cc,Dining Room,Soft Beige,Casual Family,Warm Indoor Lighting,Warm,"Table, Chair, Lighting Fixtures",submitted,horizontal_flip,2026-04-06T10:29:07.126085+00:00,00000587_horizontal_flip.jpg,examples/dataset/images/horizontal_flip_0049_00000587_horizontal_flip.jpg
15e3075c-cdb3-4e97-8bfa-12da9f0d409e,b76175da-9f61-4a2a-84cd-c899790b5652,Bedroom,Soft Beige,Adults,Natural Daylight,Warm,"Table, Chair, Bed",submitted,scaled_crop,2026-04-06T10:29:08.933134+00:00,00000601_scaled_crop.jpg,examples/dataset/images/scaled_crop_0050_00000601_scaled_crop.jpg
29c4a60b-3dc5-43d4-9d3b-2f6d92ea68f3,b76175da-9f61-4a2a-84cd-c899790b5652,Bedroom,Soft Beige,Adults,Natural Daylight,Warm,"Table, Chair, Bed",submitted,horizontal_flip,2026-04-06T10:29:09.530008+00:00,00000601_horizontal_flip.jpg,examples/dataset/images/horizontal_flip_0051_00000601_horizontal_flip.jpg
57630da0-f069-4561-9726-d74215c8558e,4787a36e-af8b-4543-92ea-f32acc14476a,Bedroom,Earthy Terracotta,Couple,Natural Daylight,Neutral,"Table, Chair, Bed, Lighting Fixtures",submitted,scaled_crop,2026-04-06T10:29:11.974332+00:00,00003401_scaled_crop.jpg,examples/dataset/images/scaled_crop_0052_00003401_scaled_crop.jpg
adb08f53-5429-48a9-a43a-ce13322a6f36,4787a36e-af8b-4543-92ea-f32acc14476a,Bedroom,Earthy Terracotta,Couple,Natural Daylight,Neutral,"Table, Chair, Bed, Lighting Fixtures",submitted,horizontal_flip,2026-04-06T10:29:12.511873+00:00,00003401_horizontal_flip.jpg,examples/dataset/images/horizontal_flip_0053_00003401_horizontal_flip.jpg
7906f9db-77a2-4ddf-836f-7f038f09c412,f1316791-28e9-4ac1-91b6-2f8c225f7d09,Lounge,Modern White,Formal Entertaining,Natural Daylight,Neutral,"Sofas, Shelves, Table, Lighting Fixtures, Partitions",submitted,scaled_crop,2026-04-06T10:29:14.230396+00:00,00003503_scaled_crop.jpg,examples/dataset/images/scaled_crop_0054_00003503_scaled_crop.jpg
a4c3e674-1057-408a-91f3-b0697fa1d5f4,f1316791-28e9-4ac1-91b6-2f8c225f7d09,Lounge,Modern White,Formal Entertaining,Natural Daylight,Neutral,"Sofas, Shelves, Table, Lighting Fixtures, Partitions",submitted,horizontal_flip,2026-04-06T10:29:14.787993+00:00,00003503_horizontal_flip.jpg,examples/dataset/images/horizontal_flip_0055_00003503_horizontal_flip.jpg
24bcf695-5a6a-4d52-905c-c0353eccf283,7ea8e304-a25a-4b8e-a43e-0b40ed2bb1ea,Lounge,Modern White,Formal Entertaining,Natural Daylight,Neutral,"Sofas, Shelves, Table, Lighting Fixtures, Partitions",submitted,scaled_crop,2026-04-06T10:29:16.570677+00:00,00003602_scaled_crop.jpg,examples/dataset/images/scaled_crop_0056_00003602_scaled_crop.jpg
17248099-9f67-4851-85e1-ef695f411176,7ea8e304-a25a-4b8e-a43e-0b40ed2bb1ea,Lounge,Modern White,Formal Entertaining,Natural Daylight,Neutral,"Sofas, Shelves, Table, Lighting Fixtures, Partitions",submitted,horizontal_flip,2026-04-06T10:29:17.16707+00:00,00003602_horizontal_flip.jpg,examples/dataset/images/horizontal_flip_0057_00003602_horizontal_flip.jpg
7570d922-897f-45be-976e-e55e0df2a579,f678f303-93e7-47ba-8050-675dfbe6015e,Lounge,Modern White,Formal Entertaining,Warm Indoor Lighting,Neutral,"Sofas, Table, Lighting Fixtures, Plants",submitted,scaled_crop,2026-04-06T10:29:18.874582+00:00,00000581_scaled_crop.jpg,examples/dataset/images/scaled_crop_0058_00000581_scaled_crop.jpg
d3add1c8-ce34-4752-bebe-568ac5d0c2c5,f678f303-93e7-47ba-8050-675dfbe6015e,Lounge,Modern White,Formal Entertaining,Warm Indoor Lighting,Neutral,"Sofas, Table, Lighting Fixtures, Plants",submitted,horizontal_flip,2026-04-06T10:29:19.440525+00:00,00000581_horizontal_flip.jpg,examples/dataset/images/horizontal_flip_0059_00000581_horizontal_flip.jpg
fedae08c-689f-425c-82c5-3a6cfc4edd57,a03e70d5-cef3-4ffe-bcae-f30d59a6b9d6,Lounge,Modern White,Formal Entertaining,Warm Indoor Lighting,Neutral,"Sofas, Table, Plants",submitted,scaled_crop,2026-04-06T10:29:21.266677+00:00,00002287_scaled_crop.jpg,examples/dataset/images/scaled_crop_0060_00002287_scaled_crop.jpg
0aa38e30-28cb-401c-9cb8-399c29da467a,a03e70d5-cef3-4ffe-bcae-f30d59a6b9d6,Lounge,Modern White,Formal Entertaining,Warm Indoor Lighting,Neutral,"Sofas, Table, Plants",submitted,horizontal_flip,2026-04-06T10:29:21.890797+00:00,00002287_horizontal_flip.jpg,examples/dataset/images/horizontal_flip_0061_00002287_horizontal_flip.jpg
6e4c06c8-4389-4a98-b14e-e9093668de5b,f241a3be-39e7-4c29-b1b2-34214fcf28a5,Lounge,Earthy Terracotta,Formal Entertaining,Warm Indoor Lighting,Warm,"Sofas, Table, Lighting Fixtures, Plants, Partitions",submitted,scaled_crop,2026-04-06T10:29:23.590001+00:00,00003698_scaled_crop.jpg,examples/dataset/images/scaled_crop_0062_00003698_scaled_crop.jpg
7b85b6e1-bb00-4a62-a3ce-4cd7e92f65c6,f241a3be-39e7-4c29-b1b2-34214fcf28a5,Lounge,Earthy Terracotta,Formal Entertaining,Warm Indoor Lighting,Warm,"Sofas, Table, Lighting Fixtures, Plants, Partitions",submitted,horizontal_flip,2026-04-06T10:29:24.163653+00:00,00003698_horizontal_flip.jpg,examples/dataset/images/horizontal_flip_0063_00003698_horizontal_flip.jpg
ee094a37-6b1d-48b3-b7c3-b38447ea4981,484ec023-1be2-45b6-b76f-18b4ca05ce95,Dining Room,Soft Beige,Formal,Natural Daylight,Warm,"Desks, Sofas, Table, Chair, Lighting Fixtures",submitted,scaled_crop,2026-04-06T10:29:25.657641+00:00,00003795_scaled_crop.jpg,examples/dataset/images/scaled_crop_0064_00003795_scaled_crop.jpg
49d5ae36-abd9-4e81-9bd5-4cd18f5ba2d3,484ec023-1be2-45b6-b76f-18b4ca05ce95,Dining Room,Soft Beige,Formal,Natural Daylight,Warm,"Desks, Sofas, Table, Chair, Lighting Fixtures",submitted,horizontal_flip,2026-04-06T10:29:26.240424+00:00,00003795_horizontal_flip.jpg,examples/dataset/images/horizontal_flip_0065_00003795_horizontal_flip.jpg
4465d40d-af55-4860-b4ea-3c7924ce8d44,477c1985-7810-4f45-b13d-d0700ea66ee1,Dining Room,Modern White,Formal,Natural Daylight,Neutral,"Table, Chair, Lighting Fixtures",submitted,scaled_crop,2026-04-06T10:29:29.04485+00:00,00003797_scaled_crop.jpg,examples/dataset/images/scaled_crop_0066_00003797_scaled_crop.jpg
3318792f-fb5e-4629-b239-c481c0905c77,477c1985-7810-4f45-b13d-d0700ea66ee1,Dining Room,Modern White,Formal,Natural Daylight,Neutral,"Table, Chair, Lighting Fixtures",submitted,horizontal_flip,2026-04-06T10:29:29.578179+00:00,00003797_horizontal_flip.jpg,examples/dataset/images/horizontal_flip_0067_00003797_horizontal_flip.jpg
eef13eec-e89f-46d0-83a2-d61fccb12dce,14334766-983d-40bd-8307-bb5a24409ae3,Kitchen,Modern White,Small Family,LED Office Lighting,Brand-specific,Shelves,submitted,scaled_crop,2026-04-06T10:29:32.137091+00:00,00002349_scaled_crop.jpg,examples/dataset/images/scaled_crop_0068_00002349_scaled_crop.jpg
53390501-da39-4910-8701-fa31f54dded2,14334766-983d-40bd-8307-bb5a24409ae3,Kitchen,Modern White,Small Family,LED Office Lighting,Brand-specific,Shelves,submitted,horizontal_flip,2026-04-06T10:29:32.671964+00:00,00002349_horizontal_flip.jpg,examples/dataset/images/horizontal_flip_0069_00002349_horizontal_flip.jpg
d2420499-859f-4c35-9dce-e02e4a7b652f,e241c08b-68a7-4ff6-813a-e0bc53a560ab,Bedroom,Modern White,Couple,Natural Daylight,Neutral,"Table, Chair, Bed, Lighting Fixtures, Plants",submitted,scaled_crop,2026-04-06T10:29:35.336054+00:00,00002393_scaled_crop.jpg,examples/dataset/images/scaled_crop_0070_00002393_scaled_crop.jpg
6c10dea9-1606-416a-a950-331f5f21e191,e241c08b-68a7-4ff6-813a-e0bc53a560ab,Bedroom,Modern White,Couple,Natural Daylight,Neutral,"Table, Chair, Bed, Lighting Fixtures, Plants",submitted,horizontal_flip,2026-04-06T10:29:35.874125+00:00,00002393_horizontal_flip.jpg,examples/dataset/images/horizontal_flip_0071_00002393_horizontal_flip.jpg
244be29c-32b7-416e-af36-f351d1835a43,4a983970-5b9d-4755-9dc7-087a39d96a26,Lounge,Modern White,Home Theater,Natural Daylight,Neutral,"Sofas, Shelves, Table, Lighting Fixtures",submitted,scaled_crop,2026-04-06T10:29:38.173675+00:00,00001412_scaled_crop.jpg,examples/dataset/images/scaled_crop_0072_00001412_scaled_crop.jpg
d266a4ff-168a-4eb1-bff0-74f9ab60606e,4a983970-5b9d-4755-9dc7-087a39d96a26,Lounge,Modern White,Home Theater,Natural Daylight,Neutral,"Sofas, Shelves, Table, Lighting Fixtures",submitted,horizontal_flip,2026-04-06T10:29:38.716505+00:00,00001412_horizontal_flip.jpg,examples/dataset/images/horizontal_flip_0073_00001412_horizontal_flip.jpg
84c6bebd-0a84-4291-b2c4-0757776722bb,68f07242-3362-4370-821f-cf31b76f3c70,Dining Room,Sleek Charcoal,Formal,Natural Daylight,Dark Mode,"Shelves, Table, Lighting Fixtures",submitted,scaled_crop,2026-04-06T10:29:41.340571+00:00,00001548_scaled_crop.jpg,examples/dataset/images/scaled_crop_0074_00001548_scaled_crop.jpg
238923f8-cc5d-47a8-83fa-25bed84c3f00,68f07242-3362-4370-821f-cf31b76f3c70,Dining Room,Sleek Charcoal,Formal,Natural Daylight,Dark Mode,"Shelves, Table, Lighting Fixtures",submitted,horizontal_flip,2026-04-06T10:29:41.867714+00:00,00001548_horizontal_flip.jpg,examples/dataset/images/horizontal_flip_0075_00001548_horizontal_flip.jpg
ad1495fd-331e-4cca-b643-3ae3063e16b9,2b235bb7-9358-49a5-9159-40f5f745ac1b,Kitchen,Sleek Charcoal,Small Family,Warm Indoor Lighting,Warm,"Shelves, Table, Chair",submitted,scaled_crop,2026-04-06T10:29:44.498278+00:00,00003998_scaled_crop.jpg,examples/dataset/images/scaled_crop_0076_00003998_scaled_crop.jpg
5f0e25b3-8133-40b5-a7a2-f3d6c60fb477,2b235bb7-9358-49a5-9159-40f5f745ac1b,Kitchen,Sleek Charcoal,Small Family,Warm Indoor Lighting,Warm,"Shelves, Table, Chair",submitted,horizontal_flip,2026-04-06T10:29:45.062858+00:00,00003998_horizontal_flip.jpg,examples/dataset/images/horizontal_flip_0077_00003998_horizontal_flip.jpg
743baae7-6ada-4129-bb91-68efdec17987,912f8cb6-2fbb-43b7-99ee-4888e7a3f681,Bedroom,Modern White,Master Suite,Natural Daylight,Neutral,"Sofas, Table, Bed, Lighting Fixtures",submitted,scaled_crop,2026-04-06T10:29:47.678298+00:00,00004111_scaled_crop.jpg,examples/dataset/images/scaled_crop_0078_00004111_scaled_crop.jpg
a8502d52-a30d-4b7e-962e-79ca8ba52379,912f8cb6-2fbb-43b7-99ee-4888e7a3f681,Bedroom,Modern White,Master Suite,Natural Daylight,Neutral,"Sofas, Table, Bed, Lighting Fixtures",submitted,horizontal_flip,2026-04-06T10:29:48.238766+00:00,00004111_horizontal_flip.jpg,examples/dataset/images/horizontal_flip_0079_00004111_horizontal_flip.jpg
0270ed4d-9d12-4b79-b169-106136ea9984,48c941cc-3784-4333-8680-ac874a069d65,Dining Room,Earthy Terracotta,Casual Family,Natural Daylight,Warm,"Shelves, Table, Chair, Lighting Fixtures",submitted,scaled_crop,2026-04-06T10:29:50.825389+00:00,00004236_scaled_crop.jpg,examples/dataset/images/scaled_crop_0080_00004236_scaled_crop.jpg
b1b5090a-873d-4b53-959e-d5242de34bf1,48c941cc-3784-4333-8680-ac874a069d65,Dining Room,Earthy Terracotta,Casual Family,Natural Daylight,Warm,"Shelves, Table, Chair, Lighting Fixtures",submitted,horizontal_flip,2026-04-06T10:29:51.369316+00:00,00004236_horizontal_flip.jpg,examples/dataset/images/horizontal_flip_0081_00004236_horizontal_flip.jpg
f2fe7f30-092d-4d6c-b18d-57b7bc984c98,717d1a6b-705e-46e9-87bd-05c60fa13ed7,Dining Room,Earthy Terracotta,Rustic,Warm Indoor Lighting,Warm,"Shelves, Table, Chair, Lighting Fixtures",submitted,scaled_crop,2026-04-06T10:29:53.940301+00:00,00001153_scaled_crop.jpg,examples/dataset/images/scaled_crop_0082_00001153_scaled_crop.jpg
2269b73e-5a65-456f-80b1-7e773bfcca49,717d1a6b-705e-46e9-87bd-05c60fa13ed7,Dining Room,Earthy Terracotta,Rustic,Warm Indoor Lighting,Warm,"Shelves, Table, Chair, Lighting Fixtures",submitted,horizontal_flip,2026-04-06T10:29:54.525021+00:00,00001153_horizontal_flip.jpg,examples/dataset/images/horizontal_flip_0083_00001153_horizontal_flip.jpg
6aff210e-5c1c-4c7f-bb66-bc4512f33199,5eadf86f-cc62-48cb-866d-9b29c467c83b,Lounge,Modern White,Formal Entertaining,Natural Daylight,Neutral,"Sofas, Table, Chair, Lighting Fixtures",submitted,scaled_crop,2026-04-06T10:29:57.156026+00:00,00003409_scaled_crop.jpg,examples/dataset/images/scaled_crop_0084_00003409_scaled_crop.jpg
6c991659-ac8a-4250-8c8b-6021b3cd4f0f,5eadf86f-cc62-48cb-866d-9b29c467c83b,Lounge,Modern White,Formal Entertaining,Natural Daylight,Neutral,"Sofas, Table, Chair, Lighting Fixtures",submitted,horizontal_flip,2026-04-06T10:29:57.741887+00:00,00003409_horizontal_flip.jpg,examples/dataset/images/horizontal_flip_0085_00003409_horizontal_flip.jpg
33a57867-b80b-4b1b-a066-0a8d93874d15,be58cbc9-d1df-44da-94f4-7de68021ac66,Lounge,Soft Beige,Cozy Family,Warm Indoor Lighting,Neutral,"Sofas, Table, Lighting Fixtures",submitted,scaled_crop,2026-04-06T10:30:00.392626+00:00,00003605_scaled_crop.jpg,examples/dataset/images/scaled_crop_0086_00003605_scaled_crop.jpg
3c799f2f-d05b-40ea-a0ec-db3bd288fb40,be58cbc9-d1df-44da-94f4-7de68021ac66,Lounge,Soft Beige,Cozy Family,Warm Indoor Lighting,Neutral,"Sofas, Table, Lighting Fixtures",submitted,horizontal_flip,2026-04-06T10:30:01.061299+00:00,00003605_horizontal_flip.jpg,examples/dataset/images/horizontal_flip_0087_00003605_horizontal_flip.jpg
d6fa8d28-d08f-4991-b452-283f28524a64,00d69973-1e35-4f62-9174-1f070cf1b35a,Lounge,Soft Beige,Cozy Family,LED Office Lighting,Pastel,"Desks, Sofas, Table, Lighting Fixtures, Plants, Partitions",submitted,scaled_crop,2026-04-06T10:30:03.703158+00:00,00003701_scaled_crop.jpg,examples/dataset/images/scaled_crop_0088_00003701_scaled_crop.jpg
687e29fb-24ff-4647-aa79-53c86eaf7796,00d69973-1e35-4f62-9174-1f070cf1b35a,Lounge,Soft Beige,Cozy Family,LED Office Lighting,Pastel,"Desks, Sofas, Table, Lighting Fixtures, Plants, Partitions",submitted,horizontal_flip,2026-04-06T10:30:04.333721+00:00,00003701_horizontal_flip.jpg,examples/dataset/images/horizontal_flip_0089_00003701_horizontal_flip.jpg
479c3ca0-82b2-4312-a178-d6f09bf945ef,2974e9d0-32ab-49ba-b4d1-b1cc65619239,Bedroom,Emerald Green,Adults,Natural Daylight,Neutral,"Table, Bed, Lighting Fixtures",submitted,scaled_crop,2026-04-06T10:30:07.071012+00:00,00003801_scaled_crop.jpg,examples/dataset/images/scaled_crop_0090_00003801_scaled_crop.jpg
c6f171ea-c127-4f52-9ea2-30fa59367475,2974e9d0-32ab-49ba-b4d1-b1cc65619239,Bedroom,Emerald Green,Adults,Natural Daylight,Neutral,"Table, Bed, Lighting Fixtures",submitted,horizontal_flip,2026-04-06T10:30:07.632974+00:00,00003801_horizontal_flip.jpg,examples/dataset/images/horizontal_flip_0091_00003801_horizontal_flip.jpg
2729199f-69f4-4401-ba3f-a89d2dcccab6,1ca51752-2402-4525-b455-2611f4fdc38e,Lounge,Soft Beige,Cozy Family,Warm Indoor Lighting,Neutral,"Desks, Sofas, Table, Chair, Lighting Fixtures",submitted,scaled_crop,2026-04-06T10:30:10.190409+00:00,00002351_scaled_crop.jpg,examples/dataset/images/scaled_crop_0092_00002351_scaled_crop.jpg
f6732254-7145-445e-ae3c-98ea44884da7,1ca51752-2402-4525-b455-2611f4fdc38e,Lounge,Soft Beige,Cozy Family,Warm Indoor Lighting,Neutral,"Desks, Sofas, Table, Chair, Lighting Fixtures",submitted,horizontal_flip,2026-04-06T10:30:11.326648+00:00,00002351_horizontal_flip.jpg,examples/dataset/images/horizontal_flip_0093_00002351_horizontal_flip.jpg
60682a53-a128-4683-b024-da20bec3f53f,c62ded64-a87d-481e-8a9b-5aa13000d566,Lounge,Modern White,Formal Entertaining,LED Office Lighting,Neutral,"Sofas, Table, Chair, Lighting Fixtures",submitted,scaled_crop,2026-04-06T10:30:14.114395+00:00,00002396_scaled_crop.jpg,examples/dataset/images/scaled_crop_0094_00002396_scaled_crop.jpg
eaca2524-9ddc-403f-b96f-40be14f3d49a,c62ded64-a87d-481e-8a9b-5aa13000d566,Lounge,Modern White,Formal Entertaining,LED Office Lighting,Neutral,"Sofas, Table, Chair, Lighting Fixtures",submitted,horizontal_flip,2026-04-06T10:30:14.676725+00:00,00002396_horizontal_flip.jpg,examples/dataset/images/horizontal_flip_0095_00002396_horizontal_flip.jpg
b6a29a05-aed7-49c5-8f7e-d12c85e960c9,1c627b08-1ba0-4792-a1dc-6f7c0a4b298c,Lounge,Soft Beige,Cozy Family,Natural Daylight,Neutral,"Sofas, Table, Plants",submitted,scaled_crop,2026-04-06T10:30:17.520604+00:00,00003844_scaled_crop.jpg,examples/dataset/images/scaled_crop_0096_00003844_scaled_crop.jpg
a88fdb3a-7ca1-4a15-a75c-34c39de7d00f,1c627b08-1ba0-4792-a1dc-6f7c0a4b298c,Lounge,Soft Beige,Cozy Family,Natural Daylight,Neutral,"Sofas, Table, Plants",submitted,horizontal_flip,2026-04-06T10:30:18.111662+00:00,00003844_horizontal_flip.jpg,examples/dataset/images/horizontal_flip_0097_00003844_horizontal_flip.jpg
08056e9b-5162-4e5c-9697-5c89ee5a5160,178c6283-64e5-4ed1-bbba-1f5d2a246eb6,Dining Room,Pastel Pink,Elegant Party,Warm Indoor Lighting,Pastel,"Table, Chair, Lighting Fixtures, Plants",submitted,scaled_crop,2026-04-06T10:30:20.858259+00:00,00004118_scaled_crop.jpg,examples/dataset/images/scaled_crop_0098_00004118_scaled_crop.jpg
17494632-945e-431c-8e70-318fc17b182d,178c6283-64e5-4ed1-bbba-1f5d2a246eb6,Dining Room,Pastel Pink,Elegant Party,Warm Indoor Lighting,Pastel,"Table, Chair, Lighting Fixtures, Plants",submitted,horizontal_flip,2026-04-06T10:30:21.399238+00:00,00004118_horizontal_flip.jpg,examples/dataset/images/horizontal_flip_0099_00004118_horizontal_flip.jpg
f1396563-67b5-44dc-aa97-e15bab10a13d,4bdad38f-038b-44d7-ab64-b7f29f00523e,Lounge,Soft Beige,Cozy Family,Natural Daylight,Warm,"Sofas, Table, Plants",submitted,scaled_crop,2026-04-06T10:30:23.174838+00:00,00004243_scaled_crop.jpg,examples/dataset/images/scaled_crop_0100_00004243_scaled_crop.jpg
d39f31d6-6510-416f-8e9d-6f9045089931,4bdad38f-038b-44d7-ab64-b7f29f00523e,Lounge,Soft Beige,Cozy Family,Natural Daylight,Warm,"Sofas, Table, Plants",submitted,horizontal_flip,2026-04-06T10:30:23.747948+00:00,00004243_horizontal_flip.jpg,examples/dataset/images/horizontal_flip_0101_00004243_horizontal_flip.jpg
68a03ffa-3a81-40ed-8848-9b23a7dca9ee,48796cc2-e1f6-4492-805e-c0e657743be2,Dining Room,Modern White,Formal,Natural Daylight,Neutral,"Sofas, Chair",submitted,scaled_crop,2026-04-06T10:30:26.377988+00:00,00000304_scaled_crop.jpg,examples/dataset/images/scaled_crop_0102_00000304_scaled_crop.jpg
21b271b6-e901-4dfe-b51b-b662da4c0062,48796cc2-e1f6-4492-805e-c0e657743be2,Dining Room,Modern White,Formal,Natural Daylight,Neutral,"Sofas, Chair",submitted,horizontal_flip,2026-04-06T10:30:26.922796+00:00,00000304_horizontal_flip.jpg,examples/dataset/images/horizontal_flip_0103_00000304_horizontal_flip.jpg
5e405f0e-df39-4d9d-86e1-cb253f8e0c31,99c44c4f-4eca-4e8c-9611-4ab7c0c73e4a,Lounge,Modern White,Formal Entertaining,Natural Daylight,Neutral,"Sofas, Shelves, Table, Lighting Fixtures",submitted,scaled_crop,2026-04-06T10:30:29.895025+00:00,00003415_scaled_crop.jpg,examples/dataset/images/scaled_crop_0104_00003415_scaled_crop.jpg
b295dc00-a175-4a62-bef5-f106915b2851,99c44c4f-4eca-4e8c-9611-4ab7c0c73e4a,Lounge,Modern White,Formal Entertaining,Natural Daylight,Neutral,"Sofas, Shelves, Table, Lighting Fixtures",submitted,horizontal_flip,2026-04-06T10:30:30.491991+00:00,00003415_horizontal_flip.jpg,examples/dataset/images/horizontal_flip_0105_00003415_horizontal_flip.jpg
a1bba5f6-1152-4c5c-aecd-e126bf564d53,806a0bf4-ef27-4827-b4c4-fa505afd57b9,Lounge,Modern White,Home Theater,Warm Indoor Lighting,Neutral,"Sofas, Table, Plants",submitted,scaled_crop,2026-04-06T10:30:33.678921+00:00,00001198_scaled_crop.jpg,examples/dataset/images/scaled_crop_0106_00001198_scaled_crop.jpg
4768ac85-856f-40a1-8a35-6025f4b22761,806a0bf4-ef27-4827-b4c4-fa505afd57b9,Lounge,Modern White,Home Theater,Warm Indoor Lighting,Neutral,"Sofas, Table, Plants",submitted,horizontal_flip,2026-04-06T10:30:34.202063+00:00,00001198_horizontal_flip.jpg,examples/dataset/images/horizontal_flip_0107_00001198_horizontal_flip.jpg
2442cc78-50a4-4c3e-b39a-8f35acdbc438,a0295601-916d-4cbd-bdf9-643acb5115ac,Lounge,Earthy Terracotta,Cozy Family,Warm Indoor Lighting,Warm,"Sofas, Table, Lighting Fixtures",submitted,scaled_crop,2026-04-06T10:30:36.930744+00:00,00002292_scaled_crop.jpg,examples/dataset/images/scaled_crop_0108_00002292_scaled_crop.jpg
451c3fda-75cb-48f9-93e1-21a94f4ff4af,a0295601-916d-4cbd-bdf9-643acb5115ac,Lounge,Earthy Terracotta,Cozy Family,Warm Indoor Lighting,Warm,"Sofas, Table, Lighting Fixtures",submitted,horizontal_flip,2026-04-06T10:30:37.492291+00:00,00002292_horizontal_flip.jpg,examples/dataset/images/horizontal_flip_0109_00002292_horizontal_flip.jpg
deb0ddd1-9480-4f43-a854-9f24aa209766,a387b34b-029f-4f65-8e02-a14ac44be84b,Kitchen,Modern White,Small Family,LED Office Lighting,Neutral,"Shelves, Table, Chair, Lighting Fixtures",submitted,scaled_crop,2026-04-06T10:30:40.07697+00:00,00003702_scaled_crop.jpg,examples/dataset/images/scaled_crop_0110_00003702_scaled_crop.jpg
8a3858c2-664d-4277-a122-845d98febfa1,a387b34b-029f-4f65-8e02-a14ac44be84b,Kitchen,Modern White,Small Family,LED Office Lighting,Neutral,"Shelves, Table, Chair, Lighting Fixtures",submitted,horizontal_flip,2026-04-06T10:30:40.635819+00:00,00003702_horizontal_flip.jpg,examples/dataset/images/horizontal_flip_0111_00003702_horizontal_flip.jpg
cd5290b6-3dc5-40e7-b0b4-b2871e433b50,d8831797-76bf-4045-9801-a483bf9ff436,Lounge,Soft Beige,Cozy Family,Natural Daylight,Warm,"Sofas, Table, Lighting Fixtures, Plants",submitted,scaled_crop,2026-04-06T10:30:49.114133+00:00,00003805_scaled_crop.jpg,examples/dataset/images/scaled_crop_0112_00003805_scaled_crop.jpg
e27f7f32-6e29-48bc-bdf3-7ae1b069fcb1,d8831797-76bf-4045-9801-a483bf9ff436,Lounge,Soft Beige,Cozy Family,Natural Daylight,Warm,"Sofas, Table, Lighting Fixtures, Plants",submitted,horizontal_flip,2026-04-06T10:30:49.663843+00:00,00003805_horizontal_flip.jpg,examples/dataset/images/horizontal_flip_0113_00003805_horizontal_flip.jpg
1b3ffe6a-eb7e-43e8-b052-19d3363f88a4,61216066-db5e-4efa-ac09-50d225f65b13,Lounge,Modern White,Formal Entertaining,LED Office Lighting,Neutral,"Sofas, Shelves, Table, Chair, Lighting Fixtures",submitted,scaled_crop,2026-04-06T10:30:52.538992+00:00,00002355_scaled_crop.jpg,examples/dataset/images/scaled_crop_0114_00002355_scaled_crop.jpg
930176b7-7093-490e-b048-b057e53aae1e,61216066-db5e-4efa-ac09-50d225f65b13,Lounge,Modern White,Formal Entertaining,LED Office Lighting,Neutral,"Sofas, Shelves, Table, Chair, Lighting Fixtures",submitted,horizontal_flip,2026-04-06T10:30:53.08773+00:00,00002355_horizontal_flip.jpg,examples/dataset/images/horizontal_flip_0115_00002355_horizontal_flip.jpg
3d48ecf6-a6d2-416d-9919-680b4bad8f38,efa9bcae-5009-47c5-91e8-1d1c7b57b33c,Dining Room,Earthy Terracotta,Rustic,Warm Indoor Lighting,Neutral,"Table, Chair, Lighting Fixtures",submitted,scaled_crop,2026-04-06T10:30:56.650879+00:00,00002356_scaled_crop.jpg,examples/dataset/images/scaled_crop_0116_00002356_scaled_crop.jpg
7268a96e-bb28-483e-b854-801458d4f7fd,efa9bcae-5009-47c5-91e8-1d1c7b57b33c,Dining Room,Earthy Terracotta,Rustic,Warm Indoor Lighting,Neutral,"Table, Chair, Lighting Fixtures",submitted,horizontal_flip,2026-04-06T10:30:57.189497+00:00,00002356_horizontal_flip.jpg,examples/dataset/images/horizontal_flip_0117_00002356_horizontal_flip.jpg
81d2513b-5f00-4fe9-8db2-70f3d7d79582,c4edd679-858d-4f4c-9235-09c1637e1741,Lounge,Modern White,Cozy Family,LED Office Lighting,Neutral,"Sofas, Shelves, Table, Lighting Fixtures, Plants",submitted,scaled_crop,2026-04-06T10:30:59.891362+00:00,00002398_scaled_crop.jpg,examples/dataset/images/scaled_crop_0118_00002398_scaled_crop.jpg
e87af809-16e5-4642-adad-36131d729ef7,c4edd679-858d-4f4c-9235-09c1637e1741,Lounge,Modern White,Cozy Family,LED Office Lighting,Neutral,"Sofas, Shelves, Table, Lighting Fixtures, Plants",submitted,horizontal_flip,2026-04-06T10:31:00.472158+00:00,00002398_horizontal_flip.jpg,examples/dataset/images/horizontal_flip_0119_00002398_horizontal_flip.jpg
4f81e62b-adb7-4807-8253-5039a0765144,cf9c718a-e8b6-4172-8c86-ae913a74e73a,Dining Room,Modern White,Casual Family,LED Office Lighting,Neutral,"Table, Chair, Plants",submitted,scaled_crop,2026-04-06T10:31:03.224849+00:00,00002399_scaled_crop.jpg,examples/dataset/images/scaled_crop_0120_00002399_scaled_crop.jpg
357f7431-751c-4b7d-8ffa-823f75d741bb,cf9c718a-e8b6-4172-8c86-ae913a74e73a,Dining Room,Modern White,Casual Family,LED Office Lighting,Neutral,"Table, Chair, Plants",submitted,horizontal_flip,2026-04-06T10:31:07.174794+00:00,00002399_horizontal_flip.jpg,examples/dataset/images/horizontal_flip_0121_00002399_horizontal_flip.jpg
cb595387-83c4-4bc1-b6db-677a9233b2f3,1a4ff012-49f7-4f33-a402-a542ac337ca0,Kitchen,Modern White,Small Family,Natural Daylight,Neutral,"Shelves, Table, Chair, Plants",submitted,scaled_crop,2026-04-06T10:31:10.014394+00:00,00001418_scaled_crop.jpg,examples/dataset/images/scaled_crop_0122_00001418_scaled_crop.jpg
90a4b496-0123-4822-abd3-d0d08f256451,1a4ff012-49f7-4f33-a402-a542ac337ca0,Kitchen,Modern White,Small Family,Natural Daylight,Neutral,"Shelves, Table, Chair, Plants",submitted,horizontal_flip,2026-04-06T10:31:10.566331+00:00,00001418_horizontal_flip.jpg,examples/dataset/images/horizontal_flip_0123_00001418_horizontal_flip.jpg
88a06b38-45d1-4e4d-8b5e-e4f9973e9313,ef09299f-68a4-4a88-9a79-7f2230b2db47,Kitchen,Modern White,Open Concept,Natural Daylight,Neutral,"Shelves, Table, Chair, Lighting Fixtures",submitted,scaled_crop,2026-04-06T10:31:13.224303+00:00,00004125_scaled_crop.jpg,examples/dataset/images/scaled_crop_0124_00004125_scaled_crop.jpg
4d1c5b15-0258-4a1a-92d0-9dffb991c597,ef09299f-68a4-4a88-9a79-7f2230b2db47,Kitchen,Modern White,Open Concept,Natural Daylight,Neutral,"Shelves, Table, Chair, Lighting Fixtures",submitted,horizontal_flip,2026-04-06T10:31:13.775726+00:00,00004125_horizontal_flip.jpg,examples/dataset/images/horizontal_flip_0125_00004125_horizontal_flip.jpg
43cc3f1b-f7a4-43d3-9e32-e3e1e61abd7e,560f6baa-c589-4289-8152-d8610e094f53,Lounge,Soft Beige,Cozy Family,Natural Daylight,Warm,"Table, Chair, Plants",submitted,scaled_crop,2026-04-06T10:31:16.468889+00:00,00000100_scaled_crop.jpg,examples/dataset/images/scaled_crop_0126_00000100_scaled_crop.jpg
287e8b0c-a53b-487d-a62d-e41e35cd5672,560f6baa-c589-4289-8152-d8610e094f53,Lounge,Soft Beige,Cozy Family,Natural Daylight,Warm,"Table, Chair, Plants",submitted,horizontal_flip,2026-04-06T10:31:17.049114+00:00,00000100_horizontal_flip.jpg,examples/dataset/images/horizontal_flip_0127_00000100_horizontal_flip.jpg
b4aff01e-1b0d-474c-9459-8d2f86c4086f,015a8419-9593-4725-8b6d-cb088c47520f,Kitchen,Modern White,Modern Minimalist,Natural Daylight,Neutral,"Chair, Plants",submitted,scaled_crop,2026-04-06T10:31:19.786913+00:00,00000571_scaled_crop.jpg,examples/dataset/images/scaled_crop_0128_00000571_scaled_crop.jpg
c6ae0a86-8c6f-419b-b146-246a7c92203f,015a8419-9593-4725-8b6d-cb088c47520f,Kitchen,Modern White,Modern Minimalist,Natural Daylight,Neutral,"Chair, Plants",submitted,horizontal_flip,2026-04-06T10:31:20.563064+00:00,00000571_horizontal_flip.jpg,examples/dataset/images/horizontal_flip_0129_00000571_horizontal_flip.jpg
02698fea-c1df-4ad3-b794-4f07444289df,8215302d-abbb-4086-b09e-b0e56ae77cf2,Lounge,Modern White,Cozy Family,Natural Daylight,Neutral,"Sofas, Shelves, Table, Lighting Fixtures",submitted,scaled_crop,2026-04-06T10:31:22.189055+00:00,00003419_scaled_crop.jpg,examples/dataset/images/scaled_crop_0130_00003419_scaled_crop.jpg
64916672-8725-458c-9874-30d6cbca4e24,8215302d-abbb-4086-b09e-b0e56ae77cf2,Lounge,Modern White,Cozy Family,Natural Daylight,Neutral,"Sofas, Shelves, Table, Lighting Fixtures",submitted,horizontal_flip,2026-04-06T10:31:22.732368+00:00,00003419_horizontal_flip.jpg,examples/dataset/images/horizontal_flip_0131_00003419_horizontal_flip.jpg
35c239f6-7d94-451f-919e-ee2c6eaaeab3,3345673e-908e-4432-a6ad-d9f7fc3e1c18,Bedroom,Sleek Charcoal,Couple,Natural Daylight,Neutral,"Table, Bed, Lighting Fixtures",submitted,scaled_crop,2026-04-06T10:31:25.587864+00:00,00003518_scaled_crop.jpg,examples/dataset/images/scaled_crop_0132_00003518_scaled_crop.jpg
7ddc60de-e5df-405c-ad4d-db104a8437ab,3345673e-908e-4432-a6ad-d9f7fc3e1c18,Bedroom,Sleek Charcoal,Couple,Natural Daylight,Neutral,"Table, Bed, Lighting Fixtures",submitted,horizontal_flip,2026-04-06T10:31:26.153511+00:00,00003518_horizontal_flip.jpg,examples/dataset/images/horizontal_flip_0133_00003518_horizontal_flip.jpg
3740bbd9-05ac-49bb-9115-297db3c08648,6395b937-adec-4b5f-905c-e196256d8ff8,Dining Room,Modern White,Casual Family,Natural Daylight,Neutral,"Table, Chair, Lighting Fixtures, Partitions",submitted,scaled_crop,2026-04-06T10:31:29.037052+00:00,00003612_scaled_crop.jpg,examples/dataset/images/scaled_crop_0134_00003612_scaled_crop.jpg
ee388417-582e-42d7-b497-b6332f66a194,6395b937-adec-4b5f-905c-e196256d8ff8,Dining Room,Modern White,Casual Family,Natural Daylight,Neutral,"Table, Chair, Lighting Fixtures, Partitions",submitted,horizontal_flip,2026-04-06T10:31:29.634652+00:00,00003612_horizontal_flip.jpg,examples/dataset/images/horizontal_flip_0135_00003612_horizontal_flip.jpg
02eb7d34-a1fc-44b3-a83c-afb56ac2763c,3fcde035-61f5-4672-a792-8614b5b814e0,Lounge,Sleek Charcoal,Home Theater,Warm Indoor Lighting,Dark Mode,"Sofas, Shelves, Table",submitted,scaled_crop,2026-04-06T10:31:31.542493+00:00,00001202_scaled_crop.jpg,examples/dataset/images/scaled_crop_0136_00001202_scaled_crop.jpg
f89dab00-8c26-434a-8815-8e244419f1e2,3fcde035-61f5-4672-a792-8614b5b814e0,Lounge,Sleek Charcoal,Home Theater,Warm Indoor Lighting,Dark Mode,"Sofas, Shelves, Table",submitted,horizontal_flip,2026-04-06T10:31:32.154614+00:00,00001202_horizontal_flip.jpg,examples/dataset/images/horizontal_flip_0137_00001202_horizontal_flip.jpg
7f21f87c-c4aa-412a-af95-65f09fe8a9ca,ee9f8ce9-8703-41ff-a999-26b975bd0a6c,Lounge,Soft Beige,Formal Entertaining,Natural Daylight,Pastel,"Sofas, Table, Chair, Lighting Fixtures, Plants",submitted,scaled_crop,2026-04-06T10:31:34.967392+00:00,00003705_scaled_crop.jpg,examples/dataset/images/scaled_crop_0138_00003705_scaled_crop.jpg
8de7e7f5-376f-464b-8766-57480c322731,ee9f8ce9-8703-41ff-a999-26b975bd0a6c,Lounge,Soft Beige,Formal Entertaining,Natural Daylight,Pastel,"Sofas, Table, Chair, Lighting Fixtures, Plants",submitted,horizontal_flip,2026-04-06T10:31:35.551327+00:00,00003705_horizontal_flip.jpg,examples/dataset/images/horizontal_flip_0139_00003705_horizontal_flip.jpg
a899c21e-9cad-42d3-b27d-e33def84fab4,4001c1eb-180c-4aff-887b-b48c0cfb268b,Bedroom,Soft Beige,Master Suite,Natural Daylight,Warm,"Sofas, Shelves, Table, Chair, Bed, Lighting Fixtures",submitted,scaled_crop,2026-04-06T10:31:37.408259+00:00,00003811_scaled_crop.jpg,examples/dataset/images/scaled_crop_0140_00003811_scaled_crop.jpg
962247d3-8670-4a58-9e93-2c7c2d01ca04,4001c1eb-180c-4aff-887b-b48c0cfb268b,Bedroom,Soft Beige,Master Suite,Natural Daylight,Warm,"Sofas, Shelves, Table, Chair, Bed, Lighting Fixtures",submitted,horizontal_flip,2026-04-06T10:31:37.990493+00:00,00003811_horizontal_flip.jpg,examples/dataset/images/horizontal_flip_0141_00003811_horizontal_flip.jpg
7e7b68ab-1203-48ae-ac86-0ad7fbe2912a,2523a8cf-f7d1-4773-9c37-6ef6c344003a,Kitchen,Sleek Charcoal,Small Family,LED Office Lighting,Neutral,"Shelves, Partitions",submitted,scaled_crop,2026-04-06T10:31:40.591267+00:00,00002359_scaled_crop.jpg,examples/dataset/images/scaled_crop_0142_00002359_scaled_crop.jpg
4f02af41-c9b0-468d-ab5e-922a5b740d5e,2523a8cf-f7d1-4773-9c37-6ef6c344003a,Kitchen,Sleek Charcoal,Small Family,LED Office Lighting,Neutral,"Shelves, Partitions",submitted,horizontal_flip,2026-04-06T10:31:41.150235+00:00,00002359_horizontal_flip.jpg,examples/dataset/images/horizontal_flip_0143_00002359_horizontal_flip.jpg
b4c5a24b-804c-421a-a089-845d7fb9e42d,be0b8ba2-4000-4248-a2e1-d0ed46a4b4ac,Bedroom,Emerald Green,Couple,Natural Daylight,Neutral,"Shelves, Table, Bed, Lighting Fixtures, Plants",submitted,scaled_crop,2026-04-06T10:31:43.869962+00:00,00003850_scaled_crop.jpg,examples/dataset/images/scaled_crop_0144_00003850_scaled_crop.jpg
7cbd51b1-05b4-4f50-b3b6-d635a6a5c4df,be0b8ba2-4000-4248-a2e1-d0ed46a4b4ac,Bedroom,Emerald Green,Couple,Natural Daylight,Neutral,"Shelves, Table, Bed, Lighting Fixtures, Plants",submitted,horizontal_flip,2026-04-06T10:31:44.489848+00:00,00003850_horizontal_flip.jpg,examples/dataset/images/horizontal_flip_0145_00003850_horizontal_flip.jpg
87ac251e-533e-47e0-9014-dffcccc8dc8a,0c8e142f-8f3c-4cb8-ae2f-f42f471b088e,Lounge,Modern White,Formal Entertaining,Natural Daylight,Neutral,"Sofas, Shelves, Table, Lighting Fixtures, Plants",submitted,scaled_crop,2026-04-06T10:31:47.269731+00:00,00004128_scaled_crop.jpg,examples/dataset/images/scaled_crop_0146_00004128_scaled_crop.jpg
2c776537-26d7-4256-b974-b56f0ed3f165,0c8e142f-8f3c-4cb8-ae2f-f42f471b088e,Lounge,Modern White,Formal Entertaining,Natural Daylight,Neutral,"Sofas, Shelves, Table, Lighting Fixtures, Plants",submitted,horizontal_flip,2026-04-06T10:31:47.822985+00:00,00004128_horizontal_flip.jpg,examples/dataset/images/horizontal_flip_0147_00004128_horizontal_flip.jpg
7c07883a-7b9c-4615-98a3-605f2867b3d0,6d30d615-f349-427b-92e7-fdc809a34bb5,Dining Room,Soft Beige,Casual Family,Natural Daylight,Warm,"Table, Chair, Lighting Fixtures, Plants",submitted,scaled_crop,2026-04-06T10:31:50.692553+00:00,00004251_scaled_crop.jpg,examples/dataset/images/scaled_crop_0148_00004251_scaled_crop.jpg
fd262615-fa3a-4a35-840c-f55231b3797d,6d30d615-f349-427b-92e7-fdc809a34bb5,Dining Room,Soft Beige,Casual Family,Natural Daylight,Warm,"Table, Chair, Lighting Fixtures, Plants",submitted,horizontal_flip,2026-04-06T10:31:51.250585+00:00,00004251_horizontal_flip.jpg,examples/dataset/images/horizontal_flip_0149_00004251_horizontal_flip.jpg
a344d760-d7b2-4b53-8bb6-f45f5e12f7fb,27f46e6b-0c56-4911-81c3-38b57c1a9a0b,Dining Room,Soft Beige,Elegant Party,Warm Indoor Lighting,Warm,"Table, Chair, Lighting Fixtures",submitted,scaled_crop,2026-04-06T10:31:53.553078+00:00,00000331_scaled_crop.jpg,examples/dataset/images/scaled_crop_0150_00000331_scaled_crop.jpg
22cad058-a539-4159-bd45-d7f1c8b725e8,27f46e6b-0c56-4911-81c3-38b57c1a9a0b,Dining Room,Soft Beige,Elegant Party,Warm Indoor Lighting,Warm,"Table, Chair, Lighting Fixtures",submitted,horizontal_flip,2026-04-06T10:31:54.12118+00:00,00000331_horizontal_flip.jpg,examples/dataset/images/horizontal_flip_0151_00000331_horizontal_flip.jpg
bcfb96bb-dd4a-4af8-9531-ad2e49dce0e0,3c54fb83-e2dd-4451-9228-a97cddf7dfd2,Lounge,Modern White,Formal Entertaining,Natural Daylight,Neutral,"Sofas, Table, Lighting Fixtures",submitted,scaled_crop,2026-04-06T10:31:56.730834+00:00,00003522_scaled_crop.jpg,examples/dataset/images/scaled_crop_0152_00003522_scaled_crop.jpg
ce91a913-a3ee-42bf-be73-679dcd90cc06,3c54fb83-e2dd-4451-9228-a97cddf7dfd2,Lounge,Modern White,Formal Entertaining,Natural Daylight,Neutral,"Sofas, Table, Lighting Fixtures",submitted,horizontal_flip,2026-04-06T10:31:57.302433+00:00,00003522_horizontal_flip.jpg,examples/dataset/images/horizontal_flip_0153_00003522_horizontal_flip.jpg
ad8c0d66-ec41-4d8d-b6fc-6fe0f027e5b8,779d4104-d259-44c9-adf0-ec7483452331,Lounge,Soft Beige,Formal Entertaining,Warm Indoor Lighting,Warm,"Sofas, Table, Lighting Fixtures",submitted,scaled_crop,2026-04-06T10:31:59.348927+00:00,00003619_scaled_crop.jpg,examples/dataset/images/scaled_crop_0154_00003619_scaled_crop.jpg
78aa7998-9882-42d0-8ad4-4bf70cc81127,779d4104-d259-44c9-adf0-ec7483452331,Lounge,Soft Beige,Formal Entertaining,Warm Indoor Lighting,Warm,"Sofas, Table, Lighting Fixtures",submitted,horizontal_flip,2026-04-06T10:31:59.929326+00:00,00003619_horizontal_flip.jpg,examples/dataset/images/horizontal_flip_0155_00003619_horizontal_flip.jpg
1e8de604-e0e0-401d-ac9d-f9499e8e51f3,d0a85277-9bc7-4cae-92fd-f46801beb41f,Kitchen,Sleek Charcoal,Industrial Loft,Warm Indoor Lighting,Neutral,"Shelves, Chair, Lighting Fixtures",submitted,scaled_crop,2026-04-06T10:32:02.645854+00:00,00001218_scaled_crop.jpg,examples/dataset/images/scaled_crop_0156_00001218_scaled_crop.jpg
e86fb2d6-be35-41ed-91ea-3b2927360b0e,d0a85277-9bc7-4cae-92fd-f46801beb41f,Kitchen,Sleek Charcoal,Industrial Loft,Warm Indoor Lighting,Neutral,"Shelves, Chair, Lighting Fixtures",submitted,horizontal_flip,2026-04-06T10:32:03.247559+00:00,00001218_horizontal_flip.jpg,examples/dataset/images/horizontal_flip_0157_00001218_horizontal_flip.jpg
8e4563f6-3f7b-42b5-8ce3-8253c315e7a5,a53886c6-bcbb-410b-95f8-74a1480a240e,Lounge,Royal Blue,Formal Entertaining,Natural Daylight,Neutral,"Sofas, Table, Plants, Partitions",submitted,scaled_crop,2026-04-06T10:32:05.84612+00:00,00002297_scaled_crop.jpg,examples/dataset/images/scaled_crop_0158_00002297_scaled_crop.jpg
b55f2920-0671-499c-bd66-5d63dacf631e,a53886c6-bcbb-410b-95f8-74a1480a240e,Lounge,Royal Blue,Formal Entertaining,Natural Daylight,Neutral,"Sofas, Table, Plants, Partitions",submitted,horizontal_flip,2026-04-06T10:32:06.402137+00:00,00002297_horizontal_flip.jpg,examples/dataset/images/horizontal_flip_0159_00002297_horizontal_flip.jpg
a16e83c9-ddad-401e-b610-e25bba0edcc1,bab37ca2-efb0-4638-9e30-63a85e894040,Bedroom,Sleek Charcoal,Couple,Warm Indoor Lighting,Neutral,"Sofas, Table, Bed, Lighting Fixtures, Plants",submitted,scaled_crop,2026-04-06T10:32:08.98124+00:00,00003707_scaled_crop.jpg,examples/dataset/images/scaled_crop_0160_00003707_scaled_crop.jpg
24b6e4a0-1518-4614-b8b0-339e4bad9ead,bab37ca2-efb0-4638-9e30-63a85e894040,Bedroom,Sleek Charcoal,Couple,Warm Indoor Lighting,Neutral,"Sofas, Table, Bed, Lighting Fixtures, Plants",submitted,horizontal_flip,2026-04-06T10:32:09.572318+00:00,00003707_horizontal_flip.jpg,examples/dataset/images/horizontal_flip_0161_00003707_horizontal_flip.jpg
32cf4f09-2bd8-442d-ac54-589f64058277,c9e169c6-51dc-4668-804d-75c37d16a15c,Lounge,Modern White,Cozy Family,Warm Indoor Lighting,Warm,"Sofas, Shelves, Table, Lighting Fixtures",submitted,scaled_crop,2026-04-06T10:32:12.156922+00:00,00003821_scaled_crop.jpg,examples/dataset/images/scaled_crop_0162_00003821_scaled_crop.jpg
7eab61c4-ce84-427e-a72a-ebcc96a3f92c,c9e169c6-51dc-4668-804d-75c37d16a15c,Lounge,Modern White,Cozy Family,Warm Indoor Lighting,Warm,"Sofas, Shelves, Table, Lighting Fixtures",submitted,horizontal_flip,2026-04-06T10:32:12.702785+00:00,00003821_horizontal_flip.jpg,examples/dataset/images/horizontal_flip_0163_00003821_horizontal_flip.jpg
7b69885a-8f42-4052-b512-3189dcc98523,bbdc12a7-b513-42e8-8cd2-eac23b07cb46,Lounge,Modern White,Cozy Family,LED Office Lighting,Pastel,"Sofas, Table, Chair",submitted,scaled_crop,2026-04-06T10:32:15.408192+00:00,00002361_scaled_crop.jpg,examples/dataset/images/scaled_crop_0164_00002361_scaled_crop.jpg
b63243a4-95e7-4eca-945a-740bc300a458,bbdc12a7-b513-42e8-8cd2-eac23b07cb46,Lounge,Modern White,Cozy Family,LED Office Lighting,Pastel,"Sofas, Table, Chair",submitted,horizontal_flip,2026-04-06T10:32:15.990451+00:00,00002361_horizontal_flip.jpg,examples/dataset/images/horizontal_flip_0165_00002361_horizontal_flip.jpg
2e566da1-e4fd-4d82-b4e7-4f87989a7f17,881472dc-aecb-497a-8402-774ac987395b,Lounge,Modern White,Cozy Family,LED Office Lighting,Neutral,"Sofas, Table, Chair, Lighting Fixtures, Plants",submitted,scaled_crop,2026-04-06T10:32:18.266277+00:00,00002405_scaled_crop.jpg,examples/dataset/images/scaled_crop_0166_00002405_scaled_crop.jpg
f56daadf-1847-4566-b01a-889e1f2ec69d,881472dc-aecb-497a-8402-774ac987395b,Lounge,Modern White,Cozy Family,LED Office Lighting,Neutral,"Sofas, Table, Chair, Lighting Fixtures, Plants",submitted,horizontal_flip,2026-04-06T10:32:18.838733+00:00,00002405_horizontal_flip.jpg,examples/dataset/images/horizontal_flip_0167_00002405_horizontal_flip.jpg
2024576c-8e18-4720-bc71-d25e1052880b,bd56eb40-907a-45f7-9a89-b453b28a4467,Lounge,Modern White,Cozy Family,Natural Daylight,Neutral,"Sofas, Shelves, Table, Chair, Plants",submitted,scaled_crop,2026-04-06T10:32:21.046612+00:00,00004009_scaled_crop.jpg,examples/dataset/images/scaled_crop_0168_00004009_scaled_crop.jpg
6694e6e1-7520-4937-93e6-49327f7e09d5,bd56eb40-907a-45f7-9a89-b453b28a4467,Lounge,Modern White,Cozy Family,Natural Daylight,Neutral,"Sofas, Shelves, Table, Chair, Plants",submitted,horizontal_flip,2026-04-06T10:32:21.615996+00:00,00004009_horizontal_flip.jpg,examples/dataset/images/horizontal_flip_0169_00004009_horizontal_flip.jpg
7f4e5fd6-2118-47f2-9bfa-dbfa859d4434,ef4c0aae-77e1-4da6-8d3b-27a180aa8a28,Lounge,Soft Beige,Formal Entertaining,Natural Daylight,Warm,"Sofas, Table, Chair, Lighting Fixtures, Plants",submitted,scaled_crop,2026-04-06T10:32:24.471707+00:00,00004136_scaled_crop.jpg,examples/dataset/images/scaled_crop_0170_00004136_scaled_crop.jpg
579d4e96-bf85-481f-9f08-0a462d2566a4,ef4c0aae-77e1-4da6-8d3b-27a180aa8a28,Lounge,Soft Beige,Formal Entertaining,Natural Daylight,Warm,"Sofas, Table, Chair, Lighting Fixtures, Plants",submitted,horizontal_flip,2026-04-06T10:32:25.028818+00:00,00004136_horizontal_flip.jpg,examples/dataset/images/horizontal_flip_0171_00004136_horizontal_flip.jpg
0506c574-d0f6-4833-ac45-ada1fa6ae9bc,d1225541-0be1-4fd1-b091-0da3b2cc0a19,Dining Room,Soft Beige,Formal,Natural Daylight,Neutral,"Table, Chair, Lighting Fixtures",submitted,scaled_crop,2026-04-06T10:32:27.642551+00:00,00003424_scaled_crop.jpg,examples/dataset/images/scaled_crop_0172_00003424_scaled_crop.jpg
02c8195d-ffe1-4363-a173-2c37fafca479,d1225541-0be1-4fd1-b091-0da3b2cc0a19,Dining Room,Soft Beige,Formal,Natural Daylight,Neutral,"Table, Chair, Lighting Fixtures",submitted,horizontal_flip,2026-04-06T10:32:28.190087+00:00,00003424_horizontal_flip.jpg,examples/dataset/images/horizontal_flip_0173_00003424_horizontal_flip.jpg
d7b30b3f-2647-427a-9fe3-a5190050719d,602de103-0091-431c-abd6-b325219253db,Dining Room,Soft Beige,Formal,Warm Indoor Lighting,Neutral,"Shelves, Table, Chair, Lighting Fixtures, Plants",submitted,scaled_crop,2026-04-06T10:32:30.882987+00:00,00003529_scaled_crop.jpg,examples/dataset/images/scaled_crop_0174_00003529_scaled_crop.jpg
b2e34b4c-f535-4d4e-853a-03fc9f74d02b,602de103-0091-431c-abd6-b325219253db,Dining Room,Soft Beige,Formal,Warm Indoor Lighting,Neutral,"Shelves, Table, Chair, Lighting Fixtures, Plants",submitted,horizontal_flip,2026-04-06T10:32:31.44681+00:00,00003529_horizontal_flip.jpg,examples/dataset/images/horizontal_flip_0175_00003529_horizontal_flip.jpg
fe4b18e1-7fe7-47b7-b1f1-1fefe31e2973,ba52fc58-8a45-4956-b237-4dda6a5ad444,Dining Room,Modern White,Formal,Warm Indoor Lighting,Neutral,"Table, Chair, Lighting Fixtures",submitted,scaled_crop,2026-04-06T10:32:33.386034+00:00,00003623_scaled_crop.jpg,examples/dataset/images/scaled_crop_0176_00003623_scaled_crop.jpg
a8802582-5568-410e-adfb-073c7e59d2af,ba52fc58-8a45-4956-b237-4dda6a5ad444,Dining Room,Modern White,Formal,Warm Indoor Lighting,Neutral,"Table, Chair, Lighting Fixtures",submitted,horizontal_flip,2026-04-06T10:32:33.906564+00:00,00003623_horizontal_flip.jpg,examples/dataset/images/horizontal_flip_0177_00003623_horizontal_flip.jpg
81c63453-1535-4282-9049-322ed9a8c39d,5150d686-dc01-43b9-a42e-907c00766ee6,Bedroom,Sleek Charcoal,Guest,Warm Indoor Lighting,Neutral,"Shelves, Bed, Lighting Fixtures, Plants",submitted,scaled_crop,2026-04-06T10:32:36.291583+00:00,00001221_scaled_crop.jpg,examples/dataset/images/scaled_crop_0178_00001221_scaled_crop.jpg
dc9c66bd-0ac2-435c-b2b9-b444954dcb3e,5150d686-dc01-43b9-a42e-907c00766ee6,Bedroom,Sleek Charcoal,Guest,Warm Indoor Lighting,Neutral,"Shelves, Bed, Lighting Fixtures, Plants",submitted,horizontal_flip,2026-04-06T10:32:36.846783+00:00,00001221_horizontal_flip.jpg,examples/dataset/images/horizontal_flip_0179_00001221_horizontal_flip.jpg
c63f4ac1-4448-4b8d-9552-7674dde2a2d9,e6cb4e86-fcbb-4d28-aea8-84ac1d9ef14d,Lounge,Pastel Pink,Cozy Family,Natural Daylight,Pastel,"Sofas, Table, Chair, Lighting Fixtures",submitted,scaled_crop,2026-04-06T10:32:39.400545+00:00,00002300_scaled_crop.jpg,examples/dataset/images/scaled_crop_0180_00002300_scaled_crop.jpg
49a576f9-8ad3-4ff7-97a8-b4e97d1b2c1d,e6cb4e86-fcbb-4d28-aea8-84ac1d9ef14d,Lounge,Pastel Pink,Cozy Family,Natural Daylight,Pastel,"Sofas, Table, Chair, Lighting Fixtures",submitted,horizontal_flip,2026-04-06T10:32:39.975061+00:00,00002300_horizontal_flip.jpg,examples/dataset/images/horizontal_flip_0181_00002300_horizontal_flip.jpg
812200bb-ff28-4a18-a986-389bbb905470,1fc497f8-1ad0-4c34-917d-f3d1086742f7,Lounge,Modern White,Formal Entertaining,Natural Daylight,Neutral,"Sofas, Table, Lighting Fixtures",submitted,scaled_crop,2026-04-06T10:32:42.513664+00:00,00003709_scaled_crop.jpg,examples/dataset/images/scaled_crop_0182_00003709_scaled_crop.jpg
89256c79-12c1-4feb-b492-f58ffc5e9924,1fc497f8-1ad0-4c34-917d-f3d1086742f7,Lounge,Modern White,Formal Entertaining,Natural Daylight,Neutral,"Sofas, Table, Lighting Fixtures",submitted,horizontal_flip,2026-04-06T10:32:43.080733+00:00,00003709_horizontal_flip.jpg,examples/dataset/images/horizontal_flip_0183_00003709_horizontal_flip.jpg
bee8155d-e43e-44bd-85ae-119f9ad9f490,8c0db392-bf0d-47e3-bf09-ba58f5b7e0ef,Dining Room,Modern White,Casual Family,Natural Daylight,Neutral,"Table, Chair, Lighting Fixtures",submitted,scaled_crop,2026-04-06T10:32:45.804232+00:00,00002364_scaled_crop.jpg,examples/dataset/images/scaled_crop_0184_00002364_scaled_crop.jpg
7a3b97fc-d178-4ede-a263-a405359b18f2,8c0db392-bf0d-47e3-bf09-ba58f5b7e0ef,Dining Room,Modern White,Casual Family,Natural Daylight,Neutral,"Table, Chair, Lighting Fixtures",submitted,horizontal_flip,2026-04-06T10:32:46.364743+00:00,00002364_horizontal_flip.jpg,examples/dataset/images/horizontal_flip_0185_00002364_horizontal_flip.jpg
257da516-7bea-484f-bebd-840cb5368274,ecc71548-32d2-4fe8-8d70-e1b7db67f4a4,Dining Room,Modern White,Rustic,Natural Daylight,Neutral,"Table, Chair, Lighting Fixtures, Partitions",submitted,scaled_crop,2026-04-06T10:32:48.678904+00:00,00001429_scaled_crop.jpg,examples/dataset/images/scaled_crop_0186_00001429_scaled_crop.jpg
16a9baf4-1802-4b6e-b59c-ca0174d92c05,ecc71548-32d2-4fe8-8d70-e1b7db67f4a4,Dining Room,Modern White,Rustic,Natural Daylight,Neutral,"Table, Chair, Lighting Fixtures, Partitions",submitted,horizontal_flip,2026-04-06T10:32:49.367824+00:00,00001429_horizontal_flip.jpg,examples/dataset/images/horizontal_flip_0187_00001429_horizontal_flip.jpg
fad6b552-67f2-4a1d-bd0d-b25b0ba0b6b7,f5e0ad14-6d2c-49b6-a83c-4a611549023e,Lounge,Soft Beige,Cozy Family,Natural Daylight,Warm,"Sofas, Shelves, Table, Chair, Plants",submitted,scaled_crop,2026-04-06T10:32:51.698791+00:00,00003898_scaled_crop.jpg,examples/dataset/images/scaled_crop_0188_00003898_scaled_crop.jpg
78f5b9fa-3922-471c-a47e-abab3b09f575,f5e0ad14-6d2c-49b6-a83c-4a611549023e,Lounge,Soft Beige,Cozy Family,Natural Daylight,Warm,"Sofas, Shelves, Table, Chair, Plants",submitted,horizontal_flip,2026-04-06T10:32:52.260142+00:00,00003898_horizontal_flip.jpg,examples/dataset/images/horizontal_flip_0189_00003898_horizontal_flip.jpg
9582da4c-8a9f-415d-98f5-35363922d9a2,1c3f6a2d-ebba-4b92-8a88-9b25e2531275,Dining Room,Soft Beige,Formal,Natural Daylight,Warm,"Table, Chair, Lighting Fixtures, Plants",submitted,scaled_crop,2026-04-06T10:32:55.064057+00:00,00004012_scaled_crop.jpg,examples/dataset/images/scaled_crop_0190_00004012_scaled_crop.jpg
7d262cdd-9268-4076-a72a-45876083132e,1c3f6a2d-ebba-4b92-8a88-9b25e2531275,Dining Room,Soft Beige,Formal,Natural Daylight,Warm,"Table, Chair, Lighting Fixtures, Plants",submitted,horizontal_flip,2026-04-06T10:32:55.616782+00:00,00004012_horizontal_flip.jpg,examples/dataset/images/horizontal_flip_0191_00004012_horizontal_flip.jpg
a4a15007-19bc-4607-a462-8fe08c4ea945,1d68cd88-40fd-410e-8be6-15033f46f077,Lounge,Modern White,Cozy Family,Warm Indoor Lighting,Neutral,"Sofas, Shelves, Table, Chair, Lighting Fixtures",submitted,scaled_crop,2026-04-06T10:32:57.485507+00:00,00004147_scaled_crop.jpg,examples/dataset/images/scaled_crop_0192_00004147_scaled_crop.jpg
8b7d4d52-5b0e-4112-8420-4e10ec5c0dda,1d68cd88-40fd-410e-8be6-15033f46f077,Lounge,Modern White,Cozy Family,Warm Indoor Lighting,Neutral,"Sofas, Shelves, Table, Chair, Lighting Fixtures",submitted,horizontal_flip,2026-04-06T10:32:57.991983+00:00,00004147_horizontal_flip.jpg,examples/dataset/images/horizontal_flip_0193_00004147_horizontal_flip.jpg
319c537e-432a-4aff-a842-18274479c0b3,a57abb85-ab90-4330-9344-19e660b2c191,Lounge,Pastel Pink,Formal Entertaining,Natural Daylight,Pastel,"Sofas, Table, Lighting Fixtures",submitted,scaled_crop,2026-04-06T10:33:00.770645+00:00,00004254_scaled_crop.jpg,examples/dataset/images/scaled_crop_0194_00004254_scaled_crop.jpg
2b89e36b-5ecb-47be-9ff8-53e5f1c4cd0d,a57abb85-ab90-4330-9344-19e660b2c191,Lounge,Pastel Pink,Formal Entertaining,Natural Daylight,Pastel,"Sofas, Table, Lighting Fixtures",submitted,horizontal_flip,2026-04-06T10:33:01.343084+00:00,00004254_horizontal_flip.jpg,examples/dataset/images/horizontal_flip_0195_00004254_horizontal_flip.jpg
6b4abfd1-484e-497c-aed7-d21a8921536f,df3dc177-71ee-425a-9133-79cda4434bcf,Bedroom,Modern White,Couple,Warm Indoor Lighting,Warm,"Table, Bed, Lighting Fixtures",submitted,scaled_crop,2026-04-06T10:33:03.723399+00:00,00004361_scaled_crop.jpg,examples/dataset/images/scaled_crop_0196_00004361_scaled_crop.jpg
29923d41-2ec8-4673-a410-6babb4a6a804,df3dc177-71ee-425a-9133-79cda4434bcf,Bedroom,Modern White,Couple,Warm Indoor Lighting,Warm,"Table, Bed, Lighting Fixtures",submitted,horizontal_flip,2026-04-06T10:33:04.320863+00:00,00004361_horizontal_flip.jpg,examples/dataset/images/horizontal_flip_0197_00004361_horizontal_flip.jpg
8d9504e7-5acc-46c3-a97c-150526189a68,3e0b5575-dfab-48b0-b6d6-a19d0b00dd93,Dining Room,Sleek Charcoal,Elegant Party,Warm Indoor Lighting,Dark Mode,"Table, Chair",submitted,scaled_crop,2026-04-06T10:33:07.138368+00:00,00003318_scaled_crop.jpg,examples/dataset/images/scaled_crop_0198_00003318_scaled_crop.jpg
a341a77d-a191-49c0-ba62-b10a6b62a5e6,3e0b5575-dfab-48b0-b6d6-a19d0b00dd93,Dining Room,Sleek Charcoal,Elegant Party,Warm Indoor Lighting,Dark Mode,"Table, Chair",submitted,horizontal_flip,2026-04-06T10:33:07.651579+00:00,00003318_horizontal_flip.jpg,examples/dataset/images/horizontal_flip_0199_00003318_horizontal_flip.jpg
45562244-d9dc-4cc7-bbad-2e6f1c9cc271,268122d5-9102-4e73-aa52-818f960b877c,Bedroom,Sleek Charcoal,Couple,Natural Daylight,Neutral,"Table, Chair, Bed, Lighting Fixtures",submitted,scaled_crop,2026-04-06T10:33:10.107658+00:00,00003535_scaled_crop.jpg,examples/dataset/images/scaled_crop_0200_00003535_scaled_crop.jpg
d3f303d2-f3d8-4773-9b45-96367a7950ac,268122d5-9102-4e73-aa52-818f960b877c,Bedroom,Sleek Charcoal,Couple,Natural Daylight,Neutral,"Table, Chair, Bed, Lighting Fixtures",submitted,horizontal_flip,2026-04-06T10:33:10.667932+00:00,00003535_horizontal_flip.jpg,examples/dataset/images/horizontal_flip_0201_00003535_horizontal_flip.jpg
2cfefcc6-5261-44f4-9ff2-3afd865256fb,e436e2a3-6077-411c-bb00-c40413f07312,Lounge,Soft Beige,Formal Entertaining,Warm Indoor Lighting,Neutral,"Sofas, Table, Lighting Fixtures, Plants",submitted,scaled_crop,2026-04-06T10:33:13.335575+00:00,00003627_scaled_crop.jpg,examples/dataset/images/scaled_crop_0202_00003627_scaled_crop.jpg
dc740b0b-8402-4d86-803d-819a60b06339,e436e2a3-6077-411c-bb00-c40413f07312,Lounge,Soft Beige,Formal Entertaining,Warm Indoor Lighting,Neutral,"Sofas, Table, Lighting Fixtures, Plants",submitted,horizontal_flip,2026-04-06T10:33:13.873002+00:00,00003627_horizontal_flip.jpg,examples/dataset/images/horizontal_flip_0203_00003627_horizontal_flip.jpg
7b93223b-711e-4e06-9308-02f64a1bc7a4,f777e9e1-d3a8-4659-86ca-4d7514ef90bc,Dining Room,Royal Blue,Bistro Style,Warm Indoor Lighting,Neutral,"Sofas, Table, Chair, Lighting Fixtures, Plants",submitted,scaled_crop,2026-04-06T10:33:16.674735+00:00,00001229_scaled_crop.jpg,examples/dataset/images/scaled_crop_0204_00001229_scaled_crop.jpg
3348523d-1641-496b-884b-a4329468a4a7,f777e9e1-d3a8-4659-86ca-4d7514ef90bc,Dining Room,Royal Blue,Bistro Style,Warm Indoor Lighting,Neutral,"Sofas, Table, Chair, Lighting Fixtures, Plants",submitted,horizontal_flip,2026-04-06T10:33:17.224255+00:00,00001229_horizontal_flip.jpg,examples/dataset/images/horizontal_flip_0205_00001229_horizontal_flip.jpg
01fd92bc-3878-4a2b-8bb3-0cae2ce50a53,95c9be36-9239-46f6-b634-e9b4acfa0ccb,Bedroom,Earthy Terracotta,Couple,Warm Indoor Lighting,Warm,"Sofas, Table, Bed, Lighting Fixtures",submitted,scaled_crop,2026-04-06T10:33:19.27249+00:00,00002301_scaled_crop.jpg,examples/dataset/images/scaled_crop_0206_00002301_scaled_crop.jpg
29be3071-e3db-40e4-b170-22ba92967cc2,95c9be36-9239-46f6-b634-e9b4acfa0ccb,Bedroom,Earthy Terracotta,Couple,Warm Indoor Lighting,Warm,"Sofas, Table, Bed, Lighting Fixtures",submitted,horizontal_flip,2026-04-06T10:33:19.833892+00:00,00002301_horizontal_flip.jpg,examples/dataset/images/horizontal_flip_0207_00002301_horizontal_flip.jpg
dd4bbae2-c20c-41ed-a6c3-fdd82409aa81,6ffed469-7b86-4122-96bb-d6b55cb59669,Lounge,Soft Beige,Formal Entertaining,Warm Indoor Lighting,Pastel,"Sofas, Table, Chair, Lighting Fixtures, Plants",submitted,scaled_crop,2026-04-06T10:33:22.584024+00:00,00003713_scaled_crop.jpg,examples/dataset/images/scaled_crop_0208_00003713_scaled_crop.jpg
ee7f3dae-22ae-46f2-82c6-b85e8a7e7a28,6ffed469-7b86-4122-96bb-d6b55cb59669,Lounge,Soft Beige,Formal Entertaining,Warm Indoor Lighting,Pastel,"Sofas, Table, Chair, Lighting Fixtures, Plants",submitted,horizontal_flip,2026-04-06T10:33:23.109483+00:00,00003713_horizontal_flip.jpg,examples/dataset/images/horizontal_flip_0209_00003713_horizontal_flip.jpg
e8a2afe4-1c3c-4c60-a43e-07b025af8e97,10b37767-2acb-4052-83ad-a193af926db5,Lounge,Modern White,Cozy Family,Natural Daylight,Neutral,"Shelves, Table, Plants",submitted,scaled_crop,2026-04-06T10:33:25.866922+00:00,00003827_scaled_crop.jpg,examples/dataset/images/scaled_crop_0210_00003827_scaled_crop.jpg
724ca4b4-30af-443b-8710-63c41602c4bf,10b37767-2acb-4052-83ad-a193af926db5,Lounge,Modern White,Cozy Family,Natural Daylight,Neutral,"Shelves, Table, Plants",submitted,horizontal_flip,2026-04-06T10:33:26.405511+00:00,00003827_horizontal_flip.jpg,examples/dataset/images/horizontal_flip_0211_00003827_horizontal_flip.jpg
0f640fbe-0c7f-49bb-9ef6-f79573c4c648,45fd8c18-96d0-4666-8ffb-f902314e7c7f,Bedroom,Modern White,Adults,LED Office Lighting,Neutral,"Sofas, Shelves, Bed",submitted,scaled_crop,2026-04-06T10:33:29.483236+00:00,00002366_scaled_crop.jpg,examples/dataset/images/scaled_crop_0212_00002366_scaled_crop.jpg
a5e94c45-02c5-4b7c-80e7-f57288d64b76,45fd8c18-96d0-4666-8ffb-f902314e7c7f,Bedroom,Modern White,Adults,LED Office Lighting,Neutral,"Sofas, Shelves, Bed",submitted,horizontal_flip,2026-04-06T10:33:30.176378+00:00,00002366_horizontal_flip.jpg,examples/dataset/images/horizontal_flip_0213_00002366_horizontal_flip.jpg
6cac4769-e986-4260-b4f2-d958c578f1d7,49b5a7f0-1c19-4a79-849d-71e0daf992bd,Lounge,Sleek Charcoal,Formal Entertaining,LED Office Lighting,Neutral,"Sofas, Shelves, Table, Lighting Fixtures, Plants",submitted,scaled_crop,2026-04-06T10:33:32.713819+00:00,00002409_scaled_crop.jpg,examples/dataset/images/scaled_crop_0214_00002409_scaled_crop.jpg
b6f4de03-6bda-4040-86bb-a08093700107,49b5a7f0-1c19-4a79-849d-71e0daf992bd,Lounge,Sleek Charcoal,Formal Entertaining,LED Office Lighting,Neutral,"Sofas, Shelves, Table, Lighting Fixtures, Plants",submitted,horizontal_flip,2026-04-06T10:33:33.239656+00:00,00002409_horizontal_flip.jpg,examples/dataset/images/horizontal_flip_0215_00002409_horizontal_flip.jpg
99e1add4-948e-479d-88a5-2e4a2d4a61ca,78400302-0473-497e-9101-79b96e3f0901,Bedroom,Royal Blue,Master Suite,Natural Daylight,Neutral,"Table, Bed, Lighting Fixtures",submitted,scaled_crop,2026-04-06T10:33:35.781534+00:00,00001433_scaled_crop.jpg,examples/dataset/images/scaled_crop_0216_00001433_scaled_crop.jpg
51325e41-a919-471a-8ca5-025650d9325a,78400302-0473-497e-9101-79b96e3f0901,Bedroom,Royal Blue,Master Suite,Natural Daylight,Neutral,"Table, Bed, Lighting Fixtures",submitted,horizontal_flip,2026-04-06T10:33:36.330344+00:00,00001433_horizontal_flip.jpg,examples/dataset/images/horizontal_flip_0217_00001433_horizontal_flip.jpg
29053898-ba67-4e94-85b1-eac79121bf9c,9f91dba5-61f4-42f6-bbd3-61b62aeda196,Lounge,Modern White,Cozy Family,Natural Daylight,Neutral,"Sofas, Table, Plants",submitted,scaled_crop,2026-04-06T10:33:39.170613+00:00,00003905_scaled_crop.jpg,examples/dataset/images/scaled_crop_0218_00003905_scaled_crop.jpg
0b4d27e4-9970-4c3b-8e62-d84682ad63db,9f91dba5-61f4-42f6-bbd3-61b62aeda196,Lounge,Modern White,Cozy Family,Natural Daylight,Neutral,"Sofas, Table, Plants",submitted,horizontal_flip,2026-04-06T10:33:39.760019+00:00,00003905_horizontal_flip.jpg,examples/dataset/images/horizontal_flip_0219_00003905_horizontal_flip.jpg
b62b1c48-18c8-430a-9073-60783ee380db,e511efc5-a705-4d5e-84a6-73d7e1541b3b,Lounge,Sleek Charcoal,Formal Entertaining,Natural Daylight,Neutral,"Sofas, Table, Chair, Lighting Fixtures, Plants",submitted,scaled_crop,2026-04-06T10:33:41.771999+00:00,00004150_scaled_crop.jpg,examples/dataset/images/scaled_crop_0220_00004150_scaled_crop.jpg
bea632da-b2b5-422f-83fc-c4f070ee52ba,e511efc5-a705-4d5e-84a6-73d7e1541b3b,Lounge,Sleek Charcoal,Formal Entertaining,Natural Daylight,Neutral,"Sofas, Table, Chair, Lighting Fixtures, Plants",submitted,horizontal_flip,2026-04-06T10:33:42.583166+00:00,00004150_horizontal_flip.jpg,examples/dataset/images/horizontal_flip_0221_00004150_horizontal_flip.jpg
71596988-d0f9-4c56-b6b5-6f2a573da54b,569d25c9-b7bd-498f-a6a7-bc6afb1489de,Lounge,Royal Blue,Cozy Family,Natural Daylight,Warm,"Sofas, Shelves, Table, Chair, Lighting Fixtures",submitted,scaled_crop,2026-04-06T10:33:44.822957+00:00,00004256_scaled_crop.jpg,examples/dataset/images/scaled_crop_0222_00004256_scaled_crop.jpg
955595bd-59ba-4375-be0c-9270a94effaf,569d25c9-b7bd-498f-a6a7-bc6afb1489de,Lounge,Royal Blue,Cozy Family,Natural Daylight,Warm,"Sofas, Shelves, Table, Chair, Lighting Fixtures",submitted,horizontal_flip,2026-04-06T10:33:45.403244+00:00,00004256_horizontal_flip.jpg,examples/dataset/images/horizontal_flip_0223_00004256_horizontal_flip.jpg
ad54e4cf-0f2d-428e-99b0-52179ca9f0c0,e9e87395-6879-4a7e-b035-f2bb25b9c0da,Lounge,Emerald Green,Reading Nook,Warm Indoor Lighting,Warm,"Shelves, Table, Chair, Lighting Fixtures",submitted,scaled_crop,2026-04-06T10:33:48.550652+00:00,00004365_scaled_crop.jpg,examples/dataset/images/scaled_crop_0224_00004365_scaled_crop.jpg
d1a628b8-b483-414e-8705-fb310a97541c,e9e87395-6879-4a7e-b035-f2bb25b9c0da,Lounge,Emerald Green,Reading Nook,Warm Indoor Lighting,Warm,"Shelves, Table, Chair, Lighting Fixtures",submitted,horizontal_flip,2026-04-06T10:33:49.153701+00:00,00004365_horizontal_flip.jpg,examples/dataset/images/horizontal_flip_0225_00004365_horizontal_flip.jpg
b7f01743-2bc4-4f29-9a13-f472127387a7,03eb3284-147a-462c-9178-a41f14821e8f,Lounge,Soft Beige,Formal Entertaining,Natural Daylight,Neutral,"Sofas, Shelves, Table, Lighting Fixtures",submitted,scaled_crop,2026-04-06T10:33:52.031146+00:00,00003433_scaled_crop.jpg,examples/dataset/images/scaled_crop_0226_00003433_scaled_crop.jpg
9128b2e1-a915-46cc-8a98-e2ed69885c8b,03eb3284-147a-462c-9178-a41f14821e8f,Lounge,Soft Beige,Formal Entertaining,Natural Daylight,Neutral,"Sofas, Shelves, Table, Lighting Fixtures",submitted,horizontal_flip,2026-04-06T10:33:52.594441+00:00,00003433_horizontal_flip.jpg,examples/dataset/images/horizontal_flip_0227_00003433_horizontal_flip.jpg
7cca9d16-0c8e-4775-b5fe-9684db5040f1,d64d4abf-56f1-4c63-95d3-3af84319b865,Kitchen,Earthy Terracotta,Open Concept,Warm Indoor Lighting,Neutral,"Chair, Lighting Fixtures",submitted,scaled_crop,2026-04-06T10:33:55.614328+00:00,00002217_scaled_crop.jpg,examples/dataset/images/scaled_crop_0228_00002217_scaled_crop.jpg
2a97e702-24c7-43a1-aa3d-6b6c45048bb5,d64d4abf-56f1-4c63-95d3-3af84319b865,Kitchen,Earthy Terracotta,Open Concept,Warm Indoor Lighting,Neutral,"Chair, Lighting Fixtures",submitted,horizontal_flip,2026-04-06T10:33:56.172505+00:00,00002217_horizontal_flip.jpg,examples/dataset/images/horizontal_flip_0229_00002217_horizontal_flip.jpg
74f92d1a-1c7b-4033-ae03-b3f6f496e6df,754595e1-ca56-42e6-902f-061757f2eea0,Lounge,Earthy Terracotta,Formal Entertaining,Natural Daylight,Neutral,"Sofas, Table",submitted,scaled_crop,2026-04-06T10:33:59.306586+00:00,00001239_scaled_crop.jpg,examples/dataset/images/scaled_crop_0230_00001239_scaled_crop.jpg
e2ef1e98-a90c-4d98-be28-8a37b41e87c4,754595e1-ca56-42e6-902f-061757f2eea0,Lounge,Earthy Terracotta,Formal Entertaining,Natural Daylight,Neutral,"Sofas, Table",submitted,horizontal_flip,2026-04-06T10:33:59.973962+00:00,00001239_horizontal_flip.jpg,examples/dataset/images/horizontal_flip_0231_00001239_horizontal_flip.jpg
0b77911d-5ca2-4002-a0a3-67802c95f360,3a524306-ef11-42a5-8258-d841730799f7,Lounge,Modern White,Home Theater,Natural Daylight,Pastel,"Sofas, Table, Chair, Lighting Fixtures",submitted,scaled_crop,2026-04-06T10:34:02.071481+00:00,00003719_scaled_crop.jpg,examples/dataset/images/scaled_crop_0232_00003719_scaled_crop.jpg
89eea880-a538-4006-8422-5e64ce93fbd7,3a524306-ef11-42a5-8258-d841730799f7,Lounge,Modern White,Home Theater,Natural Daylight,Pastel,"Sofas, Table, Chair, Lighting Fixtures",submitted,horizontal_flip,2026-04-06T10:34:02.603916+00:00,00003719_horizontal_flip.jpg,examples/dataset/images/horizontal_flip_0233_00003719_horizontal_flip.jpg
d1542903-98e3-458d-9956-d51e1031f7f8,0739dddc-cb61-4d2b-8569-759d6b577bbc,Lounge,Modern White,Formal Entertaining,Natural Daylight,Neutral,"Sofas, Shelves, Table, Lighting Fixtures, Plants",submitted,scaled_crop,2026-04-06T10:34:04.59835+00:00,00003830_scaled_crop.jpg,examples/dataset/images/scaled_crop_0234_00003830_scaled_crop.jpg
692d119b-81eb-4720-8cac-5ed303435780,0739dddc-cb61-4d2b-8569-759d6b577bbc,Lounge,Modern White,Formal Entertaining,Natural Daylight,Neutral,"Sofas, Shelves, Table, Lighting Fixtures, Plants",submitted,horizontal_flip,2026-04-06T10:34:05.166081+00:00,00003830_horizontal_flip.jpg,examples/dataset/images/horizontal_flip_0235_00003830_horizontal_flip.jpg
1f207f56-c430-4631-a716-583f110f6d7a,671460fb-f691-4139-a1a3-afdbaf209154,Dining Room,Earthy Terracotta,Rustic,Warm Indoor Lighting,Warm,"Shelves, Table, Chair, Lighting Fixtures, Plants",submitted,scaled_crop,2026-04-06T10:34:08.576412+00:00,00002368_scaled_crop.jpg,examples/dataset/images/scaled_crop_0236_00002368_scaled_crop.jpg
f3a1acdf-1097-45ef-ab52-12b521a1d1c9,671460fb-f691-4139-a1a3-afdbaf209154,Dining Room,Earthy Terracotta,Rustic,Warm Indoor Lighting,Warm,"Shelves, Table, Chair, Lighting Fixtures, Plants",submitted,horizontal_flip,2026-04-06T10:34:09.11735+00:00,00002368_horizontal_flip.jpg,examples/dataset/images/horizontal_flip_0237_00002368_horizontal_flip.jpg
b26d4657-688b-4027-959e-799a27b4b8f7,2fb2a848-1a97-4ea3-ad7c-85aecf1edba0,Lounge,Royal Blue,Cozy Family,LED Office Lighting,Neutral,"Desks, Sofas, Chair, Lighting Fixtures, Plants, Partitions",submitted,scaled_crop,2026-04-06T10:34:11.777137+00:00,00002411_scaled_crop.jpg,examples/dataset/images/scaled_crop_0238_00002411_scaled_crop.jpg
f74c2bde-b5f1-4e6d-91e2-983f1648c431,2fb2a848-1a97-4ea3-ad7c-85aecf1edba0,Lounge,Royal Blue,Cozy Family,LED Office Lighting,Neutral,"Desks, Sofas, Chair, Lighting Fixtures, Plants, Partitions",submitted,horizontal_flip,2026-04-06T10:34:12.355834+00:00,00002411_horizontal_flip.jpg,examples/dataset/images/horizontal_flip_0239_00002411_horizontal_flip.jpg
f6e8e561-da10-487e-83a5-a8f21ffe1bfe,e7c878e7-428d-496c-b2a2-804ca5476022,Bedroom,Modern White,Adults,Natural Daylight,Neutral,"Shelves, Table, Bed, Lighting Fixtures",submitted,scaled_crop,2026-04-06T10:34:15.493241+00:00,00003914_scaled_crop.jpg,examples/dataset/images/scaled_crop_0240_00003914_scaled_crop.jpg
941892b1-61c8-4706-8dc5-6b2830d30e4a,e7c878e7-428d-496c-b2a2-804ca5476022,Bedroom,Modern White,Adults,Natural Daylight,Neutral,"Shelves, Table, Bed, Lighting Fixtures",submitted,horizontal_flip,2026-04-06T10:34:16.093458+00:00,00003914_horizontal_flip.jpg,examples/dataset/images/horizontal_flip_0241_00003914_horizontal_flip.jpg
36fe3cac-9948-49cc-bb2e-01863efdf72b,54f1b7b4-10d5-476d-a67f-92ecca175d5e,Lounge,Modern White,Formal Entertaining,Natural Daylight,Neutral,"Sofas, Table, Chair, Lighting Fixtures, Plants",submitted,scaled_crop,2026-04-06T10:34:18.679997+00:00,00004017_scaled_crop.jpg,examples/dataset/images/scaled_crop_0242_00004017_scaled_crop.jpg
efba9394-40d5-4ce3-ae39-1b13f4fb863f,54f1b7b4-10d5-476d-a67f-92ecca175d5e,Lounge,Modern White,Formal Entertaining,Natural Daylight,Neutral,"Sofas, Table, Chair, Lighting Fixtures, Plants",submitted,horizontal_flip,2026-04-06T10:34:19.234403+00:00,00004017_horizontal_flip.jpg,examples/dataset/images/horizontal_flip_0243_00004017_horizontal_flip.jpg
15f1f9e3-d8d2-4832-a0f2-2d66f80516d5,c953ecb6-aaa7-41f3-b0ba-82b77f0292e9,Dining Room,Earthy Terracotta,Casual Family,Natural Daylight,Warm,"Shelves, Table, Chair, Lighting Fixtures, Plants",submitted,scaled_crop,2026-04-06T10:34:22.001664+00:00,00004154_scaled_crop.jpg,examples/dataset/images/scaled_crop_0244_00004154_scaled_crop.jpg
4dcc1822-1e56-4ede-bbcd-79a1e408363d,c953ecb6-aaa7-41f3-b0ba-82b77f0292e9,Dining Room,Earthy Terracotta,Casual Family,Natural Daylight,Warm,"Shelves, Table, Chair, Lighting Fixtures, Plants",submitted,horizontal_flip,2026-04-06T10:34:22.547913+00:00,00004154_horizontal_flip.jpg,examples/dataset/images/horizontal_flip_0245_00004154_horizontal_flip.jpg
193a4600-2aa2-4d50-b92f-1958f2d82ed3,65d9be95-c664-41e2-a4ed-6165aa21724e,Lounge,Sleek Charcoal,Formal Entertaining,Natural Daylight,Dark Mode,"Sofas, Table, Chair",submitted,scaled_crop,2026-04-06T10:34:25.377743+00:00,00004259_scaled_crop.jpg,examples/dataset/images/scaled_crop_0246_00004259_scaled_crop.jpg
3a1dc7de-f7ab-4bc0-bf30-c6f6457306f5,65d9be95-c664-41e2-a4ed-6165aa21724e,Lounge,Sleek Charcoal,Formal Entertaining,Natural Daylight,Dark Mode,"Sofas, Table, Chair",submitted,horizontal_flip,2026-04-06T10:34:25.963101+00:00,00004259_horizontal_flip.jpg,examples/dataset/images/horizontal_flip_0247_00004259_horizontal_flip.jpg
2f1b15f1-bb95-45f2-8304-342e32240b55,89c6275f-c853-4c91-84ea-0cdebfe3490b,Bedroom,Soft Beige,Adults,Warm Indoor Lighting,Pastel,"Table, Chair, Bed, Lighting Fixtures",submitted,scaled_crop,2026-04-06T10:34:28.839545+00:00,00003325_scaled_crop.jpg,examples/dataset/images/scaled_crop_0248_00003325_scaled_crop.jpg
f4a7380d-a0f8-4958-ad6f-2e546e0d1d9f,89c6275f-c853-4c91-84ea-0cdebfe3490b,Bedroom,Soft Beige,Adults,Warm Indoor Lighting,Pastel,"Table, Chair, Bed, Lighting Fixtures",submitted,horizontal_flip,2026-04-06T10:34:29.395094+00:00,00003325_horizontal_flip.jpg,examples/dataset/images/horizontal_flip_0249_00003325_horizontal_flip.jpg
fbe17809-c882-41c2-8650-599e8e307b36,d0c81848-0de8-4c40-be40-48c6f8b52dad,Lounge,Modern White,Formal Entertaining,Natural Daylight,Neutral,"Sofas, Shelves, Table, Plants",submitted,scaled_crop,2026-04-06T10:34:31.864589+00:00,00003540_scaled_crop.jpg,examples/dataset/images/scaled_crop_0250_00003540_scaled_crop.jpg
2573bd50-8030-479f-9c20-d7e2dbbf7a56,d0c81848-0de8-4c40-be40-48c6f8b52dad,Lounge,Modern White,Formal Entertaining,Natural Daylight,Neutral,"Sofas, Shelves, Table, Plants",submitted,horizontal_flip,2026-04-06T10:34:32.394942+00:00,00003540_horizontal_flip.jpg,examples/dataset/images/horizontal_flip_0251_00003540_horizontal_flip.jpg
f71365cb-9851-47c1-92df-bee6c9005340,1e83afa8-cd40-4a62-80c6-25e4464f5f38,Bedroom,Sleek Charcoal,Adults,Natural Daylight,Neutral,"Bed, Partitions",submitted,scaled_crop,2026-04-06T10:34:34.906304+00:00,00002242_scaled_crop.jpg,examples/dataset/images/scaled_crop_0252_00002242_scaled_crop.jpg
01153f0e-fcc6-41e9-8fb3-e44cb339d507,1e83afa8-cd40-4a62-80c6-25e4464f5f38,Bedroom,Sleek Charcoal,Adults,Natural Daylight,Neutral,"Bed, Partitions",submitted,horizontal_flip,2026-04-06T10:34:35.466558+00:00,00002242_horizontal_flip.jpg,examples/dataset/images/horizontal_flip_0253_00002242_horizontal_flip.jpg
4134a6a9-7a4b-430d-a876-7a1e6b401070,e079fe86-78b1-4a36-b18f-d0ea69c9f89e,Kitchen,Modern White,Modern Minimalist,LED Office Lighting,Neutral,"Shelves, Table, Chair, Lighting Fixtures",submitted,scaled_crop,2026-04-06T10:34:38.15671+00:00,00002307_scaled_crop.jpg,examples/dataset/images/scaled_crop_0254_00002307_scaled_crop.jpg
f6bdfe0f-0533-4528-a1a1-4dfe24b9dc37,e079fe86-78b1-4a36-b18f-d0ea69c9f89e,Kitchen,Modern White,Modern Minimalist,LED Office Lighting,Neutral,"Shelves, Table, Chair, Lighting Fixtures",submitted,horizontal_flip,2026-04-06T10:34:38.723986+00:00,00002307_horizontal_flip.jpg,examples/dataset/images/horizontal_flip_0255_00002307_horizontal_flip.jpg
4dbe6153-e455-42a8-8b9b-8d75b5ea5ea0,7436d8d0-8635-41e0-9834-1c315f797a79,Kitchen,Sleek Charcoal,Open Concept,LED Office Lighting,Neutral,"Table, Chair",submitted,scaled_crop,2026-04-06T10:34:40.983533+00:00,00003722_scaled_crop.jpg,examples/dataset/images/scaled_crop_0256_00003722_scaled_crop.jpg
ce4ce6b7-3110-42d7-8426-a5beb268b091,7436d8d0-8635-41e0-9834-1c315f797a79,Kitchen,Sleek Charcoal,Open Concept,LED Office Lighting,Neutral,"Table, Chair",submitted,horizontal_flip,2026-04-06T10:34:41.530566+00:00,00003722_horizontal_flip.jpg,examples/dataset/images/horizontal_flip_0257_00003722_horizontal_flip.jpg
76db8181-e74c-4dd0-84f2-b47d8b696b4e,76660fc4-e8c0-4093-bfaa-c41c6913632a,Lounge,Modern White,Formal Entertaining,LED Office Lighting,Neutral,"Sofas, Table, Plants",submitted,scaled_crop,2026-04-06T10:34:44.319465+00:00,00002369_scaled_crop.jpg,examples/dataset/images/scaled_crop_0258_00002369_scaled_crop.jpg
524e03e8-547e-4299-a879-9b246ad8f2fa,76660fc4-e8c0-4093-bfaa-c41c6913632a,Lounge,Modern White,Formal Entertaining,LED Office Lighting,Neutral,"Sofas, Table, Plants",submitted,horizontal_flip,2026-04-06T10:34:44.928019+00:00,00002369_horizontal_flip.jpg,examples/dataset/images/horizontal_flip_0259_00002369_horizontal_flip.jpg
486f5810-8fff-43ab-8a86-2529a086c40f,4e761db3-185c-433d-bb9a-dc30f407e351,Dining Room,Modern White,Casual Family,LED Office Lighting,Neutral,"Shelves, Table, Chair, Lighting Fixtures, Plants",submitted,scaled_crop,2026-04-06T10:34:47.959155+00:00,00002413_scaled_crop.jpg,examples/dataset/images/scaled_crop_0260_00002413_scaled_crop.jpg
93bbbd3b-2c70-4ac4-9d01-f05d79ecbf00,4e761db3-185c-433d-bb9a-dc30f407e351,Dining Room,Modern White,Casual Family,LED Office Lighting,Neutral,"Shelves, Table, Chair, Lighting Fixtures, Plants",submitted,horizontal_flip,2026-04-06T10:34:48.506292+00:00,00002413_horizontal_flip.jpg,examples/dataset/images/horizontal_flip_0261_00002413_horizontal_flip.jpg
c72e7580-ff8c-422f-8b5a-6946c86a1daf,f931baf1-a407-440b-a2c1-2a434488488e,Dining Room,Modern White,Bistro Style,Warm Indoor Lighting,Neutral,"Shelves, Table, Chair, Lighting Fixtures, Plants, Partitions",submitted,scaled_crop,2026-04-06T10:34:51.07898+00:00,00001438_scaled_crop.jpg,examples/dataset/images/scaled_crop_0262_00001438_scaled_crop.jpg
43214860-919f-4c7e-9e42-2a2dd09cbd90,f931baf1-a407-440b-a2c1-2a434488488e,Dining Room,Modern White,Bistro Style,Warm Indoor Lighting,Neutral,"Shelves, Table, Chair, Lighting Fixtures, Plants, Partitions",submitted,horizontal_flip,2026-04-06T10:34:51.613144+00:00,00001438_horizontal_flip.jpg,examples/dataset/images/horizontal_flip_0263_00001438_horizontal_flip.jpg
cbae8ccb-49f2-453b-9777-e6f488818efd,40647d09-2330-4d64-a687-9b35878e2545,Lounge,Soft Beige,Formal Entertaining,Natural Daylight,Neutral,"Sofas, Table, Chair, Lighting Fixtures, Plants",submitted,scaled_crop,2026-04-06T10:34:53.902098+00:00,00004019_scaled_crop.jpg,examples/dataset/images/scaled_crop_0264_00004019_scaled_crop.jpg
11e6460d-facd-4cb6-9b60-99637d16ee20,40647d09-2330-4d64-a687-9b35878e2545,Lounge,Soft Beige,Formal Entertaining,Natural Daylight,Neutral,"Sofas, Table, Chair, Lighting Fixtures, Plants",submitted,horizontal_flip,2026-04-06T10:34:54.457501+00:00,00004019_horizontal_flip.jpg,examples/dataset/images/horizontal_flip_0265_00004019_horizontal_flip.jpg
980c1ab9-c5f6-43d1-ab90-9a40dd379632,36585a24-13f1-4dfc-84c8-7c9098d9bc0f,Lounge,Earthy Terracotta,Formal Entertaining,Warm Indoor Lighting,Warm,"Sofas, Table, Lighting Fixtures, Plants",submitted,scaled_crop,2026-04-06T10:34:57.269064+00:00,00004157_scaled_crop.jpg,examples/dataset/images/scaled_crop_0266_00004157_scaled_crop.jpg
4d84dfd1-9d83-4326-9577-ccbb210693d6,36585a24-13f1-4dfc-84c8-7c9098d9bc0f,Lounge,Earthy Terracotta,Formal Entertaining,Warm Indoor Lighting,Warm,"Sofas, Table, Lighting Fixtures, Plants",submitted,horizontal_flip,2026-04-06T10:34:57.838181+00:00,00004157_horizontal_flip.jpg,examples/dataset/images/horizontal_flip_0267_00004157_horizontal_flip.jpg
bab03a72-1dd1-48a4-ba90-c62875eb4a98,1551a470-3283-4c91-b6a4-bd57d5ae8259,Dining Room,Soft Beige,Casual Family,Natural Daylight,Warm,"Shelves, Table, Chair, Plants",submitted,scaled_crop,2026-04-06T10:35:00.572048+00:00,00004264_scaled_crop.jpg,examples/dataset/images/scaled_crop_0268_00004264_scaled_crop.jpg
cd7bbd6c-5ab8-4eae-9c26-e60238a745d5,1551a470-3283-4c91-b6a4-bd57d5ae8259,Dining Room,Soft Beige,Casual Family,Natural Daylight,Warm,"Shelves, Table, Chair, Plants",submitted,horizontal_flip,2026-04-06T10:35:01.119314+00:00,00004264_horizontal_flip.jpg,examples/dataset/images/horizontal_flip_0269_00004264_horizontal_flip.jpg
651e2b8f-3bb1-4a0e-8796-fb4dd7a631c3,36d617a6-739d-488a-9411-181bcd678349,Lounge,Modern White,Formal Entertaining,Natural Daylight,Neutral,"Sofas, Table, Chair, Lighting Fixtures, Plants",submitted,scaled_crop,2026-04-06T10:35:03.983181+00:00,00003326_scaled_crop.jpg,examples/dataset/images/scaled_crop_0270_00003326_scaled_crop.jpg
c4dff6cd-5de2-4a0a-af6c-8b3d2395b53c,36d617a6-739d-488a-9411-181bcd678349,Lounge,Modern White,Formal Entertaining,Natural Daylight,Neutral,"Sofas, Table, Chair, Lighting Fixtures, Plants",submitted,horizontal_flip,2026-04-06T10:35:04.565042+00:00,00003326_horizontal_flip.jpg,examples/dataset/images/horizontal_flip_0271_00003326_horizontal_flip.jpg
3aaff644-7db6-40ed-8bd7-93e2db5be984,0c61540f-d204-4ac1-a954-bea8116532f1,Kitchen,Soft Beige,Modern Minimalist,Natural Daylight,Neutral,Plants,submitted,scaled_crop,2026-04-06T10:35:07.545677+00:00,00002208_scaled_crop.jpg,examples/dataset/images/scaled_crop_0272_00002208_scaled_crop.jpg
51883a45-5b90-4de8-a3f0-e5fb98fb02d6,0c61540f-d204-4ac1-a954-bea8116532f1,Kitchen,Soft Beige,Modern Minimalist,Natural Daylight,Neutral,Plants,submitted,horizontal_flip,2026-04-06T10:35:08.125192+00:00,00002208_horizontal_flip.jpg,examples/dataset/images/horizontal_flip_0273_00002208_horizontal_flip.jpg
4eca1fb1-ccea-4ae5-aa94-0ae08a6439d0,2d06e56b-4218-4c90-8a8f-34a82d8d9133,Lounge,Earthy Terracotta,Formal Entertaining,Natural Daylight,Warm,"Sofas, Shelves, Table, Partitions",submitted,scaled_crop,2026-04-06T10:35:10.927599+00:00,00002209_scaled_crop.jpg,examples/dataset/images/scaled_crop_0274_00002209_scaled_crop.jpg
f43792cc-b3a7-4418-92bf-40b91806e75f,2d06e56b-4218-4c90-8a8f-34a82d8d9133,Lounge,Earthy Terracotta,Formal Entertaining,Natural Daylight,Warm,"Sofas, Shelves, Table, Partitions",submitted,horizontal_flip,2026-04-06T10:35:11.466117+00:00,00002209_horizontal_flip.jpg,examples/dataset/images/horizontal_flip_0275_00002209_horizontal_flip.jpg
17620cc5-ff3c-44d7-8819-5a50852735dd,8af2244a-bdaa-4222-b502-57d47ea13085,Lounge,Modern White,Home Theater,Warm Indoor Lighting,Neutral,"Sofas, Table, Chair, Lighting Fixtures, Partitions",submitted,scaled_crop,2026-04-06T10:35:14.224901+00:00,00002210_scaled_crop.jpg,examples/dataset/images/scaled_crop_0276_00002210_scaled_crop.jpg
b8c479c9-6517-4bf5-8ed7-c82eb11fb23e,8af2244a-bdaa-4222-b502-57d47ea13085,Lounge,Modern White,Home Theater,Warm Indoor Lighting,Neutral,"Sofas, Table, Chair, Lighting Fixtures, Partitions",submitted,horizontal_flip,2026-04-06T10:35:14.778775+00:00,00002210_horizontal_flip.jpg,examples/dataset/images/horizontal_flip_0277_00002210_horizontal_flip.jpg
9573b8f3-5370-43cc-a257-dac9f9fa7295,5e15936f-6eec-4348-829d-58c666c86cec,Dining Room,Soft Beige,Rustic,Warm Indoor Lighting,Neutral,"Desks, Sofas, Table",submitted,scaled_crop,2026-04-06T10:35:17.005446+00:00,00002213_scaled_crop.jpg,examples/dataset/images/scaled_crop_0278_00002213_scaled_crop.jpg
3821a4f3-f83d-4dc4-8b4f-00f5b746448e,5e15936f-6eec-4348-829d-58c666c86cec,Dining Room,Soft Beige,Rustic,Warm Indoor Lighting,Neutral,"Desks, Sofas, Table",submitted,horizontal_flip,2026-04-06T10:35:17.52505+00:00,00002213_horizontal_flip.jpg,examples/dataset/images/horizontal_flip_0279_00002213_horizontal_flip.jpg
b745fc34-dce7-4980-9bcf-f9c51fb0d795,d7ae6b3e-c970-4531-bfce-3c0d8029d173,Lounge,Modern White,Cozy Family,Natural Daylight,Neutral,"Sofas, Table",submitted,scaled_crop,2026-04-06T10:35:19.414351+00:00,00002214_scaled_crop.jpg,examples/dataset/images/scaled_crop_0280_00002214_scaled_crop.jpg
d0e6719f-2a69-49cb-b5df-327eb2226ee7,d7ae6b3e-c970-4531-bfce-3c0d8029d173,Lounge,Modern White,Cozy Family,Natural Daylight,Neutral,"Sofas, Table",submitted,horizontal_flip,2026-04-06T10:35:19.947455+00:00,00002214_horizontal_flip.jpg,examples/dataset/images/horizontal_flip_0281_00002214_horizontal_flip.jpg
46ba73d2-8220-4646-a1d6-05d4a089b4fe,74ed21ab-da82-4d87-8245-57f9d58e17b9,Bedroom,Soft Beige,Kids,Natural Daylight,Neutral,Bed,submitted,scaled_crop,2026-04-06T10:35:22.664449+00:00,00002215_scaled_crop.jpg,examples/dataset/images/scaled_crop_0282_00002215_scaled_crop.jpg
89489422-b582-4afa-8596-9bf78403df1b,74ed21ab-da82-4d87-8245-57f9d58e17b9,Bedroom,Soft Beige,Kids,Natural Daylight,Neutral,Bed,submitted,horizontal_flip,2026-04-06T10:35:23.210871+00:00,00002215_horizontal_flip.jpg,examples/dataset/images/horizontal_flip_0283_00002215_horizontal_flip.jpg
4637edbd-5cc4-4ccf-8393-d97e14bb3101,912bc6ae-c43d-4c92-bf4c-3a1268d402ee,Lounge,Sleek Charcoal,Social Hub,Natural Daylight,Neutral,"Sofas, Chair, Lighting Fixtures, Plants",submitted,scaled_crop,2026-04-06T10:35:25.947158+00:00,00002216_scaled_crop.jpg,examples/dataset/images/scaled_crop_0284_00002216_scaled_crop.jpg
d22ff52a-dde6-4f2a-b1a5-e989098cb468,912bc6ae-c43d-4c92-bf4c-3a1268d402ee,Lounge,Sleek Charcoal,Social Hub,Natural Daylight,Neutral,"Sofas, Chair, Lighting Fixtures, Plants",submitted,horizontal_flip,2026-04-06T10:35:26.521776+00:00,00002216_horizontal_flip.jpg,examples/dataset/images/horizontal_flip_0285_00002216_horizontal_flip.jpg
15416afa-8bc2-44d7-8695-69755aad6789,18dbb5c9-3d69-4d57-ae7e-3334630a93d3,Lounge,Sleek Charcoal,Home Theater,LED Office Lighting,Dark Mode,"Sofas, Table, Chair, Lighting Fixtures, Partitions",submitted,scaled_crop,2026-04-06T10:35:29.13655+00:00,00002220_scaled_crop.jpg,examples/dataset/images/scaled_crop_0286_00002220_scaled_crop.jpg
1ea57890-009a-4320-a7a6-ba3a41859419,18dbb5c9-3d69-4d57-ae7e-3334630a93d3,Lounge,Sleek Charcoal,Home Theater,LED Office Lighting,Dark Mode,"Sofas, Table, Chair, Lighting Fixtures, Partitions",submitted,horizontal_flip,2026-04-06T10:35:29.692425+00:00,00002220_horizontal_flip.jpg,examples/dataset/images/horizontal_flip_0287_00002220_horizontal_flip.jpg
823cbe4a-e468-4045-802a-0a9f4f9657f4,534aa1ef-8d1b-452f-8658-4be063e07d6e,Kitchen,Earthy Terracotta,Open Concept,Natural Daylight,Neutral,"Shelves, Table, Chair",submitted,scaled_crop,2026-04-06T10:35:32.421305+00:00,00002224_scaled_crop.jpg,examples/dataset/images/scaled_crop_0288_00002224_scaled_crop.jpg
0cf3da27-dfa1-44d7-9108-2994bf9d8b43,534aa1ef-8d1b-452f-8658-4be063e07d6e,Kitchen,Earthy Terracotta,Open Concept,Natural Daylight,Neutral,"Shelves, Table, Chair",submitted,horizontal_flip,2026-04-06T10:35:32.981336+00:00,00002224_horizontal_flip.jpg,examples/dataset/images/horizontal_flip_0289_00002224_horizontal_flip.jpg
f783c273-9cd0-4ec9-9425-9f0891e35f1b,838f49b1-e4ae-4691-87b2-6db4e857b3f1,Bedroom,Soft Beige,Couple,Natural Daylight,Neutral,"Sofas, Table, Bed, Lighting Fixtures",submitted,scaled_crop,2026-04-06T10:35:35.868669+00:00,00003642_scaled_crop.jpg,examples/dataset/images/scaled_crop_0290_00003642_scaled_crop.jpg
c583910e-5401-4d55-abdb-f124e35fb3b5,838f49b1-e4ae-4691-87b2-6db4e857b3f1,Bedroom,Soft Beige,Couple,Natural Daylight,Neutral,"Sofas, Table, Bed, Lighting Fixtures",submitted,horizontal_flip,2026-04-06T10:35:36.405298+00:00,00003642_horizontal_flip.jpg,examples/dataset/images/horizontal_flip_0291_00003642_horizontal_flip.jpg
e9e2e4e0-2389-442a-ac42-c4619406a4e4,bf388161-bf09-4993-91cf-84d3844d457e,Dining Room,Soft Beige,Elegant Party,Natural Daylight,Neutral,"Table, Chair, Lighting Fixtures",submitted,scaled_crop,2026-04-06T10:35:38.369325+00:00,00002227_scaled_crop.jpg,examples/dataset/images/scaled_crop_0292_00002227_scaled_crop.jpg
9f31ae72-9ad1-4c32-9b9d-8a8e53da92f5,bf388161-bf09-4993-91cf-84d3844d457e,Dining Room,Soft Beige,Elegant Party,Natural Daylight,Neutral,"Table, Chair, Lighting Fixtures",submitted,horizontal_flip,2026-04-06T10:35:38.921886+00:00,00002227_horizontal_flip.jpg,examples/dataset/images/horizontal_flip_0293_00002227_horizontal_flip.jpg
09a1f5b7-51a2-4cdf-816f-b7a5b63db831,6c6c60ed-27c8-4f3d-ab8a-e0f5a76e3791,Lounge,Earthy Terracotta,Reading Nook,Warm Indoor Lighting,Warm,"Sofas, Shelves, Table, Chair, Lighting Fixtures",submitted,scaled_crop,2026-04-06T10:35:41.988595+00:00,00002229_scaled_crop.jpg,examples/dataset/images/scaled_crop_0294_00002229_scaled_crop.jpg
16bbec89-67af-4159-9233-e8ba7aff7f0e,6c6c60ed-27c8-4f3d-ab8a-e0f5a76e3791,Lounge,Earthy Terracotta,Reading Nook,Warm Indoor Lighting,Warm,"Sofas, Shelves, Table, Chair, Lighting Fixtures",submitted,horizontal_flip,2026-04-06T10:35:42.549207+00:00,00002229_horizontal_flip.jpg,examples/dataset/images/horizontal_flip_0295_00002229_horizontal_flip.jpg
0f9c5176-da07-41ff-b309-be30a27b0446,bebed28e-2129-40a2-91de-ba016c2b9982,Dining Room,Modern White,Elegant Party,Natural Daylight,Neutral,"Table, Chair, Lighting Fixtures, Partitions",submitted,scaled_crop,2026-04-06T10:35:44.978658+00:00,00002230_scaled_crop.jpg,examples/dataset/images/scaled_crop_0296_00002230_scaled_crop.jpg
434b197a-9211-4cc9-9fa9-efad75c835b4,bebed28e-2129-40a2-91de-ba016c2b9982,Dining Room,Modern White,Elegant Party,Natural Daylight,Neutral,"Table, Chair, Lighting Fixtures, Partitions",submitted,horizontal_flip,2026-04-06T10:35:45.531588+00:00,00002230_horizontal_flip.jpg,examples/dataset/images/horizontal_flip_0297_00002230_horizontal_flip.jpg
4c17c718-3cfe-47d8-a171-9a3aa8721b59,672155fa-0dbd-433e-a38d-eb7573244d15,Kitchen,Modern White,Small Family,Natural Daylight,Neutral,"Shelves, Table, Chair, Lighting Fixtures",submitted,scaled_crop,2026-04-06T10:35:48.092542+00:00,00002232_scaled_crop.jpg,examples/dataset/images/scaled_crop_0298_00002232_scaled_crop.jpg
2eb02132-217a-46c6-a58f-a8467a7a7e4a,672155fa-0dbd-433e-a38d-eb7573244d15,Kitchen,Modern White,Small Family,Natural Daylight,Neutral,"Shelves, Table, Chair, Lighting Fixtures",submitted,horizontal_flip,2026-04-06T10:35:48.628069+00:00,00002232_horizontal_flip.jpg,examples/dataset/images/horizontal_flip_0299_00002232_horizontal_flip.jpg
437e554e-40e9-4b1c-81f5-5b12c25dff55,cd801e87-8bef-45e2-9878-13271f37ca5e,Kitchen,Modern White,Small Family,Natural Daylight,Pastel,"Shelves, Lighting Fixtures",submitted,scaled_crop,2026-04-06T10:35:51.360002+00:00,00002238_scaled_crop.jpg,examples/dataset/images/scaled_crop_0300_00002238_scaled_crop.jpg
b6b2a76c-0818-4c07-b8c3-bebbafa2ed66,cd801e87-8bef-45e2-9878-13271f37ca5e,Kitchen,Modern White,Small Family,Natural Daylight,Pastel,"Shelves, Lighting Fixtures",submitted,horizontal_flip,2026-04-06T10:35:52.421291+00:00,00002238_horizontal_flip.jpg,examples/dataset/images/horizontal_flip_0301_00002238_horizontal_flip.jpg
7633d32d-8033-45ba-9db7-9e712cbbafd4,5bcf97f3-6be3-41fd-93ee-f8a6178540c4,Lounge,Modern White,Cozy Family,Natural Daylight,Neutral,"Desks, Sofas, Chair",submitted,scaled_crop,2026-04-06T10:35:55.222902+00:00,00002240_scaled_crop.jpg,examples/dataset/images/scaled_crop_0302_00002240_scaled_crop.jpg
89829f2f-cc1d-4025-b272-cc4ade2e8ccd,5bcf97f3-6be3-41fd-93ee-f8a6178540c4,Lounge,Modern White,Cozy Family,Natural Daylight,Neutral,"Desks, Sofas, Chair",submitted,horizontal_flip,2026-04-06T10:35:55.780137+00:00,00002240_horizontal_flip.jpg,examples/dataset/images/horizontal_flip_0303_00002240_horizontal_flip.jpg
c5ae5c04-4a67-414c-a967-d4f257a248fe,d640edf6-ca4e-4269-bd7f-ecc3317c1dd5,Lounge,Modern White,Formal Entertaining,Natural Daylight,Brand-specific,"Sofas, Table",submitted,scaled_crop,2026-04-06T10:35:58.478045+00:00,00002241_scaled_crop.jpg,examples/dataset/images/scaled_crop_0304_00002241_scaled_crop.jpg
402c6bfc-717d-4208-bbcc-af1d410b222c,d640edf6-ca4e-4269-bd7f-ecc3317c1dd5,Lounge,Modern White,Formal Entertaining,Natural Daylight,Brand-specific,"Sofas, Table",submitted,horizontal_flip,2026-04-06T10:35:59.015005+00:00,00002241_horizontal_flip.jpg,examples/dataset/images/horizontal_flip_0305_00002241_horizontal_flip.jpg
d70fad76-5ed0-4521-bb24-9ada530667dc,6ead1488-57df-4671-b2d0-dba168ed4bdc,Lounge,Earthy Terracotta,Cozy Family,Warm Indoor Lighting,Neutral,"Sofas, Table",submitted,scaled_crop,2026-04-06T10:36:01.754117+00:00,00002243_scaled_crop.jpg,examples/dataset/images/scaled_crop_0306_00002243_scaled_crop.jpg
22f84e7e-b021-4d25-af41-9cc6212fb056,6ead1488-57df-4671-b2d0-dba168ed4bdc,Lounge,Earthy Terracotta,Cozy Family,Warm Indoor Lighting,Neutral,"Sofas, Table",submitted,horizontal_flip,2026-04-06T10:36:02.417594+00:00,00002243_horizontal_flip.jpg,examples/dataset/images/horizontal_flip_0307_00002243_horizontal_flip.jpg
cc51357c-1390-43e1-b9c6-010f1b599691,aae427d7-d711-4136-875d-c592611cd158,Lounge,Soft Beige,Cozy Family,LED Office Lighting,Neutral,"Sofas, Table, Chair",submitted,scaled_crop,2026-04-06T10:36:05.050155+00:00,00002309_scaled_crop.jpg,examples/dataset/images/scaled_crop_0308_00002309_scaled_crop.jpg
10cb9d5a-fffc-4b3a-9b47-2ffb8255f622,aae427d7-d711-4136-875d-c592611cd158,Lounge,Soft Beige,Cozy Family,LED Office Lighting,Neutral,"Sofas, Table, Chair",submitted,horizontal_flip,2026-04-06T10:36:05.577869+00:00,00002309_horizontal_flip.jpg,examples/dataset/images/horizontal_flip_0309_00002309_horizontal_flip.jpg
9c8c738e-905e-4caf-899d-e86cdf80a025,fda68596-f114-4c64-9f23-042170776cd3,Kitchen,Modern White,Open Concept,Warm Indoor Lighting,Neutral,"Shelves, Table, Chair, Lighting Fixtures",submitted,scaled_crop,2026-04-06T10:36:08.232896+00:00,00003725_scaled_crop.jpg,examples/dataset/images/scaled_crop_0310_00003725_scaled_crop.jpg
fc0bd190-6e1e-4846-b22c-18af3a438f6f,fda68596-f114-4c64-9f23-042170776cd3,Kitchen,Modern White,Open Concept,Warm Indoor Lighting,Neutral,"Shelves, Table, Chair, Lighting Fixtures",submitted,horizontal_flip,2026-04-06T10:36:08.79845+00:00,00003725_horizontal_flip.jpg,examples/dataset/images/horizontal_flip_0311_00003725_horizontal_flip.jpg
dbeeb11c-9c4b-4089-bd65-4113be01a0c2,4128d168-a0cd-406d-8a20-b52f6db720bf,Kitchen,Emerald Green,Small Family,Natural Daylight,Warm,"Shelves, Table, Chair, Lighting Fixtures",submitted,scaled_crop,2026-04-06T10:36:11.320209+00:00,00003842_scaled_crop.jpg,examples/dataset/images/scaled_crop_0312_00003842_scaled_crop.jpg
5494ddaa-059f-4f43-8aa0-dfb8f41d9b29,4128d168-a0cd-406d-8a20-b52f6db720bf,Kitchen,Emerald Green,Small Family,Natural Daylight,Warm,"Shelves, Table, Chair, Lighting Fixtures",submitted,horizontal_flip,2026-04-06T10:36:11.87398+00:00,00003842_horizontal_flip.jpg,examples/dataset/images/horizontal_flip_0313_00003842_horizontal_flip.jpg
64bf6f57-fc8d-4ad9-b5aa-dee797e5cd79,bc75c58f-2873-408f-be4a-e56bd1a106c9,Dining Room,Soft Beige,Bistro Style,Warm Indoor Lighting,Warm,"Table, Chair, Lighting Fixtures",submitted,scaled_crop,2026-04-06T10:36:13.859607+00:00,00002372_scaled_crop.jpg,examples/dataset/images/scaled_crop_0314_00002372_scaled_crop.jpg
011e0296-be24-4705-9034-532fc9a0144b,bc75c58f-2873-408f-be4a-e56bd1a106c9,Dining Room,Soft Beige,Bistro Style,Warm Indoor Lighting,Warm,"Table, Chair, Lighting Fixtures",submitted,horizontal_flip,2026-04-06T10:36:14.386111+00:00,00002372_horizontal_flip.jpg,examples/dataset/images/horizontal_flip_0315_00002372_horizontal_flip.jpg
47e105dd-b754-481f-8de2-7f4945a31b61,af286dd8-a703-474c-a897-ecde57f21a84,Bedroom,Earthy Terracotta,Master Suite,Warm Indoor Lighting,Warm,"Table, Bed, Lighting Fixtures",submitted,scaled_crop,2026-04-06T10:36:16.731669+00:00,00000046_scaled_crop.jpg,examples/dataset/images/scaled_crop_0316_00000046_scaled_crop.jpg
837690f1-9558-41de-a44f-364032a4ebd1,af286dd8-a703-474c-a897-ecde57f21a84,Bedroom,Earthy Terracotta,Master Suite,Warm Indoor Lighting,Warm,"Table, Bed, Lighting Fixtures",submitted,horizontal_flip,2026-04-06T10:36:17.280547+00:00,00000046_horizontal_flip.jpg,examples/dataset/images/horizontal_flip_0317_00000046_horizontal_flip.jpg
d78d8ab5-26fe-45ad-8cdc-335acc402003,b3367745-e9ca-4ca1-890a-76d258a5d883,Kitchen,Sleek Charcoal,Modern Minimalist,Natural Daylight,Dark Mode,"Shelves, Lighting Fixtures, Partitions",submitted,scaled_crop,2026-04-06T10:36:19.877829+00:00,00001442_scaled_crop.jpg,examples/dataset/images/scaled_crop_0318_00001442_scaled_crop.jpg
92d6b9cf-0fdb-4eca-8544-906e954a2f21,b3367745-e9ca-4ca1-890a-76d258a5d883,Kitchen,Sleek Charcoal,Modern Minimalist,Natural Daylight,Dark Mode,"Shelves, Lighting Fixtures, Partitions",submitted,horizontal_flip,2026-04-06T10:36:20.409064+00:00,00001442_horizontal_flip.jpg,examples/dataset/images/horizontal_flip_0319_00001442_horizontal_flip.jpg
631b36d0-d3b0-4392-bdea-1bc2e5236971,b95ab3ea-fdad-4d02-b49d-d4392a118995,Lounge,Modern White,Formal Entertaining,Natural Daylight,Neutral,"Sofas, Table, Plants",submitted,scaled_crop,2026-04-06T10:36:22.825077+00:00,00003919_scaled_crop.jpg,examples/dataset/images/scaled_crop_0320_00003919_scaled_crop.jpg
8c0b0067-df89-46cd-88ee-cf90b56d0846,b95ab3ea-fdad-4d02-b49d-d4392a118995,Lounge,Modern White,Formal Entertaining,Natural Daylight,Neutral,"Sofas, Table, Plants",submitted,horizontal_flip,2026-04-06T10:36:23.355374+00:00,00003919_horizontal_flip.jpg,examples/dataset/images/horizontal_flip_0321_00003919_horizontal_flip.jpg
88960022-f4b1-40da-8568-30ba8c1023de,1ff6cffb-06ca-40aa-aa07-40d784855508,Bedroom,Earthy Terracotta,Master Suite,Natural Daylight,Warm,"Sofas, Table, Bed, Lighting Fixtures",submitted,scaled_crop,2026-04-06T10:36:26.184102+00:00,00004021_scaled_crop.jpg,examples/dataset/images/scaled_crop_0322_00004021_scaled_crop.jpg
a51d09c3-1024-41dd-98c3-5bfe833a2e82,1ff6cffb-06ca-40aa-aa07-40d784855508,Bedroom,Earthy Terracotta,Master Suite,Natural Daylight,Warm,"Sofas, Table, Bed, Lighting Fixtures",submitted,horizontal_flip,2026-04-06T10:36:26.751067+00:00,00004021_horizontal_flip.jpg,examples/dataset/images/horizontal_flip_0323_00004021_horizontal_flip.jpg
eb397da3-8ceb-4cab-8462-fa0cdfe80424,3e2f31c2-966a-4353-9ebb-4e3c16ed392b,Lounge,Modern White,Formal Entertaining,Natural Daylight,Neutral,"Sofas, Table, Chair, Lighting Fixtures, Plants, Partitions",submitted,scaled_crop,2026-04-06T10:36:29.276093+00:00,00003328_scaled_crop.jpg,examples/dataset/images/scaled_crop_0324_00003328_scaled_crop.jpg
5d85e99f-ee29-4201-bba5-19298cc60d71,3e2f31c2-966a-4353-9ebb-4e3c16ed392b,Lounge,Modern White,Formal Entertaining,Natural Daylight,Neutral,"Sofas, Table, Chair, Lighting Fixtures, Plants, Partitions",submitted,horizontal_flip,2026-04-06T10:36:29.798261+00:00,00003328_horizontal_flip.jpg,examples/dataset/images/horizontal_flip_0325_00003328_horizontal_flip.jpg
b2853a59-6ce7-4631-b3bd-a491ad0483f4,f1155171-4ee2-458a-a05e-bc0ed74f0323,Lounge,Soft Beige,Formal Entertaining,Natural Daylight,Neutral,"Sofas, Table, Chair, Lighting Fixtures, Plants",submitted,scaled_crop,2026-04-06T10:36:32.536173+00:00,00003443_scaled_crop.jpg,examples/dataset/images/scaled_crop_0326_00003443_scaled_crop.jpg
f994c019-568a-4bd2-9209-40d61cea1c94,f1155171-4ee2-458a-a05e-bc0ed74f0323,Lounge,Soft Beige,Formal Entertaining,Natural Daylight,Neutral,"Sofas, Table, Chair, Lighting Fixtures, Plants",submitted,horizontal_flip,2026-04-06T10:36:33.077716+00:00,00003443_horizontal_flip.jpg,examples/dataset/images/horizontal_flip_0327_00003443_horizontal_flip.jpg
5752e0f1-0927-4ed0-b4c9-331ff2bd6134,1bd481d2-7759-44ed-855f-01b5e8dab603,Lounge,Modern White,Reading Nook,Natural Daylight,Neutral,"Shelves, Table, Chair",submitted,scaled_crop,2026-04-06T10:36:35.636064+00:00,00003547_scaled_crop.jpg,examples/dataset/images/scaled_crop_0328_00003547_scaled_crop.jpg
859cda97-a718-481f-962b-a006d49d2212,1bd481d2-7759-44ed-855f-01b5e8dab603,Lounge,Modern White,Reading Nook,Natural Daylight,Neutral,"Shelves, Table, Chair",submitted,horizontal_flip,2026-04-06T10:36:36.191733+00:00,00003547_horizontal_flip.jpg,examples/dataset/images/horizontal_flip_0329_00003547_horizontal_flip.jpg
ce2bba7d-ef9c-4307-877e-8709f72c288d,95ee54f0-9482-40fe-abce-5d3bd6209a7f,Dining Room,Emerald Green,Formal,Natural Daylight,Neutral,"Table, Chair, Lighting Fixtures, Plants",submitted,scaled_crop,2026-04-06T10:36:38.786159+00:00,00003645_scaled_crop.jpg,examples/dataset/images/scaled_crop_0330_00003645_scaled_crop.jpg
624dd66e-7745-4363-ac36-d00ffdbbdc60,95ee54f0-9482-40fe-abce-5d3bd6209a7f,Dining Room,Emerald Green,Formal,Natural Daylight,Neutral,"Table, Chair, Lighting Fixtures, Plants",submitted,horizontal_flip,2026-04-06T10:36:39.341+00:00,00003645_horizontal_flip.jpg,examples/dataset/images/horizontal_flip_0331_00003645_horizontal_flip.jpg
462a461d-9b01-4929-9b31-38e4428b7576,710ec57c-e774-4328-a305-437e6d92e04d,Lounge,Earthy Terracotta,Formal Entertaining,Natural Daylight,Neutral,"Sofas, Table, Chair, Lighting Fixtures",submitted,scaled_crop,2026-04-06T10:36:41.199627+00:00,00002244_scaled_crop.jpg,examples/dataset/images/scaled_crop_0332_00002244_scaled_crop.jpg
44eb3186-6eb8-4cd3-af26-28d556b834c9,710ec57c-e774-4328-a305-437e6d92e04d,Lounge,Earthy Terracotta,Formal Entertaining,Natural Daylight,Neutral,"Sofas, Table, Chair, Lighting Fixtures",submitted,horizontal_flip,2026-04-06T10:36:41.73615+00:00,00002244_horizontal_flip.jpg,examples/dataset/images/horizontal_flip_0333_00002244_horizontal_flip.jpg
3fc575ff-652d-4159-a476-3aa71974d493,fec79246-6156-4a87-b9c8-9fee52b21fe3,Lounge,Modern White,Reading Nook,LED Office Lighting,Pastel,"Sofas, Table",submitted,scaled_crop,2026-04-06T10:36:44.336797+00:00,00002311_scaled_crop.jpg,examples/dataset/images/scaled_crop_0334_00002311_scaled_crop.jpg
b0f6a646-aad4-4a81-b52c-6519ba130a84,fec79246-6156-4a87-b9c8-9fee52b21fe3,Lounge,Modern White,Reading Nook,LED Office Lighting,Pastel,"Sofas, Table",submitted,horizontal_flip,2026-04-06T10:36:44.835391+00:00,00002311_horizontal_flip.jpg,examples/dataset/images/horizontal_flip_0335_00002311_horizontal_flip.jpg
a66359b5-c5aa-46e1-9dfd-fac669a28ef8,ec16b6e0-1c4f-40d2-b252-ed4499a0a0df,Bedroom,Soft Beige,Guest,Natural Daylight,Neutral,"Sofas, Table, Bed",submitted,scaled_crop,2026-04-06T10:36:46.538213+00:00,00003728_scaled_crop.jpg,examples/dataset/images/scaled_crop_0336_00003728_scaled_crop.jpg
6116944c-20d1-42d1-ad2a-fd83230bff9f,ec16b6e0-1c4f-40d2-b252-ed4499a0a0df,Bedroom,Soft Beige,Guest,Natural Daylight,Neutral,"Sofas, Table, Bed",submitted,horizontal_flip,2026-04-06T10:36:47.075153+00:00,00003728_horizontal_flip.jpg,examples/dataset/images/horizontal_flip_0337_00003728_horizontal_flip.jpg
5cdc9ca4-2bd4-465b-bf14-6c59ca65b74d,824a2829-d585-4961-8496-8c534c75818f,Dining Room,Sleek Charcoal,Bistro Style,Warm Indoor Lighting,Warm,"Shelves, Chair, Lighting Fixtures",submitted,scaled_crop,2026-04-06T10:36:49.643374+00:00,00001245_scaled_crop.jpg,examples/dataset/images/scaled_crop_0338_00001245_scaled_crop.jpg
15cca03a-f660-4922-a0fc-c5da6e0a184d,824a2829-d585-4961-8496-8c534c75818f,Dining Room,Sleek Charcoal,Bistro Style,Warm Indoor Lighting,Warm,"Shelves, Chair, Lighting Fixtures",submitted,horizontal_flip,2026-04-06T10:36:50.170707+00:00,00001245_horizontal_flip.jpg,examples/dataset/images/horizontal_flip_0339_00001245_horizontal_flip.jpg
e7164d2e-cc0c-4141-b661-959dfcf2e305,7c40837e-7c19-439a-ba3f-b03bbcc372fd,Lounge,Sleek Charcoal,Cozy Family,LED Office Lighting,Neutral,"Sofas, Plants",submitted,scaled_crop,2026-04-06T10:36:53.404969+00:00,00002374_scaled_crop.jpg,examples/dataset/images/scaled_crop_0340_00002374_scaled_crop.jpg
f4e83d1f-7f62-4eda-827a-2b39743647e3,7c40837e-7c19-439a-ba3f-b03bbcc372fd,Lounge,Sleek Charcoal,Cozy Family,LED Office Lighting,Neutral,"Sofas, Plants",submitted,horizontal_flip,2026-04-06T10:36:53.965396+00:00,00002374_horizontal_flip.jpg,examples/dataset/images/horizontal_flip_0341_00002374_horizontal_flip.jpg
6503362e-7ddf-42ef-b82d-eef94b801d47,db099f18-264a-4408-a1ec-37eeb315c3ed,Lounge,Modern White,Home Theater,LED Office Lighting,Neutral,"Sofas, Table, Lighting Fixtures, Plants",submitted,scaled_crop,2026-04-06T10:36:56.099091+00:00,00002416_scaled_crop.jpg,examples/dataset/images/scaled_crop_0342_00002416_scaled_crop.jpg
8ebaa68e-a3e1-4826-b004-f3110c5c8e1b,db099f18-264a-4408-a1ec-37eeb315c3ed,Lounge,Modern White,Home Theater,LED Office Lighting,Neutral,"Sofas, Table, Lighting Fixtures, Plants",submitted,horizontal_flip,2026-04-06T10:36:56.637944+00:00,00002416_horizontal_flip.jpg,examples/dataset/images/horizontal_flip_0343_00002416_horizontal_flip.jpg
45e16152-37c0-4b3f-a487-0f074663fffb,6261504e-9e4d-4f68-9f35-ca20810c1e9b,Bedroom,Earthy Terracotta,Master Suite,Warm Indoor Lighting,Warm,"Sofas, Bed, Lighting Fixtures, Plants",submitted,scaled_crop,2026-04-06T10:36:58.798997+00:00,00000154_scaled_crop.jpg,examples/dataset/images/scaled_crop_0344_00000154_scaled_crop.jpg
33aeaf9c-4f68-4f7c-89bd-1148f79d907a,6261504e-9e4d-4f68-9f35-ca20810c1e9b,Bedroom,Earthy Terracotta,Master Suite,Warm Indoor Lighting,Warm,"Sofas, Bed, Lighting Fixtures, Plants",submitted,horizontal_flip,2026-04-06T10:36:59.316249+00:00,00000154_horizontal_flip.jpg,examples/dataset/images/horizontal_flip_0345_00000154_horizontal_flip.jpg
69fa1e58-8106-4ff6-b3ec-be0db5f72409,cba922e1-3306-40f6-8623-71fe3fcb3d5f,Dining Room,Sleek Charcoal,Casual Family,Warm Indoor Lighting,Neutral,"Sofas, Shelves, Table, Chair, Lighting Fixtures, Plants",submitted,scaled_crop,2026-04-06T10:37:02.30854+00:00,00001447_scaled_crop.jpg,examples/dataset/images/scaled_crop_0346_00001447_scaled_crop.jpg
b3f7d220-c7ab-40be-9ee8-9d9034ab5907,cba922e1-3306-40f6-8623-71fe3fcb3d5f,Dining Room,Sleek Charcoal,Casual Family,Warm Indoor Lighting,Neutral,"Sofas, Shelves, Table, Chair, Lighting Fixtures, Plants",submitted,horizontal_flip,2026-04-06T10:37:02.977363+00:00,00001447_horizontal_flip.jpg,examples/dataset/images/horizontal_flip_0347_00001447_horizontal_flip.jpg
22fc3915-2225-4402-a461-f525ee308481,da32e55a-9e7d-4005-8af0-ae5107846522,Lounge,Earthy Terracotta,Social Hub,Warm Indoor Lighting,Warm,"Shelves, Table, Chair, Lighting Fixtures, Plants",submitted,scaled_crop,2026-04-06T10:37:05.850931+00:00,00003922_scaled_crop.jpg,examples/dataset/images/scaled_crop_0348_00003922_scaled_crop.jpg
0187a5b2-5c32-4c32-aa96-a73fbd41a571,da32e55a-9e7d-4005-8af0-ae5107846522,Lounge,Earthy Terracotta,Social Hub,Warm Indoor Lighting,Warm,"Shelves, Table, Chair, Lighting Fixtures, Plants",submitted,horizontal_flip,2026-04-06T10:37:06.420078+00:00,00003922_horizontal_flip.jpg,examples/dataset/images/horizontal_flip_0349_00003922_horizontal_flip.jpg
2f503192-eaca-472b-9976-722158bab480,016739b0-0846-4896-8648-43e0c3dcec04,Bedroom,Emerald Green,Adults,Natural Daylight,Neutral,"Table, Bed",submitted,scaled_crop,2026-04-06T10:37:08.193824+00:00,00003927_scaled_crop.jpg,examples/dataset/images/scaled_crop_0350_00003927_scaled_crop.jpg
e843f856-a8c2-4426-81b8-afc13d9819bd,016739b0-0846-4896-8648-43e0c3dcec04,Bedroom,Emerald Green,Adults,Natural Daylight,Neutral,"Table, Bed",submitted,horizontal_flip,2026-04-06T10:37:09.060588+00:00,00003927_horizontal_flip.jpg,examples/dataset/images/horizontal_flip_0351_00003927_horizontal_flip.jpg
8a11d080-945a-4fd1-8274-9d6c89591eeb,15c7d6ce-d9c7-447f-b230-59dac2a899ba,Lounge,Modern White,Formal Entertaining,Natural Daylight,Neutral,"Sofas, Table, Lighting Fixtures, Plants",submitted,scaled_crop,2026-04-06T10:37:12.001218+00:00,00004027_scaled_crop.jpg,examples/dataset/images/scaled_crop_0352_00004027_scaled_crop.jpg
daec6380-aed9-44a9-bddf-83060fdaf5f4,15c7d6ce-d9c7-447f-b230-59dac2a899ba,Lounge,Modern White,Formal Entertaining,Natural Daylight,Neutral,"Sofas, Table, Lighting Fixtures, Plants",submitted,horizontal_flip,2026-04-06T10:37:12.564578+00:00,00004027_horizontal_flip.jpg,examples/dataset/images/horizontal_flip_0353_00004027_horizontal_flip.jpg
494294c9-e854-4054-9d82-9ceefc7c101b,ea6f0f92-6649-4687-ae65-915bdf0e975b,Bedroom,Earthy Terracotta,Adults,Natural Daylight,Warm,"Table, Chair, Bed, Lighting Fixtures",submitted,scaled_crop,2026-04-06T10:37:15.346444+00:00,00004271_scaled_crop.jpg,examples/dataset/images/scaled_crop_0354_00004271_scaled_crop.jpg
b2e18dd8-e093-401b-a95c-7d8a3e0e84dc,ea6f0f92-6649-4687-ae65-915bdf0e975b,Bedroom,Earthy Terracotta,Adults,Natural Daylight,Warm,"Table, Chair, Bed, Lighting Fixtures",submitted,horizontal_flip,2026-04-06T10:37:15.899114+00:00,00004271_horizontal_flip.jpg,examples/dataset/images/horizontal_flip_0355_00004271_horizontal_flip.jpg
e8837357-b16d-46d7-a8cc-fc096786dd4f,52deb560-2bf5-424d-9bd1-f56de94e6be1,Bedroom,Soft Beige,Master Suite,Warm Indoor Lighting,Warm,"Sofas, Table, Bed, Lighting Fixtures",submitted,scaled_crop,2026-04-06T10:37:18.57034+00:00,00003331_scaled_crop.jpg,examples/dataset/images/scaled_crop_0356_00003331_scaled_crop.jpg
468ed02a-fcdf-4c46-9dbd-468c6a30d4e4,52deb560-2bf5-424d-9bd1-f56de94e6be1,Bedroom,Soft Beige,Master Suite,Warm Indoor Lighting,Warm,"Sofas, Table, Bed, Lighting Fixtures",submitted,horizontal_flip,2026-04-06T10:37:19.134357+00:00,00003331_horizontal_flip.jpg,examples/dataset/images/horizontal_flip_0357_00003331_horizontal_flip.jpg
6e6beb3a-eab7-4514-80f5-3da89872ee07,6ea261f8-6df3-44a4-aaf7-2e0f0492dfc1,Lounge,Earthy Terracotta,Formal Entertaining,Warm Indoor Lighting,Warm,"Sofas, Table, Lighting Fixtures, Partitions",submitted,scaled_crop,2026-04-06T10:37:21.79311+00:00,00003444_scaled_crop.jpg,examples/dataset/images/scaled_crop_0358_00003444_scaled_crop.jpg
26dbd93e-2e24-4daa-86df-fadec0032fcd,6ea261f8-6df3-44a4-aaf7-2e0f0492dfc1,Lounge,Earthy Terracotta,Formal Entertaining,Warm Indoor Lighting,Warm,"Sofas, Table, Lighting Fixtures, Partitions",submitted,horizontal_flip,2026-04-06T10:37:22.389298+00:00,00003444_horizontal_flip.jpg,examples/dataset/images/horizontal_flip_0359_00003444_horizontal_flip.jpg
8a542800-9036-4b79-9928-a5cf092dc9aa,e6ad674a-9a49-414e-ae41-313f0130f117,Lounge,Soft Beige,Formal Entertaining,Natural Daylight,Neutral,"Sofas, Table, Chair, Lighting Fixtures",submitted,scaled_crop,2026-04-06T10:37:24.990086+00:00,00003549_scaled_crop.jpg,examples/dataset/images/scaled_crop_0360_00003549_scaled_crop.jpg
05391a37-b5d7-4a90-9158-430d9c662185,e6ad674a-9a49-414e-ae41-313f0130f117,Lounge,Soft Beige,Formal Entertaining,Natural Daylight,Neutral,"Sofas, Table, Chair, Lighting Fixtures",submitted,horizontal_flip,2026-04-06T10:37:25.539281+00:00,00003549_horizontal_flip.jpg,examples/dataset/images/horizontal_flip_0361_00003549_horizontal_flip.jpg
08be9e67-0a2a-4b45-aa08-08ea7de3874f,c9cb8fe5-497d-4944-b801-34d80bda6b5a,Dining Room,Modern White,Formal,Natural Daylight,Neutral,"Table, Chair, Lighting Fixtures, Plants",submitted,scaled_crop,2026-04-06T10:37:28.198128+00:00,00003646_scaled_crop.jpg,examples/dataset/images/scaled_crop_0362_00003646_scaled_crop.jpg
543c7d8f-69bb-461d-814d-9abb52b3e5b5,c9cb8fe5-497d-4944-b801-34d80bda6b5a,Dining Room,Modern White,Formal,Natural Daylight,Neutral,"Table, Chair, Lighting Fixtures, Plants",submitted,horizontal_flip,2026-04-06T10:37:28.746504+00:00,00003646_horizontal_flip.jpg,examples/dataset/images/horizontal_flip_0363_00003646_horizontal_flip.jpg
27c077e4-2c2f-4cd2-8e22-afb2c2b4e0fe,697fc0c4-8f3c-44ae-ae5f-62c3ee2c6996,Lounge,Modern White,Formal Entertaining,Natural Daylight,Neutral,"Sofas, Table, Chair, Lighting Fixtures",submitted,scaled_crop,2026-04-06T10:37:31.487833+00:00,00002246_scaled_crop.jpg,examples/dataset/images/scaled_crop_0364_00002246_scaled_crop.jpg
4e96c4fb-bc6c-4d3d-b20f-53ed71d9338b,697fc0c4-8f3c-44ae-ae5f-62c3ee2c6996,Lounge,Modern White,Formal Entertaining,Natural Daylight,Neutral,"Sofas, Table, Chair, Lighting Fixtures",submitted,horizontal_flip,2026-04-06T10:37:32.061381+00:00,00002246_horizontal_flip.jpg,examples/dataset/images/horizontal_flip_0365_00002246_horizontal_flip.jpg
fff852fd-ce3c-424f-85da-d822fbdd7164,16c5be80-ca83-4908-9a02-ec82b83c4008,Kitchen,Modern White,Small Family,Natural Daylight,Pastel,Lighting Fixtures,submitted,scaled_crop,2026-04-06T10:37:34.720818+00:00,00002314_scaled_crop.jpg,examples/dataset/images/scaled_crop_0366_00002314_scaled_crop.jpg
54d37936-1917-4cc9-a92a-bb65b0c0b36b,16c5be80-ca83-4908-9a02-ec82b83c4008,Kitchen,Modern White,Small Family,Natural Daylight,Pastel,Lighting Fixtures,submitted,horizontal_flip,2026-04-06T10:37:35.276773+00:00,00002314_horizontal_flip.jpg,examples/dataset/images/horizontal_flip_0367_00002314_horizontal_flip.jpg
b4d335dc-0183-4428-ac0d-6eeacd5675c6,8c9c0fce-2f0a-454e-b745-c531d01d1e50,Lounge,Modern White,Formal Entertaining,Natural Daylight,Neutral,"Sofas, Table, Chair, Lighting Fixtures",submitted,scaled_crop,2026-04-06T10:37:37.055371+00:00,00003732_scaled_crop.jpg,examples/dataset/images/scaled_crop_0368_00003732_scaled_crop.jpg
ccfed940-0e63-4734-af4d-daa43ff06cfb,8c9c0fce-2f0a-454e-b745-c531d01d1e50,Lounge,Modern White,Formal Entertaining,Natural Daylight,Neutral,"Sofas, Table, Chair, Lighting Fixtures",submitted,horizontal_flip,2026-04-06T10:37:37.779601+00:00,00003732_horizontal_flip.jpg,examples/dataset/images/horizontal_flip_0369_00003732_horizontal_flip.jpg
dc1aaa9b-1de0-49dc-83bb-d7e3cbcf011b,eb3b0f9c-7e30-497e-b10b-35fb7b482790,Bedroom,Sleek Charcoal,Minimalist Retreat,Warm Indoor Lighting,Dark Mode,"Bed, Lighting Fixtures",submitted,scaled_crop,2026-04-06T10:37:40.955595+00:00,00001254_scaled_crop.jpg,examples/dataset/images/scaled_crop_0370_00001254_scaled_crop.jpg
cb82ee28-3453-46d3-8604-492bd9edcaf6,eb3b0f9c-7e30-497e-b10b-35fb7b482790,Bedroom,Sleek Charcoal,Minimalist Retreat,Warm Indoor Lighting,Dark Mode,"Bed, Lighting Fixtures",submitted,horizontal_flip,2026-04-06T10:37:41.666252+00:00,00001254_horizontal_flip.jpg,examples/dataset/images/horizontal_flip_0371_00001254_horizontal_flip.jpg
d009233c-914a-405a-a93b-06b1a135a075,29c5d239-5598-4f4d-8190-e45cde77cf04,Lounge,Emerald Green,Reading Nook,Warm Indoor Lighting,Warm,"Sofas, Table, Plants",submitted,scaled_crop,2026-04-06T10:37:44.53467+00:00,00002376_scaled_crop.jpg,examples/dataset/images/scaled_crop_0372_00002376_scaled_crop.jpg
cc951d7b-3ae4-45d2-bed3-0e8d3f662213,29c5d239-5598-4f4d-8190-e45cde77cf04,Lounge,Emerald Green,Reading Nook,Warm Indoor Lighting,Warm,"Sofas, Table, Plants",submitted,horizontal_flip,2026-04-06T10:37:45.215928+00:00,00002376_horizontal_flip.jpg,examples/dataset/images/horizontal_flip_0373_00002376_horizontal_flip.jpg
c09bf6a6-b04e-4322-9576-f69a3caadc6b,14d070c3-169c-44ac-8caf-ae2410e1146c,Bedroom,Modern White,Adults,LED Office Lighting,Neutral,"Desks, Bed, Lighting Fixtures, Plants",submitted,scaled_crop,2026-04-06T10:37:48.121479+00:00,00002419_scaled_crop.jpg,examples/dataset/images/scaled_crop_0374_00002419_scaled_crop.jpg
cf715a22-c680-41c6-b9c9-c24545c1038d,14d070c3-169c-44ac-8caf-ae2410e1146c,Bedroom,Modern White,Adults,LED Office Lighting,Neutral,"Desks, Bed, Lighting Fixtures, Plants",submitted,horizontal_flip,2026-04-06T10:37:48.841064+00:00,00002419_horizontal_flip.jpg,examples/dataset/images/horizontal_flip_0375_00002419_horizontal_flip.jpg
44cf47e9-a8d7-4ede-bc3e-e74572c05880,0afacaf1-a158-48f2-92a7-10f67818b6dd,Bedroom,Modern White,Guest,Natural Daylight,Neutral,"Table, Bed, Partitions",submitted,scaled_crop,2026-04-06T10:37:51.495802+00:00,00001455_scaled_crop.jpg,examples/dataset/images/scaled_crop_0376_00001455_scaled_crop.jpg
8e92861f-a01c-4a10-ab8c-2e7aeb9859f6,0afacaf1-a158-48f2-92a7-10f67818b6dd,Bedroom,Modern White,Guest,Natural Daylight,Neutral,"Table, Bed, Partitions",submitted,horizontal_flip,2026-04-06T10:37:52.114384+00:00,00001455_horizontal_flip.jpg,examples/dataset/images/horizontal_flip_0377_00001455_horizontal_flip.jpg
ca44e10b-1c04-4b59-a0a7-0ac7c422d3bd,62712f1a-6022-4eaa-addc-1fbfaa089815,Bedroom,Royal Blue,Kids,Natural Daylight,Neutral,"Table, Bed, Lighting Fixtures, Plants",submitted,scaled_crop,2026-04-06T10:37:55.081267+00:00,00004031_scaled_crop.jpg,examples/dataset/images/scaled_crop_0378_00004031_scaled_crop.jpg
9228a39e-4f9d-42f2-863c-613081d2b317,62712f1a-6022-4eaa-addc-1fbfaa089815,Bedroom,Royal Blue,Kids,Natural Daylight,Neutral,"Table, Bed, Lighting Fixtures, Plants",submitted,horizontal_flip,2026-04-06T10:37:55.812908+00:00,00004031_horizontal_flip.jpg,examples/dataset/images/horizontal_flip_0379_00004031_horizontal_flip.jpg
2a35fb85-86bc-4aa0-bc7d-a4b09a70c794,608c6cdc-7f7f-4842-8461-eb76cb035df0,Kitchen,Sleek Charcoal,Open Concept,Natural Daylight,Warm,"Table, Chair, Lighting Fixtures, Plants",submitted,scaled_crop,2026-04-06T10:37:58.776718+00:00,00004172_scaled_crop.jpg,examples/dataset/images/scaled_crop_0380_00004172_scaled_crop.jpg
a70f811c-0928-404d-968b-b95440c263f2,608c6cdc-7f7f-4842-8461-eb76cb035df0,Kitchen,Sleek Charcoal,Open Concept,Natural Daylight,Warm,"Table, Chair, Lighting Fixtures, Plants",submitted,horizontal_flip,2026-04-06T10:37:59.381599+00:00,00004172_horizontal_flip.jpg,examples/dataset/images/horizontal_flip_0381_00004172_horizontal_flip.jpg
ad133973-683a-4ecc-9cd4-ca0719e0ecda,028c630b-a589-4b9f-9716-f8bc6275be80,Lounge,Earthy Terracotta,Formal Entertaining,Warm Indoor Lighting,Dark Mode,"Sofas, Table, Chair, Lighting Fixtures",submitted,scaled_crop,2026-04-06T10:38:02.311595+00:00,00004274_scaled_crop.jpg,examples/dataset/images/scaled_crop_0382_00004274_scaled_crop.jpg
f967478d-1950-47cf-bcaa-1e57bfc51ce7,028c630b-a589-4b9f-9716-f8bc6275be80,Lounge,Earthy Terracotta,Formal Entertaining,Warm Indoor Lighting,Dark Mode,"Sofas, Table, Chair, Lighting Fixtures",submitted,horizontal_flip,2026-04-06T10:38:03.067537+00:00,00004274_horizontal_flip.jpg,examples/dataset/images/horizontal_flip_0383_00004274_horizontal_flip.jpg
119becc7-2dcf-494b-8d8a-49950406ddf4,cff5290d-4d6b-4f5c-a770-17374cfa4f94,Lounge,Earthy Terracotta,Formal Entertaining,Warm Indoor Lighting,Warm,"Sofas, Table, Lighting Fixtures, Partitions",submitted,scaled_crop,2026-04-06T10:38:06.038408+00:00,00003335_scaled_crop.jpg,examples/dataset/images/scaled_crop_0384_00003335_scaled_crop.jpg
55a4768c-6b8d-4631-b44b-2a811a358287,cff5290d-4d6b-4f5c-a770-17374cfa4f94,Lounge,Earthy Terracotta,Formal Entertaining,Warm Indoor Lighting,Warm,"Sofas, Table, Lighting Fixtures, Partitions",submitted,horizontal_flip,2026-04-06T10:38:06.752605+00:00,00003335_horizontal_flip.jpg,examples/dataset/images/horizontal_flip_0385_00003335_horizontal_flip.jpg
08cab59d-3715-4738-b010-d858fe18326c,383a9a10-5223-4bae-89a9-1d286788721e,Bedroom,Modern White,Couple,Natural Daylight,Neutral,"Sofas, Table, Bed, Lighting Fixtures",submitted,scaled_crop,2026-04-06T10:38:09.933279+00:00,00003448_scaled_crop.jpg,examples/dataset/images/scaled_crop_0386_00003448_scaled_crop.jpg
601a78c3-09cd-431f-8327-b434acdca012,383a9a10-5223-4bae-89a9-1d286788721e,Bedroom,Modern White,Couple,Natural Daylight,Neutral,"Sofas, Table, Bed, Lighting Fixtures",submitted,horizontal_flip,2026-04-06T10:38:10.646674+00:00,00003448_horizontal_flip.jpg,examples/dataset/images/horizontal_flip_0387_00003448_horizontal_flip.jpg
e50285f9-04ce-43b5-abb1-37b00c98aae0,29ea289a-5a8e-4c05-9e0a-592a7ee466e8,Kitchen,Emerald Green,Open Concept,Natural Daylight,Warm,"Shelves, Lighting Fixtures",submitted,scaled_crop,2026-04-06T10:38:13.411035+00:00,00003554_scaled_crop.jpg,examples/dataset/images/scaled_crop_0388_00003554_scaled_crop.jpg
2abf374d-1bf0-4920-9a93-a14fb3880fc5,29ea289a-5a8e-4c05-9e0a-592a7ee466e8,Kitchen,Emerald Green,Open Concept,Natural Daylight,Warm,"Shelves, Lighting Fixtures",submitted,horizontal_flip,2026-04-06T10:38:14.126931+00:00,00003554_horizontal_flip.jpg,examples/dataset/images/horizontal_flip_0389_00003554_horizontal_flip.jpg
baf24d16-9298-4382-bd4b-51110a5460eb,e3af63c9-6db7-4a14-ab49-45a818923f44,Lounge,Soft Beige,Formal Entertaining,Natural Daylight,Neutral,"Sofas, Shelves, Table, Chair, Lighting Fixtures, Plants",submitted,scaled_crop,2026-04-06T10:38:16.276358+00:00,00003648_scaled_crop.jpg,examples/dataset/images/scaled_crop_0390_00003648_scaled_crop.jpg
cd9970a6-52b3-4f89-b3d6-5fbf35cfdd75,e3af63c9-6db7-4a14-ab49-45a818923f44,Lounge,Soft Beige,Formal Entertaining,Natural Daylight,Neutral,"Sofas, Shelves, Table, Chair, Lighting Fixtures, Plants",submitted,horizontal_flip,2026-04-06T10:38:16.996114+00:00,00003648_horizontal_flip.jpg,examples/dataset/images/horizontal_flip_0391_00003648_horizontal_flip.jpg
d594ce75-87ea-49dd-a95d-fe680cb54980,531d005f-a0a8-4005-b303-50016722fab0,Lounge,Modern White,Formal Entertaining,Natural Daylight,Pastel,"Sofas, Shelves",submitted,scaled_crop,2026-04-06T10:38:19.655115+00:00,00002250_scaled_crop.jpg,examples/dataset/images/scaled_crop_0392_00002250_scaled_crop.jpg
924c3dc5-edea-42d1-9708-be63fddb7818,531d005f-a0a8-4005-b303-50016722fab0,Lounge,Modern White,Formal Entertaining,Natural Daylight,Pastel,"Sofas, Shelves",submitted,horizontal_flip,2026-04-06T10:38:20.183605+00:00,00002250_horizontal_flip.jpg,examples/dataset/images/horizontal_flip_0393_00002250_horizontal_flip.jpg
a4f07798-7dab-4744-8975-e24c5df5ea84,7de14f46-9b69-4d85-a34a-92f299733ad4,Dining Room,Soft Beige,Casual Family,Warm Indoor Lighting,Warm,"Shelves, Table, Chair, Lighting Fixtures",submitted,scaled_crop,2026-04-06T10:38:23.138537+00:00,00002317_scaled_crop.jpg,examples/dataset/images/scaled_crop_0394_00002317_scaled_crop.jpg
870e84a3-9ef9-4741-8430-79fc0ddef38d,7de14f46-9b69-4d85-a34a-92f299733ad4,Dining Room,Soft Beige,Casual Family,Warm Indoor Lighting,Warm,"Shelves, Table, Chair, Lighting Fixtures",submitted,horizontal_flip,2026-04-06T10:38:23.855315+00:00,00002317_horizontal_flip.jpg,examples/dataset/images/horizontal_flip_0395_00002317_horizontal_flip.jpg
45d0e84d-4d9c-422d-bf1c-60ed20cba327,b8aad1f2-ae64-4390-9d73-94923aa9e0c4,Kitchen,Sleek Charcoal,Industrial Loft,Natural Daylight,Neutral,Shelves,submitted,scaled_crop,2026-04-06T10:38:27.433638+00:00,00001258_scaled_crop.jpg,examples/dataset/images/scaled_crop_0396_00001258_scaled_crop.jpg
9e58809f-a7a7-4f45-959e-27352dcb950c,b8aad1f2-ae64-4390-9d73-94923aa9e0c4,Kitchen,Sleek Charcoal,Industrial Loft,Natural Daylight,Neutral,Shelves,submitted,horizontal_flip,2026-04-06T10:38:28.052002+00:00,00001258_horizontal_flip.jpg,examples/dataset/images/horizontal_flip_0397_00001258_horizontal_flip.jpg
36c818dd-f70c-4162-a642-4a14f73b0000,10ad4fbc-d113-4b92-ac5e-327c887aa4f1,Dining Room,Sleek Charcoal,Formal,LED Office Lighting,Dark Mode,"Table, Chair, Lighting Fixtures",submitted,scaled_crop,2026-04-06T10:38:30.849918+00:00,00001295_scaled_crop.jpg,examples/dataset/images/scaled_crop_0398_00001295_scaled_crop.jpg
b2a9699c-0579-4668-bfac-e549ccf73708,10ad4fbc-d113-4b92-ac5e-327c887aa4f1,Dining Room,Sleek Charcoal,Formal,LED Office Lighting,Dark Mode,"Table, Chair, Lighting Fixtures",submitted,horizontal_flip,2026-04-06T10:38:31.535704+00:00,00001295_horizontal_flip.jpg,examples/dataset/images/horizontal_flip_0399_00001295_horizontal_flip.jpg
d897091e-21fe-4150-b88a-4b8a57549953,ead2364c-c98c-404e-bd5e-161e8bb7b7e1,Dining Room,Soft Beige,Casual Family,LED Office Lighting,Warm,"Table, Chair, Lighting Fixtures, Plants",submitted,scaled_crop,2026-04-06T10:38:34.09516+00:00,00002420_scaled_crop.jpg,examples/dataset/images/scaled_crop_0400_00002420_scaled_crop.jpg
fbf10533-48ed-4bbd-89ea-0e3f41d31abb,ead2364c-c98c-404e-bd5e-161e8bb7b7e1,Dining Room,Soft Beige,Casual Family,LED Office Lighting,Warm,"Table, Chair, Lighting Fixtures, Plants",submitted,horizontal_flip,2026-04-06T10:38:34.714933+00:00,00002420_horizontal_flip.jpg,examples/dataset/images/horizontal_flip_0401_00002420_horizontal_flip.jpg
a7d22e1b-2e26-4ada-9c13-22d981f31589,6bc1c52c-739d-472b-93a8-749061c00ff3,Bedroom,Modern White,Couple,LED Office Lighting,Neutral,"Table, Bed",submitted,scaled_crop,2026-04-06T10:38:37.473437+00:00,00000396_scaled_crop.jpg,examples/dataset/images/scaled_crop_0402_00000396_scaled_crop.jpg
ee725e3c-2207-41c3-8007-8ca7b904e747,6bc1c52c-739d-472b-93a8-749061c00ff3,Bedroom,Modern White,Couple,LED Office Lighting,Neutral,"Table, Bed",submitted,horizontal_flip,2026-04-06T10:38:38.089119+00:00,00000396_horizontal_flip.jpg,examples/dataset/images/horizontal_flip_0403_00000396_horizontal_flip.jpg
8be4f8df-e814-4eb6-9416-a53f6c469f44,3fd75e64-9fea-4ba7-9f56-8653f7a94790,Bedroom,Modern White,Adults,Warm Indoor Lighting,Neutral,"Desks, Shelves, Chair, Bed, Lighting Fixtures, Plants",submitted,scaled_crop,2026-04-06T10:38:40.647583+00:00,00001458_scaled_crop.jpg,examples/dataset/images/scaled_crop_0404_00001458_scaled_crop.jpg
2b6fa7ba-1158-40d9-b6b3-bd5c8e2af208,3fd75e64-9fea-4ba7-9f56-8653f7a94790,Bedroom,Modern White,Adults,Warm Indoor Lighting,Neutral,"Desks, Shelves, Chair, Bed, Lighting Fixtures, Plants",submitted,horizontal_flip,2026-04-06T10:38:41.262848+00:00,00001458_horizontal_flip.jpg,examples/dataset/images/horizontal_flip_0405_00001458_horizontal_flip.jpg
da48efe2-ec3a-4e98-894e-1f86e53af5ae,1d55586d-dab9-4a33-adc8-2f78cf7c7096,Dining Room,Modern White,Formal,Warm Indoor Lighting,Neutral,"Table, Chair, Lighting Fixtures, Plants",submitted,scaled_crop,2026-04-06T10:38:43.412316+00:00,00003934_scaled_crop.jpg,examples/dataset/images/scaled_crop_0406_00003934_scaled_crop.jpg
7b000b1b-00e7-43e2-94e4-8541f54a1937,1d55586d-dab9-4a33-adc8-2f78cf7c7096,Dining Room,Modern White,Formal,Warm Indoor Lighting,Neutral,"Table, Chair, Lighting Fixtures, Plants",submitted,horizontal_flip,2026-04-06T10:38:44.039249+00:00,00003934_horizontal_flip.jpg,examples/dataset/images/horizontal_flip_0407_00003934_horizontal_flip.jpg
f6e27a7e-3027-464a-b345-661841a33a20,91926392-c363-479f-a983-160a95c531c6,Lounge,Soft Beige,Formal Entertaining,Natural Daylight,Neutral,"Sofas, Table, Chair, Lighting Fixtures, Plants",submitted,scaled_crop,2026-04-06T10:38:47.003093+00:00,00004034_scaled_crop.jpg,examples/dataset/images/scaled_crop_0408_00004034_scaled_crop.jpg
5e3843fb-b036-4462-b6cc-dccd8f7ba899,91926392-c363-479f-a983-160a95c531c6,Lounge,Soft Beige,Formal Entertaining,Natural Daylight,Neutral,"Sofas, Table, Chair, Lighting Fixtures, Plants",submitted,horizontal_flip,2026-04-06T10:38:48.226125+00:00,00004034_horizontal_flip.jpg,examples/dataset/images/horizontal_flip_0409_00004034_horizontal_flip.jpg
4a20a271-ea4a-48e4-9700-e2e5a48da234,5468af0e-b755-4096-a0ba-c10ecae5f1d1,Lounge,Earthy Terracotta,Cozy Family,Warm Indoor Lighting,Warm,"Sofas, Table, Chair, Lighting Fixtures",submitted,scaled_crop,2026-04-06T10:38:51.714425+00:00,00004278_scaled_crop.jpg,examples/dataset/images/scaled_crop_0410_00004278_scaled_crop.jpg
22f8c667-8163-4982-9002-94e0d260d930,5468af0e-b755-4096-a0ba-c10ecae5f1d1,Lounge,Earthy Terracotta,Cozy Family,Warm Indoor Lighting,Warm,"Sofas, Table, Chair, Lighting Fixtures",submitted,horizontal_flip,2026-04-06T10:38:52.322029+00:00,00004278_horizontal_flip.jpg,examples/dataset/images/horizontal_flip_0411_00004278_horizontal_flip.jpg
dfdbbbee-9d7f-4aa7-98bb-fa2650ef75ca,b5253a11-b69a-4af6-ac46-aa4abb76744e,Dining Room,Modern White,Casual Family,Natural Daylight,Neutral,"Table, Chair, Lighting Fixtures, Partitions",submitted,scaled_crop,2026-04-06T10:38:55.195552+00:00,00003338_scaled_crop.jpg,examples/dataset/images/scaled_crop_0412_00003338_scaled_crop.jpg
8e2abdad-79cb-4d68-8aa8-e7136434114a,b5253a11-b69a-4af6-ac46-aa4abb76744e,Dining Room,Modern White,Casual Family,Natural Daylight,Neutral,"Table, Chair, Lighting Fixtures, Partitions",submitted,horizontal_flip,2026-04-06T10:38:55.908458+00:00,00003338_horizontal_flip.jpg,examples/dataset/images/horizontal_flip_0413_00003338_horizontal_flip.jpg
21da3e2a-1cc7-4ce5-b32e-65fbed1abad4,ab230a8b-cc0e-44b0-87c5-05a8b62bb1aa,Lounge,Modern White,Social Hub,Natural Daylight,Neutral,"Sofas, Shelves, Table, Chair, Lighting Fixtures",submitted,scaled_crop,2026-04-06T10:38:59.195049+00:00,00003450_scaled_crop.jpg,examples/dataset/images/scaled_crop_0414_00003450_scaled_crop.jpg
e2807f34-bda9-4bc5-9d07-255654e2ca3a,ab230a8b-cc0e-44b0-87c5-05a8b62bb1aa,Lounge,Modern White,Social Hub,Natural Daylight,Neutral,"Sofas, Shelves, Table, Chair, Lighting Fixtures",submitted,horizontal_flip,2026-04-06T10:39:00.00348+00:00,00003450_horizontal_flip.jpg,examples/dataset/images/horizontal_flip_0415_00003450_horizontal_flip.jpg
7b9e13a3-6a79-430e-b119-c19434e5a0ff,d51b6906-d4f7-48d6-b922-151d75f4826a,Bedroom,Soft Beige,Couple,Natural Daylight,Neutral,"Table, Chair, Bed, Lighting Fixtures",submitted,scaled_crop,2026-04-06T10:39:02.361592+00:00,00003649_scaled_crop.jpg,examples/dataset/images/scaled_crop_0416_00003649_scaled_crop.jpg
64b05576-f5d7-4aef-92fc-336c044880d0,d51b6906-d4f7-48d6-b922-151d75f4826a,Bedroom,Soft Beige,Couple,Natural Daylight,Neutral,"Table, Chair, Bed, Lighting Fixtures",submitted,horizontal_flip,2026-04-06T10:39:03.077488+00:00,00003649_horizontal_flip.jpg,examples/dataset/images/horizontal_flip_0417_00003649_horizontal_flip.jpg
c73bb2ea-b180-4f25-ae40-abc938fcb06f,8afff00c-6f71-48ea-a972-f87464f8a30d,Dining Room,Pastel Pink,Casual Family,Natural Daylight,Neutral,"Table, Chair, Lighting Fixtures",submitted,scaled_crop,2026-04-06T10:39:05.843728+00:00,00002318_scaled_crop.jpg,examples/dataset/images/scaled_crop_0418_00002318_scaled_crop.jpg
c6f420e4-47d4-4419-bb3d-714504a336c8,8afff00c-6f71-48ea-a972-f87464f8a30d,Dining Room,Pastel Pink,Casual Family,Natural Daylight,Neutral,"Table, Chair, Lighting Fixtures",submitted,horizontal_flip,2026-04-06T10:39:06.560432+00:00,00002318_horizontal_flip.jpg,examples/dataset/images/horizontal_flip_0419_00002318_horizontal_flip.jpg
6be9919c-6180-49d8-b59f-f1fde491d236,6e3f4156-87e7-44f2-a189-40b80d50b986,Dining Room,Soft Beige,Casual Family,Natural Daylight,Warm,"Shelves, Table, Chair, Lighting Fixtures",submitted,scaled_crop,2026-04-06T10:39:09.732902+00:00,00003738_scaled_crop.jpg,examples/dataset/images/scaled_crop_0420_00003738_scaled_crop.jpg
45cfb398-4ef4-404f-b7c1-76f455179817,6e3f4156-87e7-44f2-a189-40b80d50b986,Dining Room,Soft Beige,Casual Family,Natural Daylight,Warm,"Shelves, Table, Chair, Lighting Fixtures",submitted,horizontal_flip,2026-04-06T10:39:10.259325+00:00,00003738_horizontal_flip.jpg,examples/dataset/images/horizontal_flip_0421_00003738_horizontal_flip.jpg
4d189a09-d2c3-49b2-974a-fe3fe152735b,96c8702a-0dbc-4896-aec4-68499edc8149,Bedroom,Earthy Terracotta,Minimalist Retreat,Natural Daylight,Neutral,Bed,submitted,scaled_crop,2026-04-06T10:39:13.531559+00:00,00001261_scaled_crop.jpg,examples/dataset/images/scaled_crop_0422_00001261_scaled_crop.jpg
5679ba5b-51a9-40f2-a6ef-002b9626ba1a,96c8702a-0dbc-4896-aec4-68499edc8149,Bedroom,Earthy Terracotta,Minimalist Retreat,Natural Daylight,Neutral,Bed,submitted,horizontal_flip,2026-04-06T10:39:14.251863+00:00,00001261_horizontal_flip.jpg,examples/dataset/images/horizontal_flip_0423_00001261_horizontal_flip.jpg
c2a81272-be7f-41b1-b16f-c7f8cefac888,24f5b8cc-3944-4790-98d0-76edd5f19cb1,Bedroom,Sleek Charcoal,Minimalist Retreat,Natural Daylight,Neutral,Bed,submitted,scaled_crop,2026-04-06T10:39:17.009428+00:00,00001302_scaled_crop.jpg,examples/dataset/images/scaled_crop_0424_00001302_scaled_crop.jpg
9f34343f-0a80-43fb-b90c-0e1bb58efb0f,24f5b8cc-3944-4790-98d0-76edd5f19cb1,Bedroom,Sleek Charcoal,Minimalist Retreat,Natural Daylight,Neutral,Bed,submitted,horizontal_flip,2026-04-06T10:39:17.723921+00:00,00001302_horizontal_flip.jpg,examples/dataset/images/horizontal_flip_0425_00001302_horizontal_flip.jpg
e3225d1d-4499-492f-8f19-f04e3312f40c,603cdd66-68c3-4622-b6f4-36c59641ceb2,Lounge,Modern White,Formal Entertaining,LED Office Lighting,Neutral,"Sofas, Table, Chair, Lighting Fixtures, Plants",submitted,scaled_crop,2026-04-06T10:39:20.383312+00:00,00002423_scaled_crop.jpg,examples/dataset/images/scaled_crop_0426_00002423_scaled_crop.jpg
2f58b25e-95b4-439a-b3ae-900a24e2f941,603cdd66-68c3-4622-b6f4-36c59641ceb2,Lounge,Modern White,Formal Entertaining,LED Office Lighting,Neutral,"Sofas, Table, Chair, Lighting Fixtures, Plants",submitted,horizontal_flip,2026-04-06T10:39:21.095094+00:00,00002423_horizontal_flip.jpg,examples/dataset/images/horizontal_flip_0427_00002423_horizontal_flip.jpg
22c63703-c52a-4960-81ad-b802b644d0a8,e675b432-8d8e-4b8e-b360-5ee513874dca,Dining Room,Sleek Charcoal,Formal,Warm Indoor Lighting,Dark Mode,"Shelves, Table, Chair, Lighting Fixtures, Plants",submitted,scaled_crop,2026-04-06T10:39:23.351864+00:00,00000335_scaled_crop.jpg,examples/dataset/images/scaled_crop_0428_00000335_scaled_crop.jpg
52be7865-73d1-441a-8e1d-c14378314e38,e675b432-8d8e-4b8e-b360-5ee513874dca,Dining Room,Sleek Charcoal,Formal,Warm Indoor Lighting,Dark Mode,"Shelves, Table, Chair, Lighting Fixtures, Plants",submitted,horizontal_flip,2026-04-06T10:39:24.077213+00:00,00000335_horizontal_flip.jpg,examples/dataset/images/horizontal_flip_0429_00000335_horizontal_flip.jpg
f95039a8-d2b2-48c6-836d-cda33bd38ab3,a03423b3-b026-4b64-88b5-d608b1ef85ad,Dining Room,Soft Beige,Formal,Natural Daylight,Neutral,"Table, Chair, Lighting Fixtures, Plants",submitted,scaled_crop,2026-04-06T10:39:26.224335+00:00,00001466_scaled_crop.jpg,examples/dataset/images/scaled_crop_0430_00001466_scaled_crop.jpg
5da607e6-468b-4865-9c96-30ba3e27efd1,a03423b3-b026-4b64-88b5-d608b1ef85ad,Dining Room,Soft Beige,Formal,Natural Daylight,Neutral,"Table, Chair, Lighting Fixtures, Plants",submitted,horizontal_flip,2026-04-06T10:39:26.859735+00:00,00001466_horizontal_flip.jpg,examples/dataset/images/horizontal_flip_0431_00001466_horizontal_flip.jpg
72fdf877-19e2-40a0-9f3f-1b19868bb820,fa3020ac-918d-4de3-9eee-aa0f22e256cd,Dining Room,Earthy Terracotta,Casual Family,Natural Daylight,Warm,"Shelves, Table, Chair",submitted,scaled_crop,2026-04-06T10:39:29.834875+00:00,00004040_scaled_crop.jpg,examples/dataset/images/scaled_crop_0432_00004040_scaled_crop.jpg
d165d652-6c78-48d3-81e1-95a2fc2369e8,fa3020ac-918d-4de3-9eee-aa0f22e256cd,Dining Room,Earthy Terracotta,Casual Family,Natural Daylight,Warm,"Shelves, Table, Chair",submitted,horizontal_flip,2026-04-06T10:39:30.524956+00:00,00004040_horizontal_flip.jpg,examples/dataset/images/horizontal_flip_0433_00004040_horizontal_flip.jpg
85765120-9222-42cb-b187-2defe56ceec3,e9e942bc-559b-42d4-b17f-e0ac2bbb393a,Dining Room,Emerald Green,Elegant Party,Natural Daylight,Warm,"Table, Chair, Lighting Fixtures",submitted,scaled_crop,2026-04-06T10:39:33.488461+00:00,00004182_scaled_crop.jpg,examples/dataset/images/scaled_crop_0434_00004182_scaled_crop.jpg
99bb4660-8f94-4af3-8b49-1cb4ea5bffeb,e9e942bc-559b-42d4-b17f-e0ac2bbb393a,Dining Room,Emerald Green,Elegant Party,Natural Daylight,Warm,"Table, Chair, Lighting Fixtures",submitted,horizontal_flip,2026-04-06T10:39:34.20748+00:00,00004182_horizontal_flip.jpg,examples/dataset/images/horizontal_flip_0435_00004182_horizontal_flip.jpg
d2647fb0-6be0-4943-b69f-dadd7cea0528,d841e5f9-b5cd-4a5f-8e77-639edbd09471,Lounge,Earthy Terracotta,Cozy Family,Warm Indoor Lighting,Warm,"Sofas, Table, Chair, Lighting Fixtures",submitted,scaled_crop,2026-04-06T10:39:37.074713+00:00,00004280_scaled_crop.jpg,examples/dataset/images/scaled_crop_0436_00004280_scaled_crop.jpg
149507b9-6f57-4c1c-8015-7b3c9018b218,d841e5f9-b5cd-4a5f-8e77-639edbd09471,Lounge,Earthy Terracotta,Cozy Family,Warm Indoor Lighting,Warm,"Sofas, Table, Chair, Lighting Fixtures",submitted,horizontal_flip,2026-04-06T10:39:37.79149+00:00,00004280_horizontal_flip.jpg,examples/dataset/images/horizontal_flip_0437_00004280_horizontal_flip.jpg
2c4aa3a8-472f-4ed5-8475-0867bab7e3e3,feaa2521-9054-46e9-9f32-01a856cf4a2d,Dining Room,Modern White,Casual Family,Natural Daylight,Neutral,"Table, Chair, Lighting Fixtures, Plants",submitted,scaled_crop,2026-04-06T10:39:39.852082+00:00,00003341_scaled_crop.jpg,examples/dataset/images/scaled_crop_0438_00003341_scaled_crop.jpg
98545c68-91fb-4bcc-ba53-8c3ee107e8e4,feaa2521-9054-46e9-9f32-01a856cf4a2d,Dining Room,Modern White,Casual Family,Natural Daylight,Neutral,"Table, Chair, Lighting Fixtures, Plants",submitted,horizontal_flip,2026-04-06T10:39:40.556285+00:00,00003341_horizontal_flip.jpg,examples/dataset/images/horizontal_flip_0439_00003341_horizontal_flip.jpg
fe42766e-b030-4cd9-a7e8-31f481fcbfe5,c0410dec-8636-47cc-8031-61a2a373da47,Lounge,Soft Beige,Cozy Family,Natural Daylight,Warm,"Sofas, Table, Lighting Fixtures",submitted,scaled_crop,2026-04-06T10:39:43.427583+00:00,00003653_scaled_crop.jpg,examples/dataset/images/scaled_crop_0440_00003653_scaled_crop.jpg
193032ec-00a9-4bb8-ad2b-6557f375585f,c0410dec-8636-47cc-8031-61a2a373da47,Lounge,Soft Beige,Cozy Family,Natural Daylight,Warm,"Sofas, Table, Lighting Fixtures",submitted,horizontal_flip,2026-04-06T10:39:44.13857+00:00,00003653_horizontal_flip.jpg,examples/dataset/images/horizontal_flip_0441_00003653_horizontal_flip.jpg
18a00ee1-9313-40d6-a459-dfbf441b19bc,0a4fbfe5-24f6-4fd1-85ad-e641c3350861,Lounge,Modern White,Cozy Family,LED Office Lighting,Pastel,"Sofas, Table, Chair",submitted,scaled_crop,2026-04-06T10:39:47.004505+00:00,00002755_scaled_crop.jpg,examples/dataset/images/scaled_crop_0442_00002755_scaled_crop.jpg
1951ce97-e93e-4427-8624-48062f5260ae,0a4fbfe5-24f6-4fd1-85ad-e641c3350861,Lounge,Modern White,Cozy Family,LED Office Lighting,Pastel,"Sofas, Table, Chair",submitted,horizontal_flip,2026-04-06T10:39:47.610511+00:00,00002755_horizontal_flip.jpg,examples/dataset/images/horizontal_flip_0443_00002755_horizontal_flip.jpg
dc3c4631-f1ac-4aaa-a777-539de4fbdf7f,25e50816-c336-4712-b65d-2a72530ea0ab,Lounge,Modern White,Home Theater,LED Office Lighting,Pastel,"Sofas, Table, Chair, Lighting Fixtures",submitted,scaled_crop,2026-04-06T10:39:50.281253+00:00,00002756_scaled_crop.jpg,examples/dataset/images/scaled_crop_0444_00002756_scaled_crop.jpg
299a252b-5338-4346-a360-c0cdc81b9adc,25e50816-c336-4712-b65d-2a72530ea0ab,Lounge,Modern White,Home Theater,LED Office Lighting,Pastel,"Sofas, Table, Chair, Lighting Fixtures",submitted,horizontal_flip,2026-04-06T10:39:50.896673+00:00,00002756_horizontal_flip.jpg,examples/dataset/images/horizontal_flip_0445_00002756_horizontal_flip.jpg
1ddce505-8ca5-41c2-abd5-5d2c8b78e42e,c006d0f8-a5a6-45a7-aa93-83e08eab03e0,Lounge,Modern White,Cozy Family,Natural Daylight,Pastel,"Sofas, Table, Chair, Lighting Fixtures",submitted,scaled_crop,2026-04-06T10:39:53.967385+00:00,00002758_scaled_crop.jpg,examples/dataset/images/scaled_crop_0446_00002758_scaled_crop.jpg
9889ffd0-c1f3-447f-8d55-e59161071993,c006d0f8-a5a6-45a7-aa93-83e08eab03e0,Lounge,Modern White,Cozy Family,Natural Daylight,Pastel,"Sofas, Table, Chair, Lighting Fixtures",submitted,horizontal_flip,2026-04-06T10:39:54.492458+00:00,00002758_horizontal_flip.jpg,examples/dataset/images/horizontal_flip_0447_00002758_horizontal_flip.jpg
87ac3317-f7e9-4881-a1b6-25f07cb82d4f,a8459a03-f2f9-4ab1-a94a-246cf1d9d16f,Dining Room,Soft Beige,Formal,Natural Daylight,Pastel,"Shelves, Table, Chair, Lighting Fixtures",submitted,scaled_crop,2026-04-06T10:39:57.36826+00:00,00002759_scaled_crop.jpg,examples/dataset/images/scaled_crop_0448_00002759_scaled_crop.jpg
21ff1da8-576e-43a4-9298-aa37daae78f4,a8459a03-f2f9-4ab1-a94a-246cf1d9d16f,Dining Room,Soft Beige,Formal,Natural Daylight,Pastel,"Shelves, Table, Chair, Lighting Fixtures",submitted,horizontal_flip,2026-04-06T10:39:57.893324+00:00,00002759_horizontal_flip.jpg,examples/dataset/images/horizontal_flip_0449_00002759_horizontal_flip.jpg
4bf26337-0dc0-4871-b90c-2c273d287329,ba7bb899-aff8-4228-9209-e06598c05c2f,Lounge,Royal Blue,Cozy Family,Natural Daylight,Pastel,"Sofas, Shelves, Table",submitted,scaled_crop,2026-04-06T10:39:59.906228+00:00,00002760_scaled_crop.jpg,examples/dataset/images/scaled_crop_0450_00002760_scaled_crop.jpg
b6053e2c-1772-45f6-96a6-ffa96e3a173f,ba7bb899-aff8-4228-9209-e06598c05c2f,Lounge,Royal Blue,Cozy Family,Natural Daylight,Pastel,"Sofas, Shelves, Table",submitted,horizontal_flip,2026-04-06T10:40:00.575809+00:00,00002760_horizontal_flip.jpg,examples/dataset/images/horizontal_flip_0451_00002760_horizontal_flip.jpg
e01790f9-68af-443e-8225-ad400fbe823a,44b05601-82ae-489e-812a-9628cdbb1b5b,Lounge,Modern White,Cozy Family,Natural Daylight,Pastel,"Sofas, Table, Lighting Fixtures",submitted,scaled_crop,2026-04-06T10:40:03.727512+00:00,00002762_scaled_crop.jpg,examples/dataset/images/scaled_crop_0452_00002762_scaled_crop.jpg
7ccc1d93-d56b-4ae9-87db-cd357d068d32,44b05601-82ae-489e-812a-9628cdbb1b5b,Lounge,Modern White,Cozy Family,Natural Daylight,Pastel,"Sofas, Table, Lighting Fixtures",submitted,horizontal_flip,2026-04-06T10:40:04.41554+00:00,00002762_horizontal_flip.jpg,examples/dataset/images/horizontal_flip_0453_00002762_horizontal_flip.jpg
26e9d90e-2cc0-4874-b0b8-c58803a28cbc,90a10ed9-2cdd-43cd-b0f7-e02be0a3273c,Kitchen,Modern White,Open Concept,Natural Daylight,Neutral,"Table, Chair, Lighting Fixtures",submitted,scaled_crop,2026-04-06T10:40:07.178918+00:00,00002763_scaled_crop.jpg,examples/dataset/images/scaled_crop_0454_00002763_scaled_crop.jpg
b8a4b8b4-c369-434c-96e2-c61e7855c39d,90a10ed9-2cdd-43cd-b0f7-e02be0a3273c,Kitchen,Modern White,Open Concept,Natural Daylight,Neutral,"Table, Chair, Lighting Fixtures",submitted,horizontal_flip,2026-04-06T10:40:07.900166+00:00,00002763_horizontal_flip.jpg,examples/dataset/images/horizontal_flip_0455_00002763_horizontal_flip.jpg
f8cc8871-de0c-4dd0-991c-1824cfba19be,d797a355-9171-4a61-91b2-12849ff56f97,Kitchen,Modern White,Small Family,Natural Daylight,Neutral,"Shelves, Table, Chair",submitted,scaled_crop,2026-04-06T10:40:10.807247+00:00,00002765_scaled_crop.jpg,examples/dataset/images/scaled_crop_0456_00002765_scaled_crop.jpg
3f1f9efd-5839-4c76-944c-9715a2a01c47,d797a355-9171-4a61-91b2-12849ff56f97,Kitchen,Modern White,Small Family,Natural Daylight,Neutral,"Shelves, Table, Chair",submitted,horizontal_flip,2026-04-06T10:40:11.377486+00:00,00002765_horizontal_flip.jpg,examples/dataset/images/horizontal_flip_0457_00002765_horizontal_flip.jpg
9f1a7ec0-2f58-4fd6-9dac-a38bd2af1df6,7a3c0881-041d-4fc0-9916-3b23cea975b2,Kitchen,Modern White,Small Family,LED Office Lighting,Neutral,Shelves,submitted,scaled_crop,2026-04-06T10:40:14.553+00:00,00002766_scaled_crop.jpg,examples/dataset/images/scaled_crop_0458_00002766_scaled_crop.jpg
7a660cc4-122c-46cb-be01-d4c4001cd141,7a3c0881-041d-4fc0-9916-3b23cea975b2,Kitchen,Modern White,Small Family,LED Office Lighting,Neutral,Shelves,submitted,horizontal_flip,2026-04-06T10:40:15.272092+00:00,00002766_horizontal_flip.jpg,examples/dataset/images/horizontal_flip_0459_00002766_horizontal_flip.jpg
7874861f-610b-464e-8969-abdd8c597a34,e5be2882-8dd8-4634-a766-8dc3047f8839,Lounge,Modern White,Cozy Family,Natural Daylight,Pastel,"Sofas, Table, Chair, Lighting Fixtures",submitted,scaled_crop,2026-04-06T10:40:18.13958+00:00,00002767_scaled_crop.jpg,examples/dataset/images/scaled_crop_0460_00002767_scaled_crop.jpg
75ed550a-d63b-411f-9772-9852ee5cfff3,e5be2882-8dd8-4634-a766-8dc3047f8839,Lounge,Modern White,Cozy Family,Natural Daylight,Pastel,"Sofas, Table, Chair, Lighting Fixtures",submitted,horizontal_flip,2026-04-06T10:40:18.747071+00:00,00002767_horizontal_flip.jpg,examples/dataset/images/horizontal_flip_0461_00002767_horizontal_flip.jpg
c23344e8-eda2-4bcb-a78e-e088732af8e1,d6df3634-00d9-4c74-ac11-40f4e5060639,Lounge,Emerald Green,Cozy Family,Natural Daylight,Pastel,"Sofas, Table, Lighting Fixtures",submitted,scaled_crop,2026-04-06T10:40:21.41493+00:00,00002768_scaled_crop.jpg,examples/dataset/images/scaled_crop_0462_00002768_scaled_crop.jpg
6c02076c-b5b7-4dd4-b13c-ee2276de6689,d6df3634-00d9-4c74-ac11-40f4e5060639,Lounge,Emerald Green,Cozy Family,Natural Daylight,Pastel,"Sofas, Table, Lighting Fixtures",submitted,horizontal_flip,2026-04-06T10:40:22.126511+00:00,00002768_horizontal_flip.jpg,examples/dataset/images/horizontal_flip_0463_00002768_horizontal_flip.jpg
cd8f3ae3-0609-45b8-a9a9-129e40e03fce,e5a14511-3519-474c-9aa5-444d76df92a2,Lounge,Modern White,Cozy Family,Natural Daylight,Pastel,"Sofas, Table",submitted,scaled_crop,2026-04-06T10:40:24.891557+00:00,00002769_scaled_crop.jpg,examples/dataset/images/scaled_crop_0464_00002769_scaled_crop.jpg
242e7996-5723-4a0d-bfba-bf4fdb882dbd,e5a14511-3519-474c-9aa5-444d76df92a2,Lounge,Modern White,Cozy Family,Natural Daylight,Pastel,"Sofas, Table",submitted,horizontal_flip,2026-04-06T10:40:25.449205+00:00,00002769_horizontal_flip.jpg,examples/dataset/images/horizontal_flip_0465_00002769_horizontal_flip.jpg
306058c7-2494-4b03-9f0a-e8b3a1ca87d2,4e8431ae-7db8-4d76-88b4-22af8ffed793,Bedroom,Modern White,Couple,Natural Daylight,Pastel,Bed,submitted,scaled_crop,2026-04-06T10:40:28.169833+00:00,00002770_scaled_crop.jpg,examples/dataset/images/scaled_crop_0466_00002770_scaled_crop.jpg
ce56a7f4-97c2-44b1-82ba-eba52af2c744,4e8431ae-7db8-4d76-88b4-22af8ffed793,Bedroom,Modern White,Couple,Natural Daylight,Pastel,Bed,submitted,horizontal_flip,2026-04-06T10:40:28.702879+00:00,00002770_horizontal_flip.jpg,examples/dataset/images/horizontal_flip_0467_00002770_horizontal_flip.jpg
8f1174e7-20ab-4a29-976b-e7567e8ed71d,95ee7df4-4fa5-4955-8583-56adbc92eacb,Lounge,Soft Beige,Cozy Family,Warm Indoor Lighting,Pastel,"Sofas, Table, Lighting Fixtures",submitted,scaled_crop,2026-04-06T10:40:31.342456+00:00,00002774_scaled_crop.jpg,examples/dataset/images/scaled_crop_0468_00002774_scaled_crop.jpg
39d5d943-3bb3-4d12-976f-6943115ed121,95ee7df4-4fa5-4955-8583-56adbc92eacb,Lounge,Soft Beige,Cozy Family,Warm Indoor Lighting,Pastel,"Sofas, Table, Lighting Fixtures",submitted,horizontal_flip,2026-04-06T10:40:31.944219+00:00,00002774_horizontal_flip.jpg,examples/dataset/images/horizontal_flip_0469_00002774_horizontal_flip.jpg
2672d768-88e9-4aab-8e33-be8c9260003d,c33d217d-6bee-40f2-9cdc-e76a1010700c,Lounge,Soft Beige,Cozy Family,Natural Daylight,Neutral,"Sofas, Table",submitted,scaled_crop,2026-04-06T10:40:34.630781+00:00,00002775_scaled_crop.jpg,examples/dataset/images/scaled_crop_0470_00002775_scaled_crop.jpg
704d246a-85cf-4a17-b9ab-47c66ca7a017,c33d217d-6bee-40f2-9cdc-e76a1010700c,Lounge,Soft Beige,Cozy Family,Natural Daylight,Neutral,"Sofas, Table",submitted,horizontal_flip,2026-04-06T10:40:35.346163+00:00,00002775_horizontal_flip.jpg,examples/dataset/images/horizontal_flip_0471_00002775_horizontal_flip.jpg
542215d9-cb2a-49c8-94cf-eb2cd9552ba1,edaf18ea-2026-47ae-9ce9-f4ef4ef9e6d4,Dining Room,Soft Beige,Rustic,Natural Daylight,Pastel,"Table, Chair, Lighting Fixtures",submitted,scaled_crop,2026-04-06T10:40:37.952195+00:00,00002776_scaled_crop.jpg,examples/dataset/images/scaled_crop_0472_00002776_scaled_crop.jpg
03220bca-75c3-4fb5-aa8c-8dfa67df47d4,edaf18ea-2026-47ae-9ce9-f4ef4ef9e6d4,Dining Room,Soft Beige,Rustic,Natural Daylight,Pastel,"Table, Chair, Lighting Fixtures",submitted,horizontal_flip,2026-04-06T10:40:38.614498+00:00,00002776_horizontal_flip.jpg,examples/dataset/images/horizontal_flip_0473_00002776_horizontal_flip.jpg
687721e6-1746-4378-887b-c71e55fac39c,356ad327-e104-478d-b90e-dd92cd084391,Lounge,Modern White,Cozy Family,Natural Daylight,Neutral,"Sofas, Table",submitted,scaled_crop,2026-04-06T10:40:41.383147+00:00,00002777_scaled_crop.jpg,examples/dataset/images/scaled_crop_0474_00002777_scaled_crop.jpg
add360b3-effc-4271-b25b-9446110bf2f9,356ad327-e104-478d-b90e-dd92cd084391,Lounge,Modern White,Cozy Family,Natural Daylight,Neutral,"Sofas, Table",submitted,horizontal_flip,2026-04-06T10:40:42.09857+00:00,00002777_horizontal_flip.jpg,examples/dataset/images/horizontal_flip_0475_00002777_horizontal_flip.jpg
3b1402a7-169f-4f9b-9489-79ba7ac3ae02,e62db083-679f-4a15-8d24-54565d603fd4,Lounge,Modern White,Cozy Family,Natural Daylight,Pastel,"Sofas, Table",submitted,scaled_crop,2026-04-06T10:40:45.071222+00:00,00002778_scaled_crop.jpg,examples/dataset/images/scaled_crop_0476_00002778_scaled_crop.jpg
bfaf5ece-e0e5-4ee2-ad46-153b6da605a8,e62db083-679f-4a15-8d24-54565d603fd4,Lounge,Modern White,Cozy Family,Natural Daylight,Pastel,"Sofas, Table",submitted,horizontal_flip,2026-04-06T10:40:45.782965+00:00,00002778_horizontal_flip.jpg,examples/dataset/images/horizontal_flip_0477_00002778_horizontal_flip.jpg
a10aa8a4-794c-424c-94a5-49c7a72419ff,f734687a-4f3d-46ee-8aa2-7727004472fc,Bedroom,Sleek Charcoal,Adults,Warm Indoor Lighting,Neutral,"Shelves, Bed, Lighting Fixtures",submitted,scaled_crop,2026-04-06T10:40:48.855117+00:00,00002780_scaled_crop.jpg,examples/dataset/images/scaled_crop_0478_00002780_scaled_crop.jpg
5c60011c-1ed6-45cd-8111-563869f4451f,f734687a-4f3d-46ee-8aa2-7727004472fc,Bedroom,Sleek Charcoal,Adults,Warm Indoor Lighting,Neutral,"Shelves, Bed, Lighting Fixtures",submitted,horizontal_flip,2026-04-06T10:40:49.574738+00:00,00002780_horizontal_flip.jpg,examples/dataset/images/horizontal_flip_0479_00002780_horizontal_flip.jpg
68b129e9-1124-4d96-907b-671c87a3ba60,06667c78-eadf-4114-b5a8-993aa5fe3751,Lounge,Royal Blue,Cozy Family,Natural Daylight,Pastel,"Sofas, Table, Lighting Fixtures",submitted,scaled_crop,2026-04-06T10:40:52.449901+00:00,00002782_scaled_crop.jpg,examples/dataset/images/scaled_crop_0480_00002782_scaled_crop.jpg
b1a058f5-3f06-4062-a6e6-caec22e319a9,06667c78-eadf-4114-b5a8-993aa5fe3751,Lounge,Royal Blue,Cozy Family,Natural Daylight,Pastel,"Sofas, Table, Lighting Fixtures",submitted,horizontal_flip,2026-04-06T10:40:53.161005+00:00,00002782_horizontal_flip.jpg,examples/dataset/images/horizontal_flip_0481_00002782_horizontal_flip.jpg
dc15e022-202d-40e6-b516-17fb31122206,cfb442c3-2eab-4973-b25c-0346dbcdf651,Kitchen,Modern White,Modern Minimalist,Natural Daylight,Pastel,Shelves,submitted,scaled_crop,2026-04-06T10:40:56.229176+00:00,00002783_scaled_crop.jpg,examples/dataset/images/scaled_crop_0482_00002783_scaled_crop.jpg
f3838af8-fbfc-4d06-a381-00c2e3ceaa4e,cfb442c3-2eab-4973-b25c-0346dbcdf651,Kitchen,Modern White,Modern Minimalist,Natural Daylight,Pastel,Shelves,submitted,horizontal_flip,2026-04-06T10:40:56.947022+00:00,00002783_horizontal_flip.jpg,examples/dataset/images/horizontal_flip_0483_00002783_horizontal_flip.jpg
302768d8-1ca7-439f-9fad-4fdbfc7b1b52,0d8cdec5-c60d-4124-b878-815fcefbbe00,Dining Room,Modern White,Casual Family,LED Office Lighting,Neutral,"Shelves, Table, Chair, Lighting Fixtures, Plants",submitted,scaled_crop,2026-04-06T10:40:59.932659+00:00,00002784_scaled_crop.jpg,examples/dataset/images/scaled_crop_0484_00002784_scaled_crop.jpg
948b0eab-2773-4ec3-9aa4-571d928b1dda,0d8cdec5-c60d-4124-b878-815fcefbbe00,Dining Room,Modern White,Casual Family,LED Office Lighting,Neutral,"Shelves, Table, Chair, Lighting Fixtures, Plants",submitted,horizontal_flip,2026-04-06T10:41:00.734547+00:00,00002784_horizontal_flip.jpg,examples/dataset/images/horizontal_flip_0485_00002784_horizontal_flip.jpg
4b8dcf57-704a-4bc8-bfb1-dd9cea31cbdb,f72d6c4a-b85a-4000-8dbc-37d928105c1f,Lounge,Modern White,Cozy Family,Natural Daylight,Neutral,"Sofas, Table",submitted,scaled_crop,2026-04-06T10:41:03.199189+00:00,00002785_scaled_crop.jpg,examples/dataset/images/scaled_crop_0486_00002785_scaled_crop.jpg
c902d584-8048-43b1-9df1-0ce004866a3a,f72d6c4a-b85a-4000-8dbc-37d928105c1f,Lounge,Modern White,Cozy Family,Natural Daylight,Neutral,"Sofas, Table",submitted,horizontal_flip,2026-04-06T10:41:03.732485+00:00,00002785_horizontal_flip.jpg,examples/dataset/images/horizontal_flip_0487_00002785_horizontal_flip.jpg
67348353-8498-41cb-98b5-927050cbd662,60228d2f-d763-45e7-8e5c-4a716dfdb8dc,Lounge,Modern White,Formal Entertaining,Natural Daylight,Neutral,"Sofas, Table",submitted,scaled_crop,2026-04-06T10:41:05.959163+00:00,00002786_scaled_crop.jpg,examples/dataset/images/scaled_crop_0488_00002786_scaled_crop.jpg
4525b2dd-8baa-4368-8c84-3f11d504d982,60228d2f-d763-45e7-8e5c-4a716dfdb8dc,Lounge,Modern White,Formal Entertaining,Natural Daylight,Neutral,"Sofas, Table",submitted,horizontal_flip,2026-04-06T10:41:06.677834+00:00,00002786_horizontal_flip.jpg,examples/dataset/images/horizontal_flip_0489_00002786_horizontal_flip.jpg
b26ee786-ba99-4e25-82f1-3f9dcd78302a,da9532ea-26a8-4267-8a15-8e70f8d176cd,Lounge,Modern White,Cozy Family,Natural Daylight,Neutral,"Sofas, Lighting Fixtures",submitted,scaled_crop,2026-04-06T10:41:09.395843+00:00,00002787_scaled_crop.jpg,examples/dataset/images/scaled_crop_0490_00002787_scaled_crop.jpg
c7b2620a-2876-4aec-b447-3af3359bb144,da9532ea-26a8-4267-8a15-8e70f8d176cd,Lounge,Modern White,Cozy Family,Natural Daylight,Neutral,"Sofas, Lighting Fixtures",submitted,horizontal_flip,2026-04-06T10:41:09.968377+00:00,00002787_horizontal_flip.jpg,examples/dataset/images/horizontal_flip_0491_00002787_horizontal_flip.jpg
fb5f830e-a0b5-496a-8e7a-bb4bca565cc1,eaf8ada7-96fe-465b-abfb-727f931e1bc1,Kitchen,Modern White,Small Family,Natural Daylight,Neutral,"Shelves, Table, Chair",submitted,scaled_crop,2026-04-06T10:41:11.904229+00:00,00002789_scaled_crop.jpg,examples/dataset/images/scaled_crop_0492_00002789_scaled_crop.jpg
9bcaebf9-6333-4bb4-a011-2878bc24ecf7,eaf8ada7-96fe-465b-abfb-727f931e1bc1,Kitchen,Modern White,Small Family,Natural Daylight,Neutral,"Shelves, Table, Chair",submitted,horizontal_flip,2026-04-06T10:41:12.616866+00:00,00002789_horizontal_flip.jpg,examples/dataset/images/horizontal_flip_0493_00002789_horizontal_flip.jpg
ec24bf2d-d9cf-48f3-86c8-a9844d39887a,020935f1-55bf-4975-bcb4-5dadfbe8496b,Lounge,Sleek Charcoal,Cozy Family,Natural Daylight,Neutral,"Sofas, Table, Lighting Fixtures",submitted,scaled_crop,2026-04-06T10:41:15.376797+00:00,00002791_scaled_crop.jpg,examples/dataset/images/scaled_crop_0494_00002791_scaled_crop.jpg
6ba77607-3333-4434-8f55-bb82001fb2a7,020935f1-55bf-4975-bcb4-5dadfbe8496b,Lounge,Sleek Charcoal,Cozy Family,Natural Daylight,Neutral,"Sofas, Table, Lighting Fixtures",submitted,horizontal_flip,2026-04-06T10:41:15.993031+00:00,00002791_horizontal_flip.jpg,examples/dataset/images/horizontal_flip_0495_00002791_horizontal_flip.jpg
efd82307-1d85-4a7d-9f51-74f197dbf110,cabfd00c-b487-4ffe-9e3f-e5532dd25003,Lounge,Earthy Terracotta,Reading Nook,Warm Indoor Lighting,Warm,"Sofas, Table, Chair",submitted,scaled_crop,2026-04-06T10:41:18.457639+00:00,00002255_scaled_crop.jpg,examples/dataset/images/scaled_crop_0496_00002255_scaled_crop.jpg
e67e22bf-1531-46f7-b9c0-11fcbfe626d4,cabfd00c-b487-4ffe-9e3f-e5532dd25003,Lounge,Earthy Terracotta,Reading Nook,Warm Indoor Lighting,Warm,"Sofas, Table, Chair",submitted,horizontal_flip,2026-04-06T10:41:19.170603+00:00,00002255_horizontal_flip.jpg,examples/dataset/images/horizontal_flip_0497_00002255_horizontal_flip.jpg
a3b8eeb3-d632-43a8-bfcb-56b3b1638bb4,82049c87-94aa-4fec-a200-79387c326e5a,Lounge,Modern White,Formal Entertaining,Natural Daylight,Neutral,"Sofas, Table, Lighting Fixtures",submitted,scaled_crop,2026-04-06T10:41:21.932538+00:00,00003741_scaled_crop.jpg,examples/dataset/images/scaled_crop_0498_00003741_scaled_crop.jpg
7b9c6138-ac00-450e-b312-143a959f8ae4,82049c87-94aa-4fec-a200-79387c326e5a,Lounge,Modern White,Formal Entertaining,Natural Daylight,Neutral,"Sofas, Table, Lighting Fixtures",submitted,horizontal_flip,2026-04-06T10:41:22.654348+00:00,00003741_horizontal_flip.jpg,examples/dataset/images/horizontal_flip_0499_00003741_horizontal_flip.jpg
2e7f4c6a-e9af-4a5a-a5fb-f2c139f45599,b79b2364-3336-4627-be4d-1fb5ff696b3e,Lounge,Soft Beige,Cozy Family,Warm Indoor Lighting,Warm,"Sofas, Shelves, Table, Lighting Fixtures",submitted,scaled_crop,2026-04-06T10:41:25.109867+00:00,00001266_scaled_crop.jpg,examples/dataset/images/scaled_crop_0500_00001266_scaled_crop.jpg
04d9077d-69a7-49fc-be73-816c72d6b6a0,b79b2364-3336-4627-be4d-1fb5ff696b3e,Lounge,Soft Beige,Cozy Family,Warm Indoor Lighting,Warm,"Sofas, Shelves, Table, Lighting Fixtures",submitted,horizontal_flip,2026-04-06T10:41:25.737281+00:00,00001266_horizontal_flip.jpg,examples/dataset/images/horizontal_flip_0501_00001266_horizontal_flip.jpg
df73398f-9613-4583-ac4d-36936997e13b,f938150a-ce44-4510-9465-957bf1ff819b,Dining Room,Modern White,Casual Family,LED Office Lighting,Neutral,"Shelves, Table, Chair",submitted,scaled_crop,2026-04-06T10:41:28.689201+00:00,00000191_scaled_crop.jpg,examples/dataset/images/scaled_crop_0502_00000191_scaled_crop.jpg
fb50dec7-2f72-4763-b107-e812579ec2cc,f938150a-ce44-4510-9465-957bf1ff819b,Dining Room,Modern White,Casual Family,LED Office Lighting,Neutral,"Shelves, Table, Chair",submitted,horizontal_flip,2026-04-06T10:41:29.304561+00:00,00000191_horizontal_flip.jpg,examples/dataset/images/horizontal_flip_0503_00000191_horizontal_flip.jpg
ae294d1e-acf1-4c90-bf2f-3add5ec4d670,902214bb-3f60-460d-9cca-1752df678466,Lounge,Earthy Terracotta,Formal Entertaining,Warm Indoor Lighting,Warm,"Desks, Sofas, Table, Lighting Fixtures, Plants",submitted,scaled_crop,2026-04-06T10:41:32.579217+00:00,00003343_scaled_crop.jpg,examples/dataset/images/scaled_crop_0504_00003343_scaled_crop.jpg
953c0846-f170-41a5-9b52-b0219b340fd1,902214bb-3f60-460d-9cca-1752df678466,Lounge,Earthy Terracotta,Formal Entertaining,Warm Indoor Lighting,Warm,"Desks, Sofas, Table, Lighting Fixtures, Plants",submitted,horizontal_flip,2026-04-06T10:41:33.29453+00:00,00003343_horizontal_flip.jpg,examples/dataset/images/horizontal_flip_0505_00003343_horizontal_flip.jpg
06b8e2c5-7cf2-49b1-8e64-785acfd729d8,d60064c6-afea-490b-afab-e6145def51c7,Lounge,Royal Blue,Reading Nook,Natural Daylight,Warm,"Shelves, Table, Chair, Lighting Fixtures, Plants",submitted,scaled_crop,2026-04-06T10:41:36.267662+00:00,00003563_scaled_crop.jpg,examples/dataset/images/scaled_crop_0506_00003563_scaled_crop.jpg
3d0fe794-af76-4409-ab56-8fc397acaa32,d60064c6-afea-490b-afab-e6145def51c7,Lounge,Royal Blue,Reading Nook,Natural Daylight,Warm,"Shelves, Table, Chair, Lighting Fixtures, Plants",submitted,horizontal_flip,2026-04-06T10:41:36.88438+00:00,00003563_horizontal_flip.jpg,examples/dataset/images/horizontal_flip_0507_00003563_horizontal_flip.jpg
ac9cc134-be9a-44ba-864b-0e65d25781c0,84f2ced7-5958-45c2-9e2d-9ec5da5b777b,Bedroom,Earthy Terracotta,Master Suite,Natural Daylight,Warm,"Shelves, Table, Chair, Bed, Lighting Fixtures",submitted,scaled_crop,2026-04-06T10:41:39.649014+00:00,00003655_scaled_crop.jpg,examples/dataset/images/scaled_crop_0508_00003655_scaled_crop.jpg
3812993a-4ac3-49f2-bd0a-e556422ef579,84f2ced7-5958-45c2-9e2d-9ec5da5b777b,Bedroom,Earthy Terracotta,Master Suite,Natural Daylight,Warm,"Shelves, Table, Chair, Bed, Lighting Fixtures",submitted,horizontal_flip,2026-04-06T10:41:40.366572+00:00,00003655_horizontal_flip.jpg,examples/dataset/images/horizontal_flip_0509_00003655_horizontal_flip.jpg
674facfe-9735-4a89-b7f2-19cd1dff6b81,53dcf0b5-e7b3-422f-ac1c-a581c41a0dc0,Lounge,Sleek Charcoal,Formal Entertaining,Natural Daylight,Dark Mode,"Sofas, Table, Lighting Fixtures",submitted,scaled_crop,2026-04-06T10:41:43.232105+00:00,00002257_scaled_crop.jpg,examples/dataset/images/scaled_crop_0510_00002257_scaled_crop.jpg
f1b63a56-9b8b-4bdd-a69c-894d65d53e39,53dcf0b5-e7b3-422f-ac1c-a581c41a0dc0,Lounge,Sleek Charcoal,Formal Entertaining,Natural Daylight,Dark Mode,"Sofas, Table, Lighting Fixtures",submitted,horizontal_flip,2026-04-06T10:41:43.946038+00:00,00002257_horizontal_flip.jpg,examples/dataset/images/horizontal_flip_0511_00002257_horizontal_flip.jpg
46e4fb5d-1e50-4d8f-b686-2122cff76129,2c23459c-738b-433f-8020-d998f090b585,Lounge,Earthy Terracotta,Reading Nook,LED Office Lighting,Neutral,"Table, Chair",submitted,scaled_crop,2026-04-06T10:41:46.305429+00:00,00002323_scaled_crop.jpg,examples/dataset/images/scaled_crop_0512_00002323_scaled_crop.jpg
d087e908-e903-4c20-bfbf-d388f4e5f7bb,2c23459c-738b-433f-8020-d998f090b585,Lounge,Earthy Terracotta,Reading Nook,LED Office Lighting,Neutral,"Table, Chair",submitted,horizontal_flip,2026-04-06T10:41:47.026923+00:00,00002323_horizontal_flip.jpg,examples/dataset/images/horizontal_flip_0513_00002323_horizontal_flip.jpg
e5c193b0-c6e2-4f8e-a8ef-a57ead519be4,7a075bdb-a775-48c8-8e8c-36e892c4bb73,Bedroom,Sleek Charcoal,Minimalist Retreat,Natural Daylight,Neutral,"Sofas, Shelves, Bed",submitted,scaled_crop,2026-04-06T10:41:49.988321+00:00,00001272_scaled_crop.jpg,examples/dataset/images/scaled_crop_0514_00001272_scaled_crop.jpg
f8863acc-f24e-4028-80c1-36ac1d38cbf9,7a075bdb-a775-48c8-8e8c-36e892c4bb73,Bedroom,Sleek Charcoal,Minimalist Retreat,Natural Daylight,Neutral,"Sofas, Shelves, Bed",submitted,horizontal_flip,2026-04-06T10:41:50.605789+00:00,00001272_horizontal_flip.jpg,examples/dataset/images/horizontal_flip_0515_00001272_horizontal_flip.jpg
c680e62d-7052-4217-9116-0ad25ac8b5c6,efe88fe3-a337-4f3c-8492-a35b2ab0e846,Bedroom,Soft Beige,Minimalist Retreat,Natural Daylight,Neutral,"Sofas, Shelves, Bed",submitted,scaled_crop,2026-04-06T10:41:52.754144+00:00,00001308_scaled_crop.jpg,examples/dataset/images/scaled_crop_0516_00001308_scaled_crop.jpg
7fa47714-1657-4c2a-9c0e-7d98453db25c,efe88fe3-a337-4f3c-8492-a35b2ab0e846,Bedroom,Soft Beige,Minimalist Retreat,Natural Daylight,Neutral,"Sofas, Shelves, Bed",submitted,horizontal_flip,2026-04-06T10:41:53.475054+00:00,00001308_horizontal_flip.jpg,examples/dataset/images/horizontal_flip_0517_00001308_horizontal_flip.jpg
9191de14-7f08-45da-a0ea-dd9877e94774,86432bb8-c91f-4f8b-b2cb-09cb5f340a5e,Kitchen,Sleek Charcoal,Modern Minimalist,Warm Indoor Lighting,Neutral,"Table, Chair, Plants",submitted,scaled_crop,2026-04-06T10:41:55.82795+00:00,00000365_scaled_crop.jpg,examples/dataset/images/scaled_crop_0518_00000365_scaled_crop.jpg
aa689479-c879-48fa-bbed-19b345b17bf9,86432bb8-c91f-4f8b-b2cb-09cb5f340a5e,Kitchen,Sleek Charcoal,Modern Minimalist,Warm Indoor Lighting,Neutral,"Table, Chair, Plants",submitted,horizontal_flip,2026-04-06T10:41:56.546905+00:00,00000365_horizontal_flip.jpg,examples/dataset/images/horizontal_flip_0519_00000365_horizontal_flip.jpg
c0555736-7687-401f-a908-48fe3ce1eeb3,5fce517a-1b6c-43b9-a1b7-1d42749e2036,Lounge,Emerald Green,Formal Entertaining,Natural Daylight,Neutral,"Sofas, Shelves, Lighting Fixtures, Plants",submitted,scaled_crop,2026-04-06T10:41:59.254542+00:00,00003942_scaled_crop.jpg,examples/dataset/images/scaled_crop_0520_00003942_scaled_crop.jpg
f2cf3c53-55a7-4ebb-9b12-3afdc7b672fc,5fce517a-1b6c-43b9-a1b7-1d42749e2036,Lounge,Emerald Green,Formal Entertaining,Natural Daylight,Neutral,"Sofas, Shelves, Lighting Fixtures, Plants",submitted,horizontal_flip,2026-04-06T10:41:59.919618+00:00,00003942_horizontal_flip.jpg,examples/dataset/images/horizontal_flip_0521_00003942_horizontal_flip.jpg
a89eb717-7cdc-41e6-8f2b-e2fa11747311,88621cc1-bcb3-4ccd-b18a-5ba910311928,Lounge,Earthy Terracotta,Formal Entertaining,Warm Indoor Lighting,Warm,"Sofas, Table, Chair, Lighting Fixtures",submitted,scaled_crop,2026-04-06T10:42:03.010202+00:00,00003347_scaled_crop.jpg,examples/dataset/images/scaled_crop_0522_00003347_scaled_crop.jpg
40a8b716-b9a5-4996-b844-5af08213296c,88621cc1-bcb3-4ccd-b18a-5ba910311928,Lounge,Earthy Terracotta,Formal Entertaining,Warm Indoor Lighting,Warm,"Sofas, Table, Chair, Lighting Fixtures",submitted,horizontal_flip,2026-04-06T10:42:03.693991+00:00,00003347_horizontal_flip.jpg,examples/dataset/images/horizontal_flip_0523_00003347_horizontal_flip.jpg
c1a1194b-5354-4e2d-8c26-fbb87716416e,41ff75e3-8a8f-4f2f-b1cc-24c4d6ae0118,Lounge,Modern White,Formal Entertaining,Natural Daylight,Neutral,"Sofas, Table, Lighting Fixtures",submitted,scaled_crop,2026-04-06T10:42:06.478633+00:00,00003565_scaled_crop.jpg,examples/dataset/images/scaled_crop_0524_00003565_scaled_crop.jpg
994c5422-95c2-4cd5-89fb-17d38cf63152,41ff75e3-8a8f-4f2f-b1cc-24c4d6ae0118,Lounge,Modern White,Formal Entertaining,Natural Daylight,Neutral,"Sofas, Table, Lighting Fixtures",submitted,horizontal_flip,2026-04-06T10:42:07.190713+00:00,00003565_horizontal_flip.jpg,examples/dataset/images/horizontal_flip_0525_00003565_horizontal_flip.jpg
3113e93a-950d-45b8-baff-29e231eba888,d9a34b6f-600b-4db3-8608-08c619e4547b,Dining Room,Earthy Terracotta,Formal,Natural Daylight,Neutral,"Sofas, Table, Chair, Lighting Fixtures",submitted,scaled_crop,2026-04-06T10:42:08.93458+00:00,00002258_scaled_crop.jpg,examples/dataset/images/scaled_crop_0526_00002258_scaled_crop.jpg
31aa7926-0e00-4784-b62f-28345b83a83d,d9a34b6f-600b-4db3-8608-08c619e4547b,Dining Room,Earthy Terracotta,Formal,Natural Daylight,Neutral,"Sofas, Table, Chair, Lighting Fixtures",submitted,horizontal_flip,2026-04-06T10:42:09.668296+00:00,00002258_horizontal_flip.jpg,examples/dataset/images/horizontal_flip_0527_00002258_horizontal_flip.jpg
9af97189-04f3-484f-bb39-03eed609b3c0,53125394-10d8-4fe8-ac81-c11419785110,Lounge,Earthy Terracotta,Formal Entertaining,LED Office Lighting,Dark Mode,"Sofas, Shelves, Table, Chair, Lighting Fixtures",submitted,scaled_crop,2026-04-06T10:42:13.137229+00:00,00002324_scaled_crop.jpg,examples/dataset/images/scaled_crop_0528_00002324_scaled_crop.jpg
8a9b0bbc-db05-4d61-8061-67787c8a515c,53125394-10d8-4fe8-ac81-c11419785110,Lounge,Earthy Terracotta,Formal Entertaining,LED Office Lighting,Dark Mode,"Sofas, Shelves, Table, Chair, Lighting Fixtures",submitted,horizontal_flip,2026-04-06T10:42:14.133394+00:00,00002324_horizontal_flip.jpg,examples/dataset/images/horizontal_flip_0529_00002324_horizontal_flip.jpg
cc16da81-a488-481b-834a-7aaf545472ad,dfa9f261-cb61-4948-9ff0-6c86d67de823,Kitchen,Soft Beige,Open Concept,Natural Daylight,Neutral,"Shelves, Table, Chair, Lighting Fixtures",submitted,scaled_crop,2026-04-06T10:42:17.235879+00:00,00003752_scaled_crop.jpg,examples/dataset/images/scaled_crop_0530_00003752_scaled_crop.jpg
158aad68-f584-495a-b693-ad68978243ea,dfa9f261-cb61-4948-9ff0-6c86d67de823,Kitchen,Soft Beige,Open Concept,Natural Daylight,Neutral,"Shelves, Table, Chair, Lighting Fixtures",submitted,horizontal_flip,2026-04-06T10:42:17.948006+00:00,00003752_horizontal_flip.jpg,examples/dataset/images/horizontal_flip_0531_00003752_horizontal_flip.jpg
f21fec60-dc1b-4dd6-a447-175f17828cf2,ed77620d-358d-4964-847d-101e50a7bfbc,Kitchen,Sleek Charcoal,Industrial Loft,Warm Indoor Lighting,Dark Mode,"Shelves, Table, Chair, Lighting Fixtures",submitted,scaled_crop,2026-04-06T10:42:20.920567+00:00,00001316_scaled_crop.jpg,examples/dataset/images/scaled_crop_0532_00001316_scaled_crop.jpg
77ec0de5-9cb1-4fb0-935f-ded2cc338364,ed77620d-358d-4964-847d-101e50a7bfbc,Kitchen,Sleek Charcoal,Industrial Loft,Warm Indoor Lighting,Dark Mode,"Shelves, Table, Chair, Lighting Fixtures",submitted,horizontal_flip,2026-04-06T10:42:21.534926+00:00,00001316_horizontal_flip.jpg,examples/dataset/images/horizontal_flip_0533_00001316_horizontal_flip.jpg
da0d6896-2bcd-4412-b939-f768f9af1b98,6827c66c-2f71-473a-83b1-628c1e68ce14,Kitchen,Modern White,Modern Minimalist,LED Office Lighting,Neutral,"Shelves, Lighting Fixtures",submitted,scaled_crop,2026-04-06T10:42:24.095881+00:00,00001347_scaled_crop.jpg,examples/dataset/images/scaled_crop_0534_00001347_scaled_crop.jpg
0d316285-b97c-4203-9a84-705bd6fc1a29,6827c66c-2f71-473a-83b1-628c1e68ce14,Kitchen,Modern White,Modern Minimalist,LED Office Lighting,Neutral,"Shelves, Lighting Fixtures",submitted,horizontal_flip,2026-04-06T10:42:24.714628+00:00,00001347_horizontal_flip.jpg,examples/dataset/images/horizontal_flip_0535_00001347_horizontal_flip.jpg
290309dd-bacf-46b3-a574-7be4800a512a,0f7a3b8f-f245-4af0-9bcd-7831f638aadb,Dining Room,Soft Beige,Elegant Party,Warm Indoor Lighting,Warm,"Table, Chair, Lighting Fixtures",submitted,scaled_crop,2026-04-06T10:42:27.070459+00:00,00001355_scaled_crop.jpg,examples/dataset/images/scaled_crop_0536_00001355_scaled_crop.jpg
8cf5d31f-4e2c-4ab5-a3cd-af08b01f33f1,0f7a3b8f-f245-4af0-9bcd-7831f638aadb,Dining Room,Soft Beige,Elegant Party,Warm Indoor Lighting,Warm,"Table, Chair, Lighting Fixtures",submitted,horizontal_flip,2026-04-06T10:42:27.78195+00:00,00001355_horizontal_flip.jpg,examples/dataset/images/horizontal_flip_0537_00001355_horizontal_flip.jpg
67ea3ae5-0746-4b57-9b7f-e1d6cf004189,f50dda1b-5882-4c5d-972c-ebe7b1b8f0ea,Bedroom,Soft Beige,Master Suite,Natural Daylight,Pastel,"Sofas, Chair, Bed, Plants",submitted,scaled_crop,2026-04-06T10:42:30.56188+00:00,00001476_scaled_crop.jpg,examples/dataset/images/scaled_crop_0538_00001476_scaled_crop.jpg
15d30bee-a70b-4628-9428-a6207acc6cbc,f50dda1b-5882-4c5d-972c-ebe7b1b8f0ea,Bedroom,Soft Beige,Master Suite,Natural Daylight,Pastel,"Sofas, Chair, Bed, Plants",submitted,horizontal_flip,2026-04-06T10:42:31.158009+00:00,00001476_horizontal_flip.jpg,examples/dataset/images/horizontal_flip_0539_00001476_horizontal_flip.jpg
563f1d61-6f41-4aa8-8b7d-7aef43349501,9f0a37d4-a5f6-4d13-a33c-10b284b0dd63,Bedroom,Pastel Pink,Adults,Natural Daylight,Neutral,"Table, Bed, Lighting Fixtures, Plants",submitted,scaled_crop,2026-04-06T10:42:33.822934+00:00,00003950_scaled_crop.jpg,examples/dataset/images/scaled_crop_0540_00003950_scaled_crop.jpg
eeedb950-075d-4f2a-a1f5-80bb2876a0f0,9f0a37d4-a5f6-4d13-a33c-10b284b0dd63,Bedroom,Pastel Pink,Adults,Natural Daylight,Neutral,"Table, Bed, Lighting Fixtures, Plants",submitted,horizontal_flip,2026-04-06T10:42:34.457262+00:00,00003950_horizontal_flip.jpg,examples/dataset/images/horizontal_flip_0541_00003950_horizontal_flip.jpg
e61c3913-7b2c-4e2b-b878-9ffc0bff35e9,9ecce8f6-ed0c-498b-ba89-c69eb92a32ff,Bedroom,Emerald Green,Guest,Natural Daylight,Neutral,"Table, Bed, Lighting Fixtures, Plants",submitted,scaled_crop,2026-04-06T10:42:37.41064+00:00,00004051_scaled_crop.jpg,examples/dataset/images/scaled_crop_0542_00004051_scaled_crop.jpg
fb1407f0-c694-4054-bece-390769b8494e,9ecce8f6-ed0c-498b-ba89-c69eb92a32ff,Bedroom,Emerald Green,Guest,Natural Daylight,Neutral,"Table, Bed, Lighting Fixtures, Plants",submitted,horizontal_flip,2026-04-06T10:42:38.118894+00:00,00004051_horizontal_flip.jpg,examples/dataset/images/horizontal_flip_0543_00004051_horizontal_flip.jpg
5dab91a2-fad2-4961-a028-7cc6754d044e,950be284-4486-44cb-990a-157b4ba6efb0,Lounge,Modern White,Formal Entertaining,Natural Daylight,Neutral,"Sofas, Shelves, Table, Chair, Lighting Fixtures, Plants",submitted,scaled_crop,2026-04-06T10:42:40.888566+00:00,00004191_scaled_crop.jpg,examples/dataset/images/scaled_crop_0544_00004191_scaled_crop.jpg
2d9aacf7-30a7-4ca8-a2ca-655e789f053a,950be284-4486-44cb-990a-157b4ba6efb0,Lounge,Modern White,Formal Entertaining,Natural Daylight,Neutral,"Sofas, Shelves, Table, Chair, Lighting Fixtures, Plants",submitted,horizontal_flip,2026-04-06T10:42:41.601304+00:00,00004191_horizontal_flip.jpg,examples/dataset/images/horizontal_flip_0545_00004191_horizontal_flip.jpg
03426927-d8c0-4d15-a58a-a975f72ac3b0,cdc30bcd-b171-4813-b020-9ec86855a34e,Lounge,Earthy Terracotta,Formal Entertaining,Warm Indoor Lighting,Dark Mode,"Sofas, Table, Chair, Lighting Fixtures",submitted,scaled_crop,2026-04-06T10:42:44.369533+00:00,00004288_scaled_crop.jpg,examples/dataset/images/scaled_crop_0546_00004288_scaled_crop.jpg
ace97626-ab60-40ac-93fe-bd527f46d59f,cdc30bcd-b171-4813-b020-9ec86855a34e,Lounge,Earthy Terracotta,Formal Entertaining,Warm Indoor Lighting,Dark Mode,"Sofas, Table, Chair, Lighting Fixtures",submitted,horizontal_flip,2026-04-06T10:42:45.594283+00:00,00004288_horizontal_flip.jpg,examples/dataset/images/horizontal_flip_0547_00004288_horizontal_flip.jpg
ca87d33a-9cee-4b4a-b547-679361ad21e4,cc1a128a-d1c2-48ec-9fd0-b1773569fd59,Lounge,Soft Beige,Formal Entertaining,Warm Indoor Lighting,Warm,"Sofas, Table, Chair, Lighting Fixtures, Partitions",submitted,scaled_crop,2026-04-06T10:42:48.672649+00:00,00003350_scaled_crop.jpg,examples/dataset/images/scaled_crop_0548_00003350_scaled_crop.jpg
deec26ea-f4d1-4b45-ae02-a1c531ec2bf9,cc1a128a-d1c2-48ec-9fd0-b1773569fd59,Lounge,Soft Beige,Formal Entertaining,Warm Indoor Lighting,Warm,"Sofas, Table, Chair, Lighting Fixtures, Partitions",submitted,horizontal_flip,2026-04-06T10:42:49.386572+00:00,00003350_horizontal_flip.jpg,examples/dataset/images/horizontal_flip_0549_00003350_horizontal_flip.jpg
8d294f12-6573-4211-bbcc-a8db86f9fbda,2dab9129-4ad8-422a-a058-a614d398ab1b,Dining Room,Emerald Green,Formal,Natural Daylight,Pastel,"Desks, Table, Chair, Lighting Fixtures, Plants",submitted,scaled_crop,2026-04-06T10:42:52.460059+00:00,00003461_scaled_crop.jpg,examples/dataset/images/scaled_crop_0550_00003461_scaled_crop.jpg
470c85d0-ad22-49e1-825e-8f98e5a30003,2dab9129-4ad8-422a-a058-a614d398ab1b,Dining Room,Emerald Green,Formal,Natural Daylight,Pastel,"Desks, Table, Chair, Lighting Fixtures, Plants",submitted,horizontal_flip,2026-04-06T10:42:53.183836+00:00,00003461_horizontal_flip.jpg,examples/dataset/images/horizontal_flip_0551_00003461_horizontal_flip.jpg
af1b24a3-f54e-4a92-a3ee-5016b18b9c95,c1b305f4-7c9c-4f7c-8291-f12ff9a03ddc,Lounge,Modern White,Formal Entertaining,Natural Daylight,Neutral,"Sofas, Shelves, Table, Chair, Lighting Fixtures",submitted,scaled_crop,2026-04-06T10:42:56.043855+00:00,00003567_scaled_crop.jpg,examples/dataset/images/scaled_crop_0552_00003567_scaled_crop.jpg
e946ea68-1e90-4481-bc8b-d9cd2eb51856,c1b305f4-7c9c-4f7c-8291-f12ff9a03ddc,Lounge,Modern White,Formal Entertaining,Natural Daylight,Neutral,"Sofas, Shelves, Table, Chair, Lighting Fixtures",submitted,horizontal_flip,2026-04-06T10:42:56.758261+00:00,00003567_horizontal_flip.jpg,examples/dataset/images/horizontal_flip_0553_00003567_horizontal_flip.jpg
b7bb8295-3542-4950-9b87-9774a5fa24fd,2e71feec-6543-493a-9476-14733cd1feb5,Lounge,Soft Beige,Formal Entertaining,Warm Indoor Lighting,Warm,"Sofas, Shelves, Table, Plants",submitted,scaled_crop,2026-04-06T10:43:00.246053+00:00,00003670_scaled_crop.jpg,examples/dataset/images/scaled_crop_0554_00003670_scaled_crop.jpg
d6206229-8a3f-428c-bf5f-74e0ff33227f,2e71feec-6543-493a-9476-14733cd1feb5,Lounge,Soft Beige,Formal Entertaining,Warm Indoor Lighting,Warm,"Sofas, Shelves, Table, Plants",submitted,horizontal_flip,2026-04-06T10:43:00.892295+00:00,00003670_horizontal_flip.jpg,examples/dataset/images/horizontal_flip_0555_00003670_horizontal_flip.jpg
dfd0d5c2-082b-4111-99ce-a4f3a3d57781,8eaaf97d-4f0d-4fa2-a9a6-202da322fb77,Dining Room,Soft Beige,Elegant Party,LED Office Lighting,Warm,"Table, Chair, Lighting Fixtures",submitted,scaled_crop,2026-04-06T10:43:03.824869+00:00,00000590_scaled_crop.jpg,examples/dataset/images/scaled_crop_0556_00000590_scaled_crop.jpg
1d0e5488-15ab-4b95-8a69-355262c5d4a0,8eaaf97d-4f0d-4fa2-a9a6-202da322fb77,Dining Room,Soft Beige,Elegant Party,LED Office Lighting,Warm,"Table, Chair, Lighting Fixtures",submitted,horizontal_flip,2026-04-06T10:43:04.539523+00:00,00000590_horizontal_flip.jpg,examples/dataset/images/horizontal_flip_0557_00000590_horizontal_flip.jpg
d24574e2-b589-44c3-8950-5935b46e8ada,f035cadd-066a-4553-a801-33c6caa1c0bc,Dining Room,Soft Beige,Casual Family,Natural Daylight,Neutral,"Table, Chair, Lighting Fixtures, Partitions",submitted,scaled_crop,2026-04-06T10:43:07.30311+00:00,00001482_scaled_crop.jpg,examples/dataset/images/scaled_crop_0558_00001482_scaled_crop.jpg
d8327bfc-7d07-40fc-8f62-400f601adb99,f035cadd-066a-4553-a801-33c6caa1c0bc,Dining Room,Soft Beige,Casual Family,Natural Daylight,Neutral,"Table, Chair, Lighting Fixtures, Partitions",submitted,horizontal_flip,2026-04-06T10:43:08.022572+00:00,00001482_horizontal_flip.jpg,examples/dataset/images/horizontal_flip_0559_00001482_horizontal_flip.jpg
f5e938e1-3507-4aa4-916c-ab82ac7fe9c2,3361c15a-24b4-4c33-8d2a-8e6c77809d0c,Dining Room,Soft Beige,Formal,Natural Daylight,Warm,"Table, Chair, Lighting Fixtures, Plants",submitted,scaled_crop,2026-04-06T10:43:11.102619+00:00,00004054_scaled_crop.jpg,examples/dataset/images/scaled_crop_0560_00004054_scaled_crop.jpg
822a7563-229f-4b13-ad0a-b72cc0720298,3361c15a-24b4-4c33-8d2a-8e6c77809d0c,Dining Room,Soft Beige,Formal,Natural Daylight,Warm,"Table, Chair, Lighting Fixtures, Plants",submitted,horizontal_flip,2026-04-06T10:43:11.809106+00:00,00004054_horizontal_flip.jpg,examples/dataset/images/horizontal_flip_0561_00004054_horizontal_flip.jpg
1384de16-2b03-43ea-b17d-bd2cb2c8ab1d,16280223-46a0-43d4-a7be-4f382110bc96,Lounge,Modern White,Formal Entertaining,Natural Daylight,Neutral,"Sofas, Table, Lighting Fixtures, Plants",submitted,scaled_crop,2026-04-06T10:43:14.878483+00:00,00004292_scaled_crop.jpg,examples/dataset/images/scaled_crop_0562_00004292_scaled_crop.jpg
fc7ed688-895e-46db-8f96-3498ebc04963,16280223-46a0-43d4-a7be-4f382110bc96,Lounge,Modern White,Formal Entertaining,Natural Daylight,Neutral,"Sofas, Table, Lighting Fixtures, Plants",submitted,horizontal_flip,2026-04-06T10:43:15.490322+00:00,00004292_horizontal_flip.jpg,examples/dataset/images/horizontal_flip_0563_00004292_horizontal_flip.jpg
7175d1c5-13c0-4295-aa3a-dce7359f0e34,8b1cfe94-d8e4-4dea-9358-935ff16f33b0,Bedroom,Soft Beige,Guest,Warm Indoor Lighting,Warm,"Table, Chair, Bed, Lighting Fixtures",submitted,scaled_crop,2026-04-06T10:43:18.362129+00:00,00003351_scaled_crop.jpg,examples/dataset/images/scaled_crop_0564_00003351_scaled_crop.jpg
1dd5a819-3a47-4ab6-b8a0-17945c1c7588,8b1cfe94-d8e4-4dea-9358-935ff16f33b0,Bedroom,Soft Beige,Guest,Warm Indoor Lighting,Warm,"Table, Chair, Bed, Lighting Fixtures",submitted,horizontal_flip,2026-04-06T10:43:19.064501+00:00,00003351_horizontal_flip.jpg,examples/dataset/images/horizontal_flip_0565_00003351_horizontal_flip.jpg
9381e08e-8e5b-442e-bb95-bfaccea44dba,94f61d7e-7026-44f1-8c3d-11399b0a4ed6,Bedroom,Modern White,Guest,Natural Daylight,Neutral,"Table, Bed, Lighting Fixtures, Partitions",submitted,scaled_crop,2026-04-06T10:43:22.356627+00:00,00003466_scaled_crop.jpg,examples/dataset/images/scaled_crop_0566_00003466_scaled_crop.jpg
152892bc-5a49-4a2a-9c03-fd4a037cf8c9,94f61d7e-7026-44f1-8c3d-11399b0a4ed6,Bedroom,Modern White,Guest,Natural Daylight,Neutral,"Table, Bed, Lighting Fixtures, Partitions",submitted,horizontal_flip,2026-04-06T10:43:23.076178+00:00,00003466_horizontal_flip.jpg,examples/dataset/images/horizontal_flip_0567_00003466_horizontal_flip.jpg
a8c439de-4d9d-4e7a-95da-97fdfe7592a8,6b48aa82-3612-4504-86cb-3829c25fe5d4,Bedroom,Sleek Charcoal,Minimalist Retreat,Natural Daylight,Neutral,"Sofas, Table, Bed, Lighting Fixtures, Partitions",submitted,scaled_crop,2026-04-06T10:43:25.836772+00:00,00003571_scaled_crop.jpg,examples/dataset/images/scaled_crop_0568_00003571_scaled_crop.jpg
d1a424f8-bc15-4bf1-acc0-68e0a70510a0,6b48aa82-3612-4504-86cb-3829c25fe5d4,Bedroom,Sleek Charcoal,Minimalist Retreat,Natural Daylight,Neutral,"Sofas, Table, Bed, Lighting Fixtures, Partitions",submitted,horizontal_flip,2026-04-06T10:43:26.557577+00:00,00003571_horizontal_flip.jpg,examples/dataset/images/horizontal_flip_0569_00003571_horizontal_flip.jpg
1491f0aa-1bbb-45eb-8d30-250fdfe9d0d9,5cc6ad98-3f0f-40ff-b014-a790e17fd9d2,Dining Room,Modern White,Casual Family,Natural Daylight,Neutral,"Chair, Lighting Fixtures, Plants, Partitions",submitted,scaled_crop,2026-04-06T10:43:29.113728+00:00,00003668_scaled_crop.jpg,examples/dataset/images/scaled_crop_0570_00003668_scaled_crop.jpg
21bb762f-8a77-4d3b-a5e1-7d09509e3985,5cc6ad98-3f0f-40ff-b014-a790e17fd9d2,Dining Room,Modern White,Casual Family,Natural Daylight,Neutral,"Chair, Lighting Fixtures, Plants, Partitions",submitted,horizontal_flip,2026-04-06T10:43:29.834752+00:00,00003668_horizontal_flip.jpg,examples/dataset/images/horizontal_flip_0571_00003668_horizontal_flip.jpg
c7fc41fb-404d-4912-bd35-90b25bf81395,a6f5d87a-73ab-45c8-965b-bcd3250f1eff,Lounge,Sleek Charcoal,Cozy Family,Natural Daylight,Neutral,"Sofas, Shelves, Plants, Partitions",submitted,scaled_crop,2026-04-06T10:43:32.695345+00:00,00002262_scaled_crop.jpg,examples/dataset/images/scaled_crop_0572_00002262_scaled_crop.jpg
e15d0e88-abbd-4aa2-8de0-9f7c79afe1b4,a6f5d87a-73ab-45c8-965b-bcd3250f1eff,Lounge,Sleek Charcoal,Cozy Family,Natural Daylight,Neutral,"Sofas, Shelves, Plants, Partitions",submitted,horizontal_flip,2026-04-06T10:43:33.34215+00:00,00002262_horizontal_flip.jpg,examples/dataset/images/horizontal_flip_0573_00002262_horizontal_flip.jpg
206a3f66-7917-4d32-9d27-6b3852fbe8a4,bccb3db8-0329-4097-a319-82f11755c5b8,Lounge,Modern White,Formal Entertaining,Natural Daylight,Neutral,"Sofas, Table, Lighting Fixtures, Partitions",submitted,scaled_crop,2026-04-06T10:43:36.184425+00:00,00003672_scaled_crop.jpg,examples/dataset/images/scaled_crop_0574_00003672_scaled_crop.jpg
d60fc14c-5e3c-4759-b320-90e412933bbb,bccb3db8-0329-4097-a319-82f11755c5b8,Lounge,Modern White,Formal Entertaining,Natural Daylight,Neutral,"Sofas, Table, Lighting Fixtures, Partitions",submitted,horizontal_flip,2026-04-06T10:43:36.89983+00:00,00003672_horizontal_flip.jpg,examples/dataset/images/horizontal_flip_0575_00003672_horizontal_flip.jpg
135b03d0-3fa2-49b9-b9f7-cb9ea0371984,14bc0aa9-5586-48aa-834e-b989168aeda8,Bedroom,Soft Beige,Couple,Natural Daylight,Neutral,"Table, Bed, Lighting Fixtures",submitted,scaled_crop,2026-04-06T10:43:39.148258+00:00,00003759_scaled_crop.jpg,examples/dataset/images/scaled_crop_0576_00003759_scaled_crop.jpg
a7e3511e-aa3f-4d80-9c44-7f3592ca2c85,14bc0aa9-5586-48aa-834e-b989168aeda8,Bedroom,Soft Beige,Couple,Natural Daylight,Neutral,"Table, Bed, Lighting Fixtures",submitted,horizontal_flip,2026-04-06T10:43:39.864866+00:00,00003759_horizontal_flip.jpg,examples/dataset/images/horizontal_flip_0577_00003759_horizontal_flip.jpg
5846008b-310a-401b-b8dd-504521e00a29,a0318e1b-9265-4b6d-b630-40e466a0adaa,Lounge,Sleek Charcoal,Formal Entertaining,LED Office Lighting,Dark Mode,"Sofas, Table, Lighting Fixtures",submitted,scaled_crop,2026-04-06T10:43:42.731312+00:00,00002327_scaled_crop.jpg,examples/dataset/images/scaled_crop_0578_00002327_scaled_crop.jpg
1128d082-392e-40ca-b152-55f349a87721,a0318e1b-9265-4b6d-b630-40e466a0adaa,Lounge,Sleek Charcoal,Formal Entertaining,LED Office Lighting,Dark Mode,"Sofas, Table, Lighting Fixtures",submitted,horizontal_flip,2026-04-06T10:43:43.465284+00:00,00002327_horizontal_flip.jpg,examples/dataset/images/horizontal_flip_0579_00002327_horizontal_flip.jpg
c700c464-ea42-4813-83fd-3bbc108d3bc7,24086ee4-6179-440c-80cb-f160dfd7b8a2,Kitchen,Sleek Charcoal,Modern Minimalist,LED Office Lighting,Neutral,"Sofas, Shelves, Chair",submitted,scaled_crop,2026-04-06T10:43:46.322222+00:00,00001330_scaled_crop.jpg,examples/dataset/images/scaled_crop_0580_00001330_scaled_crop.jpg
7714c052-93ab-4256-b0be-ed4a13597b7e,24086ee4-6179-440c-80cb-f160dfd7b8a2,Kitchen,Sleek Charcoal,Modern Minimalist,LED Office Lighting,Neutral,"Sofas, Shelves, Chair",submitted,horizontal_flip,2026-04-06T10:43:47.240233+00:00,00001330_horizontal_flip.jpg,examples/dataset/images/horizontal_flip_0581_00001330_horizontal_flip.jpg
464793e2-1205-4fff-919d-0c562fd8176f,aea748c1-19c0-4662-9112-a8d2548e4509,Kitchen,Modern White,Modern Minimalist,Natural Daylight,Neutral,"Chair, Lighting Fixtures",submitted,scaled_crop,2026-04-06T10:43:49.800208+00:00,00001351_scaled_crop.jpg,examples/dataset/images/scaled_crop_0582_00001351_scaled_crop.jpg
d66de2fd-20da-498a-bd26-474ffac421c5,aea748c1-19c0-4662-9112-a8d2548e4509,Kitchen,Modern White,Modern Minimalist,Natural Daylight,Neutral,"Chair, Lighting Fixtures",submitted,horizontal_flip,2026-04-06T10:43:50.513834+00:00,00001351_horizontal_flip.jpg,examples/dataset/images/horizontal_flip_0583_00001351_horizontal_flip.jpg
ee43b35c-0831-43e9-b622-02d3dfe6264a,7742103a-f631-48a5-82e4-3e0e2af19691,Lounge,Sleek Charcoal,Home Theater,Warm Indoor Lighting,Dark Mode,"Sofas, Shelves, Lighting Fixtures, Plants",submitted,scaled_crop,2026-04-06T10:43:53.278079+00:00,00001360_scaled_crop.jpg,examples/dataset/images/scaled_crop_0584_00001360_scaled_crop.jpg
5b898d64-15b6-42c4-a2cf-1855b4015579,7742103a-f631-48a5-82e4-3e0e2af19691,Lounge,Sleek Charcoal,Home Theater,Warm Indoor Lighting,Dark Mode,"Sofas, Shelves, Lighting Fixtures, Plants",submitted,horizontal_flip,2026-04-06T10:43:53.900041+00:00,00001360_horizontal_flip.jpg,examples/dataset/images/horizontal_flip_0585_00001360_horizontal_flip.jpg
0a6f542f-446b-43aa-8a2c-cad4d0f86750,6bf21b7f-bb48-40fd-ac7c-36108d1df7e6,Bedroom,Emerald Green,Guest,Natural Daylight,Neutral,"Table, Bed, Plants",submitted,scaled_crop,2026-04-06T10:43:56.764578+00:00,00004056_scaled_crop.jpg,examples/dataset/images/scaled_crop_0586_00004056_scaled_crop.jpg
638c4d70-cc85-4909-a4c6-653548b3f583,6bf21b7f-bb48-40fd-ac7c-36108d1df7e6,Bedroom,Emerald Green,Guest,Natural Daylight,Neutral,"Table, Bed, Plants",submitted,horizontal_flip,2026-04-06T10:43:57.376492+00:00,00004056_horizontal_flip.jpg,examples/dataset/images/horizontal_flip_0587_00004056_horizontal_flip.jpg
ee26f556-706b-487c-a42c-9c4107e66e39,243cb0db-4c5f-404d-b075-a765d7c45bfc,Lounge,Sleek Charcoal,Reading Nook,Natural Daylight,Dark Mode,"Sofas, Shelves, Table",submitted,scaled_crop,2026-04-06T10:44:00.151014+00:00,00004199_scaled_crop.jpg,examples/dataset/images/scaled_crop_0588_00004199_scaled_crop.jpg
b2e5a3b0-4bff-4412-b1c6-4f6a9854c1b4,243cb0db-4c5f-404d-b075-a765d7c45bfc,Lounge,Sleek Charcoal,Reading Nook,Natural Daylight,Dark Mode,"Sofas, Shelves, Table",submitted,horizontal_flip,2026-04-06T10:44:00.730246+00:00,00004199_horizontal_flip.jpg,examples/dataset/images/horizontal_flip_0589_00004199_horizontal_flip.jpg
b54bc24d-6ca8-47ba-a563-fe3bf640baa4,155b520f-4801-4024-b558-a1b473e44842,Lounge,Soft Beige,Social Hub,Natural Daylight,Warm,"Sofas, Table, Chair, Lighting Fixtures, Plants",submitted,scaled_crop,2026-04-06T10:44:03.218452+00:00,00004300_scaled_crop.jpg,examples/dataset/images/scaled_crop_0590_00004300_scaled_crop.jpg
a902e199-f296-436d-ac7d-7f67bfd2c097,155b520f-4801-4024-b558-a1b473e44842,Lounge,Soft Beige,Social Hub,Natural Daylight,Warm,"Sofas, Table, Chair, Lighting Fixtures, Plants",submitted,horizontal_flip,2026-04-06T10:44:03.939817+00:00,00004300_horizontal_flip.jpg,examples/dataset/images/horizontal_flip_0591_00004300_horizontal_flip.jpg
12151cc3-cc63-41fc-b0b7-23d5817b4cd2,73ea4117-bccf-4932-b40d-e19a35acbdb7,Kitchen,Earthy Terracotta,Open Concept,Warm Indoor Lighting,Warm,"Shelves, Chair, Lighting Fixtures",submitted,scaled_crop,2026-04-06T10:44:06.816134+00:00,00003312_scaled_crop.jpg,examples/dataset/images/scaled_crop_0592_00003312_scaled_crop.jpg
f4a10101-5e5f-40be-87c4-58cebbee5ee5,73ea4117-bccf-4932-b40d-e19a35acbdb7,Kitchen,Earthy Terracotta,Open Concept,Warm Indoor Lighting,Warm,"Shelves, Chair, Lighting Fixtures",submitted,horizontal_flip,2026-04-06T10:44:07.52199+00:00,00003312_horizontal_flip.jpg,examples/dataset/images/horizontal_flip_0593_00003312_horizontal_flip.jpg
2ab2e99e-6306-4c33-867d-7b6d09a07d31,d92b187e-7b3b-48f8-874a-bd528209210c,Bedroom,Soft Beige,Couple,Warm Indoor Lighting,Warm,"Sofas, Table, Bed, Lighting Fixtures",submitted,scaled_crop,2026-04-06T10:44:09.464883+00:00,00003315_scaled_crop.jpg,examples/dataset/images/scaled_crop_0594_00003315_scaled_crop.jpg
ec02b37c-50cf-41dd-a020-362491b6708c,d92b187e-7b3b-48f8-874a-bd528209210c,Bedroom,Soft Beige,Couple,Warm Indoor Lighting,Warm,"Sofas, Table, Bed, Lighting Fixtures",submitted,horizontal_flip,2026-04-06T10:44:10.043322+00:00,00003315_horizontal_flip.jpg,examples/dataset/images/horizontal_flip_0595_00003315_horizontal_flip.jpg
f2b23731-b3bc-49a5-86bd-9530cbc82c5d,4c8fea99-da78-4994-a1df-31ebae481e02,Dining Room,Modern White,Formal,Natural Daylight,Neutral,"Table, Chair, Lighting Fixtures",submitted,scaled_crop,2026-04-06T10:44:12.938907+00:00,00003316_scaled_crop.jpg,examples/dataset/images/scaled_crop_0596_00003316_scaled_crop.jpg
c780e0d2-7dfe-40fc-9932-1831e2ffe00d,4c8fea99-da78-4994-a1df-31ebae481e02,Dining Room,Modern White,Formal,Natural Daylight,Neutral,"Table, Chair, Lighting Fixtures",submitted,horizontal_flip,2026-04-06T10:44:13.563408+00:00,00003316_horizontal_flip.jpg,examples/dataset/images/horizontal_flip_0597_00003316_horizontal_flip.jpg
7b153409-e287-47b3-b0c9-09fea1656b13,bbbc3456-ce25-4dd0-89ee-9760e5076945,Lounge,Modern White,Formal Entertaining,Natural Daylight,Neutral,"Shelves, Table, Chair, Lighting Fixtures, Plants",submitted,scaled_crop,2026-04-06T10:44:16.736224+00:00,00003468_scaled_crop.jpg,examples/dataset/images/scaled_crop_0598_00003468_scaled_crop.jpg
2de0f17f-427c-4bc8-8682-d0953fc2fa07,bbbc3456-ce25-4dd0-89ee-9760e5076945,Lounge,Modern White,Formal Entertaining,Natural Daylight,Neutral,"Shelves, Table, Chair, Lighting Fixtures, Plants",submitted,horizontal_flip,2026-04-06T10:44:17.393957+00:00,00003468_horizontal_flip.jpg,examples/dataset/images/horizontal_flip_0599_00003468_horizontal_flip.jpg
da46a28c-3942-4140-b4c7-dd62f0fa3068,75d3d0d5-0e89-4c69-aa0a-0510cea84730,Lounge,Royal Blue,Reading Nook,Natural Daylight,Neutral,"Shelves, Table, Chair, Lighting Fixtures, Partitions",submitted,scaled_crop,2026-04-06T10:44:20.21996+00:00,00003574_scaled_crop.jpg,examples/dataset/images/scaled_crop_0600_00003574_scaled_crop.jpg
28345acb-dcfd-4e57-88d7-a3baffaa9bf3,75d3d0d5-0e89-4c69-aa0a-0510cea84730,Lounge,Royal Blue,Reading Nook,Natural Daylight,Neutral,"Shelves, Table, Chair, Lighting Fixtures, Partitions",submitted,horizontal_flip,2026-04-06T10:44:20.937636+00:00,00003574_horizontal_flip.jpg,examples/dataset/images/horizontal_flip_0601_00003574_horizontal_flip.jpg
c707521e-d2e7-465b-ad6e-68365c430bec,fda44e69-2162-4277-afc2-237c8b18574d,Kitchen,Modern White,Open Concept,Natural Daylight,Neutral,"Shelves, Lighting Fixtures",submitted,scaled_crop,2026-04-06T10:44:23.704663+00:00,00003764_scaled_crop.jpg,examples/dataset/images/scaled_crop_0602_00003764_scaled_crop.jpg
a7956ddb-9c69-42a5-bf13-e53b539ddf0e,fda44e69-2162-4277-afc2-237c8b18574d,Kitchen,Modern White,Open Concept,Natural Daylight,Neutral,"Shelves, Lighting Fixtures",submitted,horizontal_flip,2026-04-06T10:44:24.410967+00:00,00003764_horizontal_flip.jpg,examples/dataset/images/horizontal_flip_0603_00003764_horizontal_flip.jpg
5beabc9a-c388-4d7d-9c0d-3db53e9a1ee6,c228b906-7c82-4588-b634-2e1df13fb0b6,Lounge,Modern White,Cozy Family,Natural Daylight,Neutral,"Sofas, Table, Lighting Fixtures, Plants",submitted,scaled_crop,2026-04-06T10:44:27.385742+00:00,00003767_scaled_crop.jpg,examples/dataset/images/scaled_crop_0604_00003767_scaled_crop.jpg
0111366f-4422-4f7c-a200-046a6c65df41,c228b906-7c82-4588-b634-2e1df13fb0b6,Lounge,Modern White,Cozy Family,Natural Daylight,Neutral,"Sofas, Table, Lighting Fixtures, Plants",submitted,horizontal_flip,2026-04-06T10:44:28.105277+00:00,00003767_horizontal_flip.jpg,examples/dataset/images/horizontal_flip_0605_00003767_horizontal_flip.jpg
b8546b77-1951-4c85-9cdd-3d50cbb8d629,88c55df9-dfda-46ff-ac7b-d0febfe24db6,Kitchen,Soft Beige,Modern Minimalist,LED Office Lighting,Neutral,"Shelves, Chair, Lighting Fixtures",submitted,scaled_crop,2026-04-06T10:44:30.359411+00:00,00002328_scaled_crop.jpg,examples/dataset/images/scaled_crop_0606_00002328_scaled_crop.jpg
d858e514-c1bc-4f38-a313-bca6ecedd6d1,88c55df9-dfda-46ff-ac7b-d0febfe24db6,Kitchen,Soft Beige,Modern Minimalist,LED Office Lighting,Neutral,"Shelves, Chair, Lighting Fixtures",submitted,horizontal_flip,2026-04-06T10:44:30.972002+00:00,00002328_horizontal_flip.jpg,examples/dataset/images/horizontal_flip_0607_00002328_horizontal_flip.jpg
0b3c6df1-6882-468d-a5cb-425d13d281d8,45425063-f374-4d61-a30b-2c2c5b742d51,Bedroom,Soft Beige,Adults,Warm Indoor Lighting,Dark Mode,"Shelves, Bed, Lighting Fixtures",submitted,scaled_crop,2026-04-06T10:44:33.118026+00:00,00001336_scaled_crop.jpg,examples/dataset/images/scaled_crop_0608_00001336_scaled_crop.jpg
f198680f-83bd-429d-9719-7d954f2f26de,45425063-f374-4d61-a30b-2c2c5b742d51,Bedroom,Soft Beige,Adults,Warm Indoor Lighting,Dark Mode,"Shelves, Bed, Lighting Fixtures",submitted,horizontal_flip,2026-04-06T10:44:33.839948+00:00,00001336_horizontal_flip.jpg,examples/dataset/images/horizontal_flip_0609_00001336_horizontal_flip.jpg
c894b611-39d1-43cb-a55f-b72a624251b6,170b5e32-c86c-4855-8c6f-e01654976bdb,Kitchen,Soft Beige,Small Family,Warm Indoor Lighting,Warm,"Shelves, Table, Chair, Lighting Fixtures, Plants",submitted,scaled_crop,2026-04-06T10:44:36.822247+00:00,00000596_scaled_crop.jpg,examples/dataset/images/scaled_crop_0610_00000596_scaled_crop.jpg
5fdd0584-667e-41db-a0cf-2d95669d5c25,170b5e32-c86c-4855-8c6f-e01654976bdb,Kitchen,Soft Beige,Small Family,Warm Indoor Lighting,Warm,"Shelves, Table, Chair, Lighting Fixtures, Plants",submitted,horizontal_flip,2026-04-06T10:44:37.519209+00:00,00000596_horizontal_flip.jpg,examples/dataset/images/horizontal_flip_0611_00000596_horizontal_flip.jpg
310256c3-c7c4-47ff-9b22-a2fa818360e3,47e8b09c-5c7f-442f-b8cd-924e1f0e17d7,Kitchen,Modern White,Modern Minimalist,Natural Daylight,Neutral,"Shelves, Plants",submitted,scaled_crop,2026-04-06T10:44:40.291194+00:00,00001361_scaled_crop.jpg,examples/dataset/images/scaled_crop_0612_00001361_scaled_crop.jpg
baee80b3-e81c-4926-a9f0-dc4e4129e5c8,47e8b09c-5c7f-442f-b8cd-924e1f0e17d7,Kitchen,Modern White,Modern Minimalist,Natural Daylight,Neutral,"Shelves, Plants",submitted,horizontal_flip,2026-04-06T10:44:41.010083+00:00,00001361_horizontal_flip.jpg,examples/dataset/images/horizontal_flip_0613_00001361_horizontal_flip.jpg
72529c33-74ea-4db8-9291-25f17e7a1e50,88d058c2-242f-4d64-88d2-4ffdfb0aba66,Dining Room,Sleek Charcoal,Casual Family,Warm Indoor Lighting,Neutral,"Shelves, Table, Chair, Lighting Fixtures, Plants",submitted,scaled_crop,2026-04-06T10:44:43.873517+00:00,00001491_scaled_crop.jpg,examples/dataset/images/scaled_crop_0614_00001491_scaled_crop.jpg
ae7cb894-4d8a-4a1c-84d9-b4b8f497caa1,88d058c2-242f-4d64-88d2-4ffdfb0aba66,Dining Room,Sleek Charcoal,Casual Family,Warm Indoor Lighting,Neutral,"Shelves, Table, Chair, Lighting Fixtures, Plants",submitted,horizontal_flip,2026-04-06T10:44:44.590536+00:00,00001491_horizontal_flip.jpg,examples/dataset/images/horizontal_flip_0615_00001491_horizontal_flip.jpg
a0edeb11-ab32-4de3-a2bb-483c1ce765a9,e3745b32-c356-44e6-9fbf-f5cb28443fc0,Lounge,Emerald Green,Formal Entertaining,Natural Daylight,Neutral,"Sofas, Table, Chair, Lighting Fixtures, Plants",submitted,scaled_crop,2026-04-06T10:44:46.736635+00:00,00003962_scaled_crop.jpg,examples/dataset/images/scaled_crop_0616_00003962_scaled_crop.jpg
072abc53-e44f-4fb0-8caa-4e5c86373e7f,e3745b32-c356-44e6-9fbf-f5cb28443fc0,Lounge,Emerald Green,Formal Entertaining,Natural Daylight,Neutral,"Sofas, Table, Chair, Lighting Fixtures, Plants",submitted,horizontal_flip,2026-04-06T10:44:47.357091+00:00,00003962_horizontal_flip.jpg,examples/dataset/images/horizontal_flip_0617_00003962_horizontal_flip.jpg
93d56d34-df35-47a2-9d4e-551a5aee517d,a3b0813d-1cad-4b4c-ac90-dc7d1c5ad11c,Kitchen,Sleek Charcoal,Open Concept,Natural Daylight,Warm,"Shelves, Table, Chair, Lighting Fixtures",submitted,scaled_crop,2026-04-06T10:44:50.948184+00:00,00004200_scaled_crop.jpg,examples/dataset/images/scaled_crop_0618_00004200_scaled_crop.jpg
6a291aca-4a72-4557-af95-409c86d6e119,a3b0813d-1cad-4b4c-ac90-dc7d1c5ad11c,Kitchen,Sleek Charcoal,Open Concept,Natural Daylight,Warm,"Shelves, Table, Chair, Lighting Fixtures",submitted,horizontal_flip,2026-04-06T10:44:51.646782+00:00,00004200_horizontal_flip.jpg,examples/dataset/images/horizontal_flip_0619_00004200_horizontal_flip.jpg
63ca5379-12d0-4859-b0a3-28c902062ffa,6ca02a87-6164-4550-8a74-047436f6142c,Bedroom,Soft Beige,Adults,Natural Daylight,Neutral,"Table, Bed, Lighting Fixtures, Plants",submitted,scaled_crop,2026-04-06T10:44:54.930636+00:00,00004303_scaled_crop.jpg,examples/dataset/images/scaled_crop_0620_00004303_scaled_crop.jpg
7beacbbc-afe2-4207-ad03-8025c9b00beb,6ca02a87-6164-4550-8a74-047436f6142c,Bedroom,Soft Beige,Adults,Natural Daylight,Neutral,"Table, Bed, Lighting Fixtures, Plants",submitted,horizontal_flip,2026-04-06T10:44:55.646379+00:00,00004303_horizontal_flip.jpg,examples/dataset/images/horizontal_flip_0621_00004303_horizontal_flip.jpg
d41290c8-ef63-4ad9-b113-5ab165baf57d,3d49b03d-c227-4d3f-b31c-e1135b70a4d6,Dining Room,Earthy Terracotta,Formal,Natural Daylight,Warm,"Table, Chair, Lighting Fixtures",submitted,scaled_crop,2026-04-06T10:44:58.613381+00:00,00003361_scaled_crop.jpg,examples/dataset/images/scaled_crop_0622_00003361_scaled_crop.jpg
d7492257-a3c8-4702-bfae-c7dc5ed6bf99,3d49b03d-c227-4d3f-b31c-e1135b70a4d6,Dining Room,Earthy Terracotta,Formal,Natural Daylight,Warm,"Table, Chair, Lighting Fixtures",submitted,horizontal_flip,2026-04-06T10:44:59.328723+00:00,00003361_horizontal_flip.jpg,examples/dataset/images/horizontal_flip_0623_00003361_horizontal_flip.jpg
c27ee1bd-0d92-4bf6-bcf6-12287257d6b3,e0326912-9185-4538-9c02-be3b48d5e10a,Kitchen,Modern White,Open Concept,Natural Daylight,Neutral,"Shelves, Lighting Fixtures, Partitions",submitted,scaled_crop,2026-04-06T10:45:01.908205+00:00,00003471_scaled_crop.jpg,examples/dataset/images/scaled_crop_0624_00003471_scaled_crop.jpg
3564c1c0-ec10-433c-8631-930d04a22b1e,e0326912-9185-4538-9c02-be3b48d5e10a,Kitchen,Modern White,Open Concept,Natural Daylight,Neutral,"Shelves, Lighting Fixtures, Partitions",submitted,horizontal_flip,2026-04-06T10:45:02.71709+00:00,00003471_horizontal_flip.jpg,examples/dataset/images/horizontal_flip_0625_00003471_horizontal_flip.jpg
0f0a210b-4df9-4ca0-bd6e-2d61317c5451,ea4e31aa-d01f-41cb-94ab-15ec1ab94315,Lounge,Modern White,Formal Entertaining,Natural Daylight,Neutral,"Sofas, Shelves, Chair, Lighting Fixtures, Plants",submitted,scaled_crop,2026-04-06T10:45:05.271902+00:00,00003576_scaled_crop.jpg,examples/dataset/images/scaled_crop_0626_00003576_scaled_crop.jpg
b55465e7-339e-4e53-b585-b922d0157bd5,ea4e31aa-d01f-41cb-94ab-15ec1ab94315,Lounge,Modern White,Formal Entertaining,Natural Daylight,Neutral,"Sofas, Shelves, Chair, Lighting Fixtures, Plants",submitted,horizontal_flip,2026-04-06T10:45:05.984731+00:00,00003576_horizontal_flip.jpg,examples/dataset/images/horizontal_flip_0627_00003576_horizontal_flip.jpg
da65a840-6cab-4869-85fd-a4c7fe097240,87f976cb-cc34-4229-9f77-2987a5bf3fe9,Lounge,Soft Beige,Home Theater,Warm Indoor Lighting,Warm,"Sofas, Shelves, Lighting Fixtures, Partitions",submitted,scaled_crop,2026-04-06T10:45:08.751179+00:00,00001164_scaled_crop.jpg,examples/dataset/images/scaled_crop_0628_00001164_scaled_crop.jpg
9e239bc7-499b-4b97-a5db-db7711c5def9,87f976cb-cc34-4229-9f77-2987a5bf3fe9,Lounge,Soft Beige,Home Theater,Warm Indoor Lighting,Warm,"Sofas, Shelves, Lighting Fixtures, Partitions",submitted,horizontal_flip,2026-04-06T10:45:09.415353+00:00,00001164_horizontal_flip.jpg,examples/dataset/images/horizontal_flip_0629_00001164_horizontal_flip.jpg
6fd15005-f5b4-43c8-a395-a1297ffc706d,a24e7417-5ae8-4732-b0ed-523eb8d16cb2,Lounge,Earthy Terracotta,Formal Entertaining,Warm Indoor Lighting,Warm,"Sofas, Shelves, Table, Chair, Lighting Fixtures",submitted,scaled_crop,2026-04-06T10:45:12.544043+00:00,00002266_scaled_crop.jpg,examples/dataset/images/scaled_crop_0630_00002266_scaled_crop.jpg
0b27af88-3258-4c86-b71c-bb9006d963b4,a24e7417-5ae8-4732-b0ed-523eb8d16cb2,Lounge,Earthy Terracotta,Formal Entertaining,Warm Indoor Lighting,Warm,"Sofas, Shelves, Table, Chair, Lighting Fixtures",submitted,horizontal_flip,2026-04-06T10:45:13.257277+00:00,00002266_horizontal_flip.jpg,examples/dataset/images/horizontal_flip_0631_00002266_horizontal_flip.jpg
b97e0aa7-12ab-4b17-a4c1-cf041e160a29,fb841e23-2e64-44e1-901c-bbaf993d8959,Lounge,Soft Beige,Formal Entertaining,Natural Daylight,Neutral,"Table, Chair, Lighting Fixtures, Plants, Partitions",submitted,scaled_crop,2026-04-06T10:45:15.409478+00:00,00003677_scaled_crop.jpg,examples/dataset/images/scaled_crop_0632_00003677_scaled_crop.jpg
f2030066-9449-4369-81f3-0f839dccbf94,fb841e23-2e64-44e1-901c-bbaf993d8959,Lounge,Soft Beige,Formal Entertaining,Natural Daylight,Neutral,"Table, Chair, Lighting Fixtures, Plants, Partitions",submitted,horizontal_flip,2026-04-06T10:45:16.128678+00:00,00003677_horizontal_flip.jpg,examples/dataset/images/horizontal_flip_0633_00003677_horizontal_flip.jpg
00435292-9948-48d7-a282-173a1e45c30c,3b939309-ba77-4511-a159-5324f0ec729c,Dining Room,Soft Beige,Formal,Warm Indoor Lighting,Warm,"Sofas, Shelves, Table, Chair, Lighting Fixtures",submitted,scaled_crop,2026-04-06T10:45:18.990961+00:00,00003769_scaled_crop.jpg,examples/dataset/images/scaled_crop_0634_00003769_scaled_crop.jpg
3fa2adf4-d254-4d41-b65a-51e2a50c4eaa,3b939309-ba77-4511-a159-5324f0ec729c,Dining Room,Soft Beige,Formal,Warm Indoor Lighting,Warm,"Sofas, Shelves, Table, Chair, Lighting Fixtures",submitted,horizontal_flip,2026-04-06T10:45:19.616171+00:00,00003769_horizontal_flip.jpg,examples/dataset/images/horizontal_flip_0635_00003769_horizontal_flip.jpg
28215955-5b98-4bab-9977-3e12abdea55b,5a9e1fc8-174e-48bb-bad3-084ace4d7856,Bedroom,Earthy Terracotta,Couple,LED Office Lighting,Neutral,"Table, Chair, Bed, Lighting Fixtures",submitted,scaled_crop,2026-04-06T10:45:23.084728+00:00,00002329_scaled_crop.jpg,examples/dataset/images/scaled_crop_0636_00002329_scaled_crop.jpg
ff3ebf3b-5517-4db3-871a-00055da800be,5a9e1fc8-174e-48bb-bad3-084ace4d7856,Bedroom,Earthy Terracotta,Couple,LED Office Lighting,Neutral,"Table, Chair, Bed, Lighting Fixtures",submitted,horizontal_flip,2026-04-06T10:45:23.802115+00:00,00002329_horizontal_flip.jpg,examples/dataset/images/horizontal_flip_0637_00002329_horizontal_flip.jpg
44fd03e3-3023-4898-9648-fea8e5e55b68,e86bbf04-7233-4bfd-b9d1-d31f901956fa,Bedroom,Soft Beige,Couple,Natural Daylight,Neutral,"Table, Chair, Bed, Lighting Fixtures",submitted,scaled_crop,2026-04-06T10:45:26.567834+00:00,00003963_scaled_crop.jpg,examples/dataset/images/scaled_crop_0638_00003963_scaled_crop.jpg
102fdef4-b201-4a97-a63a-e43e3c3ea6a4,e86bbf04-7233-4bfd-b9d1-d31f901956fa,Bedroom,Soft Beige,Couple,Natural Daylight,Neutral,"Table, Chair, Bed, Lighting Fixtures",submitted,horizontal_flip,2026-04-06T10:45:27.284868+00:00,00003963_horizontal_flip.jpg,examples/dataset/images/horizontal_flip_0639_00003963_horizontal_flip.jpg
204f7b94-9551-48cd-b8d9-6dad28fb41fb,f1b45cbf-c458-4360-ac10-ec3a63b9fb2f,Lounge,Emerald Green,Formal Entertaining,Natural Daylight,Warm,"Sofas, Table, Lighting Fixtures",submitted,scaled_crop,2026-04-06T10:45:29.99795+00:00,00004067_scaled_crop.jpg,examples/dataset/images/scaled_crop_0640_00004067_scaled_crop.jpg
cfcbbc5c-d8c4-4b01-9e9f-0b5bbb84f892,f1b45cbf-c458-4360-ac10-ec3a63b9fb2f,Lounge,Emerald Green,Formal Entertaining,Natural Daylight,Warm,"Sofas, Table, Lighting Fixtures",submitted,horizontal_flip,2026-04-06T10:45:30.55025+00:00,00004067_horizontal_flip.jpg,examples/dataset/images/horizontal_flip_0641_00004067_horizontal_flip.jpg
5638d277-a49a-4f02-98a9-2b9d2c445b72,1f2631f4-b93f-4914-95e9-53e77b82c67b,Dining Room,Soft Beige,Formal,Warm Indoor Lighting,Warm,"Table, Chair, Lighting Fixtures",submitted,scaled_crop,2026-04-06T10:45:33.025228+00:00,00004307_scaled_crop.jpg,examples/dataset/images/scaled_crop_0642_00004307_scaled_crop.jpg
cf8f7214-5af3-4f6c-8e16-09b6dc8ad598,1f2631f4-b93f-4914-95e9-53e77b82c67b,Dining Room,Soft Beige,Formal,Warm Indoor Lighting,Warm,"Table, Chair, Lighting Fixtures",submitted,horizontal_flip,2026-04-06T10:45:33.575879+00:00,00004307_horizontal_flip.jpg,examples/dataset/images/horizontal_flip_0643_00004307_horizontal_flip.jpg
55e3a7d7-f6c8-4279-8f0f-ab495b48d8b9,bd3ee2e6-fdea-461a-ad33-8720e993a597,Lounge,Modern White,Cozy Family,Natural Daylight,Neutral,"Sofas, Table, Lighting Fixtures, Plants",submitted,scaled_crop,2026-04-06T10:45:35.703621+00:00,00003364_scaled_crop.jpg,examples/dataset/images/scaled_crop_0644_00003364_scaled_crop.jpg
a88627e5-0b8a-4ad7-acee-176eda7e71c2,bd3ee2e6-fdea-461a-ad33-8720e993a597,Lounge,Modern White,Cozy Family,Natural Daylight,Neutral,"Sofas, Table, Lighting Fixtures, Plants",submitted,horizontal_flip,2026-04-06T10:45:36.303819+00:00,00003364_horizontal_flip.jpg,examples/dataset/images/horizontal_flip_0645_00003364_horizontal_flip.jpg
56161985-1149-48b9-ba7c-32b7da9887d3,e8a5daf9-b748-49c2-bb8d-3478dbac20e8,Lounge,Modern White,Formal Entertaining,Natural Daylight,Neutral,"Sofas, Table, Chair, Lighting Fixtures, Plants",submitted,scaled_crop,2026-04-06T10:45:39.039599+00:00,00003475_scaled_crop.jpg,examples/dataset/images/scaled_crop_0646_00003475_scaled_crop.jpg
8065666c-f544-4142-9bd2-075ae3badb62,e8a5daf9-b748-49c2-bb8d-3478dbac20e8,Lounge,Modern White,Formal Entertaining,Natural Daylight,Neutral,"Sofas, Table, Chair, Lighting Fixtures, Plants",submitted,horizontal_flip,2026-04-06T10:45:39.677094+00:00,00003475_horizontal_flip.jpg,examples/dataset/images/horizontal_flip_0647_00003475_horizontal_flip.jpg
b552ac85-0c5c-48df-8c5a-810f7e39ab70,c1fc0e11-0e06-4b12-b0b7-f63b7327a4fe,Lounge,Sleek Charcoal,Formal Entertaining,Natural Daylight,Neutral,"Sofas, Table, Lighting Fixtures, Plants",submitted,scaled_crop,2026-04-06T10:45:42.956898+00:00,00003578_scaled_crop.jpg,examples/dataset/images/scaled_crop_0648_00003578_scaled_crop.jpg
68473970-ba1c-454f-b0f7-657ea0bf184e,c1fc0e11-0e06-4b12-b0b7-f63b7327a4fe,Lounge,Sleek Charcoal,Formal Entertaining,Natural Daylight,Neutral,"Sofas, Table, Lighting Fixtures, Plants",submitted,horizontal_flip,2026-04-06T10:45:43.677945+00:00,00003578_horizontal_flip.jpg,examples/dataset/images/horizontal_flip_0649_00003578_horizontal_flip.jpg
8b45e258-348d-47b7-8300-59dfa1adcfde,aeeb084b-72be-4e6d-b936-14d89f908f37,Lounge,Modern White,Formal Entertaining,LED Office Lighting,Neutral,"Sofas, Shelves, Chair, Lighting Fixtures, Partitions",submitted,scaled_crop,2026-04-06T10:45:46.653058+00:00,00001168_scaled_crop.jpg,examples/dataset/images/scaled_crop_0650_00001168_scaled_crop.jpg
f65034e1-3772-4dbb-a598-118eff66239d,aeeb084b-72be-4e6d-b936-14d89f908f37,Lounge,Modern White,Formal Entertaining,LED Office Lighting,Neutral,"Sofas, Shelves, Chair, Lighting Fixtures, Partitions",submitted,horizontal_flip,2026-04-06T10:45:47.356236+00:00,00001168_horizontal_flip.jpg,examples/dataset/images/horizontal_flip_0651_00001168_horizontal_flip.jpg
f70b3d72-7151-4b96-b789-178184c25223,2e163740-30df-4dba-bef3-69d514f4808d,Kitchen,Sleek Charcoal,Modern Minimalist,LED Office Lighting,Dark Mode,"Shelves, Table, Lighting Fixtures",submitted,scaled_crop,2026-04-06T10:45:50.326716+00:00,00002269_scaled_crop.jpg,examples/dataset/images/scaled_crop_0652_00002269_scaled_crop.jpg
b3f4ee17-f27e-40a9-93a6-ee532e5048bd,2e163740-30df-4dba-bef3-69d514f4808d,Kitchen,Sleek Charcoal,Modern Minimalist,LED Office Lighting,Dark Mode,"Shelves, Table, Lighting Fixtures",submitted,horizontal_flip,2026-04-06T10:45:51.25103+00:00,00002269_horizontal_flip.jpg,examples/dataset/images/horizontal_flip_0653_00002269_horizontal_flip.jpg
f78859af-e17f-4970-8360-23545f0cad1c,a44e518c-7b65-447a-b986-dcb05b803e3d,Lounge,Soft Beige,Formal Entertaining,Natural Daylight,Neutral,"Sofas, Table, Chair, Lighting Fixtures",submitted,scaled_crop,2026-04-06T10:45:54.729144+00:00,00003680_scaled_crop.jpg,examples/dataset/images/scaled_crop_0654_00003680_scaled_crop.jpg
4584fe89-f40a-4d6a-9a18-d1775763c04d,a44e518c-7b65-447a-b986-dcb05b803e3d,Lounge,Soft Beige,Formal Entertaining,Natural Daylight,Neutral,"Sofas, Table, Chair, Lighting Fixtures",submitted,horizontal_flip,2026-04-06T10:45:55.346523+00:00,00003680_horizontal_flip.jpg,examples/dataset/images/horizontal_flip_0655_00003680_horizontal_flip.jpg
89ed334d-a8ec-4003-981f-0e80075ecc1a,ade2200d-e897-47be-b369-c12262d0d8ad,Lounge,Soft Beige,Cozy Family,Warm Indoor Lighting,Neutral,"Sofas, Shelves, Table, Chair, Lighting Fixtures, Plants",submitted,scaled_crop,2026-04-06T10:45:57.800982+00:00,00003772_scaled_crop.jpg,examples/dataset/images/scaled_crop_0656_00003772_scaled_crop.jpg
9a1ddcfd-93f9-41b8-8b4f-9d6690585605,ade2200d-e897-47be-b369-c12262d0d8ad,Lounge,Soft Beige,Cozy Family,Warm Indoor Lighting,Neutral,"Sofas, Shelves, Table, Chair, Lighting Fixtures, Plants",submitted,horizontal_flip,2026-04-06T10:45:58.51902+00:00,00003772_horizontal_flip.jpg,examples/dataset/images/horizontal_flip_0657_00003772_horizontal_flip.jpg
341f40c9-6918-47ce-a082-41ccfb7690de,0f5a2e40-fb9b-4b69-a5d4-7f86f71810af,Kitchen,Soft Beige,Open Concept,LED Office Lighting,Neutral,"Shelves, Table, Chair, Lighting Fixtures",submitted,scaled_crop,2026-04-06T10:46:00.57431+00:00,00002331_scaled_crop.jpg,examples/dataset/images/scaled_crop_0658_00002331_scaled_crop.jpg
38f7d4ae-0f61-498c-ab0c-c121c8f97281,0f5a2e40-fb9b-4b69-a5d4-7f86f71810af,Kitchen,Soft Beige,Open Concept,LED Office Lighting,Neutral,"Shelves, Table, Chair, Lighting Fixtures",submitted,horizontal_flip,2026-04-06T10:46:01.149442+00:00,00002331_horizontal_flip.jpg,examples/dataset/images/horizontal_flip_0659_00002331_horizontal_flip.jpg
a68d828b-3bf6-4011-ac9e-1b3f64b0c15b,f9aa0093-eb76-46cd-ab8c-480dfee8fae6,Lounge,Earthy Terracotta,Cozy Family,Natural Daylight,Warm,"Sofas, Table",submitted,scaled_crop,2026-04-06T10:46:04.155171+00:00,00002379_scaled_crop.jpg,examples/dataset/images/scaled_crop_0660_00002379_scaled_crop.jpg
37b71c7d-ec8f-4b15-af6b-a3aed645f4da,f9aa0093-eb76-46cd-ab8c-480dfee8fae6,Lounge,Earthy Terracotta,Cozy Family,Natural Daylight,Warm,"Sofas, Table",submitted,horizontal_flip,2026-04-06T10:46:04.868183+00:00,00002379_horizontal_flip.jpg,examples/dataset/images/horizontal_flip_0661_00002379_horizontal_flip.jpg
3a9fda9a-b7cb-4682-95a4-39c11e092b53,2ce13f25-22a1-43ce-aeed-bcca56336922,Lounge,Soft Beige,Cozy Family,Warm Indoor Lighting,Warm,"Shelves, Table, Lighting Fixtures, Partitions",submitted,scaled_crop,2026-04-06T10:46:07.737973+00:00,00001372_scaled_crop.jpg,examples/dataset/images/scaled_crop_0662_00001372_scaled_crop.jpg
38addf40-9081-4246-8817-f1885e2796ab,2ce13f25-22a1-43ce-aeed-bcca56336922,Lounge,Soft Beige,Cozy Family,Warm Indoor Lighting,Warm,"Shelves, Table, Lighting Fixtures, Partitions",submitted,horizontal_flip,2026-04-06T10:46:08.459128+00:00,00001372_horizontal_flip.jpg,examples/dataset/images/horizontal_flip_0663_00001372_horizontal_flip.jpg
72c1118f-5e92-4103-83c4-ef264bad23ad,0b9ae352-61da-4d4f-8e28-b4105b377ebd,Lounge,Soft Beige,Formal Entertaining,Natural Daylight,Warm,"Sofas, Table, Lighting Fixtures, Plants",submitted,scaled_crop,2026-04-06T10:46:11.324609+00:00,00003969_scaled_crop.jpg,examples/dataset/images/scaled_crop_0664_00003969_scaled_crop.jpg
5501a850-d16d-4c08-99b0-da85472301d3,0b9ae352-61da-4d4f-8e28-b4105b377ebd,Lounge,Soft Beige,Formal Entertaining,Natural Daylight,Warm,"Sofas, Table, Lighting Fixtures, Plants",submitted,horizontal_flip,2026-04-06T10:46:12.042547+00:00,00003969_horizontal_flip.jpg,examples/dataset/images/horizontal_flip_0665_00003969_horizontal_flip.jpg
735b5455-bc5a-4638-9eb7-ffc11bcbcd90,397742b9-60c5-4250-bd92-594ea2681745,Lounge,Soft Beige,Formal Entertaining,Natural Daylight,Warm,"Sofas, Table, Lighting Fixtures, Plants",submitted,scaled_crop,2026-04-06T10:46:14.185632+00:00,00004070_scaled_crop.jpg,examples/dataset/images/scaled_crop_0666_00004070_scaled_crop.jpg
a2d93a53-27aa-4a40-aa6b-7cc0d80007ee,397742b9-60c5-4250-bd92-594ea2681745,Lounge,Soft Beige,Formal Entertaining,Natural Daylight,Warm,"Sofas, Table, Lighting Fixtures, Plants",submitted,horizontal_flip,2026-04-06T10:46:14.901772+00:00,00004070_horizontal_flip.jpg,examples/dataset/images/horizontal_flip_0667_00004070_horizontal_flip.jpg
74600c2d-0b28-4387-a790-bc9f7f9e6008,f98c2b10-b53d-46d5-86ad-d324f6bc1326,Lounge,Royal Blue,Reading Nook,Natural Daylight,Warm,"Sofas, Shelves, Table, Chair, Lighting Fixtures",submitted,scaled_crop,2026-04-06T10:46:17.976615+00:00,00004209_scaled_crop.jpg,examples/dataset/images/scaled_crop_0668_00004209_scaled_crop.jpg
ffdc7535-55fd-4a0c-9916-af87db1c2e3c,f98c2b10-b53d-46d5-86ad-d324f6bc1326,Lounge,Royal Blue,Reading Nook,Natural Daylight,Warm,"Sofas, Shelves, Table, Chair, Lighting Fixtures",submitted,horizontal_flip,2026-04-06T10:46:18.700252+00:00,00004209_horizontal_flip.jpg,examples/dataset/images/horizontal_flip_0669_00004209_horizontal_flip.jpg
35358c96-bbfd-4ef2-997f-deb01c939bbf,6013be9a-d2bb-4840-879b-5309553b9f58,Kitchen,Soft Beige,Open Concept,Natural Daylight,Neutral,"Shelves, Table, Chair, Lighting Fixtures",submitted,scaled_crop,2026-04-06T10:46:21.359536+00:00,00004309_scaled_crop.jpg,examples/dataset/images/scaled_crop_0670_00004309_scaled_crop.jpg
7eff8d42-ab33-4127-9ffe-f9a5340c27e9,6013be9a-d2bb-4840-879b-5309553b9f58,Kitchen,Soft Beige,Open Concept,Natural Daylight,Neutral,"Shelves, Table, Chair, Lighting Fixtures",submitted,horizontal_flip,2026-04-06T10:46:22.07188+00:00,00004309_horizontal_flip.jpg,examples/dataset/images/horizontal_flip_0671_00004309_horizontal_flip.jpg
c6724bcb-526a-4ac9-a93c-2aa40604d724,33cdef83-f394-4a18-897e-0f6876e0ecbb,Bedroom,Emerald Green,Couple,Natural Daylight,Warm,"Table, Chair, Bed, Lighting Fixtures",submitted,scaled_crop,2026-04-06T10:46:24.224963+00:00,00003365_scaled_crop.jpg,examples/dataset/images/scaled_crop_0672_00003365_scaled_crop.jpg
0fd009db-7501-4c19-a390-dedea8f1df60,33cdef83-f394-4a18-897e-0f6876e0ecbb,Bedroom,Emerald Green,Couple,Natural Daylight,Warm,"Table, Chair, Bed, Lighting Fixtures",submitted,horizontal_flip,2026-04-06T10:46:24.938577+00:00,00003365_horizontal_flip.jpg,examples/dataset/images/horizontal_flip_0673_00003365_horizontal_flip.jpg
d2bfaeaa-a99f-4190-8104-de2d4eed3829,5353ee1f-b16e-4b6b-b12c-0b1094f1f0fc,Lounge,Soft Beige,Formal Entertaining,Natural Daylight,Neutral,"Sofas, Table, Chair, Lighting Fixtures",submitted,scaled_crop,2026-04-06T10:46:27.807991+00:00,00003476_scaled_crop.jpg,examples/dataset/images/scaled_crop_0674_00003476_scaled_crop.jpg
e30d223d-36aa-44a9-b747-56a138b4c79c,5353ee1f-b16e-4b6b-b12c-0b1094f1f0fc,Lounge,Soft Beige,Formal Entertaining,Natural Daylight,Neutral,"Sofas, Table, Chair, Lighting Fixtures",submitted,horizontal_flip,2026-04-06T10:46:28.530198+00:00,00003476_horizontal_flip.jpg,examples/dataset/images/horizontal_flip_0675_00003476_horizontal_flip.jpg
faf031b0-b5e0-4926-bddf-2765af814ffb,fb03f4fd-8fab-4318-925a-1d75796852ca,Dining Room,Soft Beige,Formal,Natural Daylight,Neutral,"Shelves, Table, Chair, Lighting Fixtures",submitted,scaled_crop,2026-04-06T10:46:31.395832+00:00,00003580_scaled_crop.jpg,examples/dataset/images/scaled_crop_0676_00003580_scaled_crop.jpg
3299d307-d2b6-4a2d-a168-0dc7554628f6,fb03f4fd-8fab-4318-925a-1d75796852ca,Dining Room,Soft Beige,Formal,Natural Daylight,Neutral,"Shelves, Table, Chair, Lighting Fixtures",submitted,horizontal_flip,2026-04-06T10:46:31.934643+00:00,00003580_horizontal_flip.jpg,examples/dataset/images/horizontal_flip_0677_00003580_horizontal_flip.jpg
c0bb2d50-6fba-4668-8702-c1f98ca69a6d,4b934232-f205-43ad-bb42-b5998d7aaa8e,Lounge,Soft Beige,Formal Entertaining,Warm Indoor Lighting,Warm,"Sofas, Table, Lighting Fixtures, Plants",submitted,scaled_crop,2026-04-06T10:46:34.575116+00:00,00000012_scaled_crop.jpg,examples/dataset/images/scaled_crop_0678_00000012_scaled_crop.jpg
bd4f7071-8361-44fc-9b36-57998ecad629,4b934232-f205-43ad-bb42-b5998d7aaa8e,Lounge,Soft Beige,Formal Entertaining,Warm Indoor Lighting,Warm,"Sofas, Table, Lighting Fixtures, Plants",submitted,horizontal_flip,2026-04-06T10:46:35.285193+00:00,00000012_horizontal_flip.jpg,examples/dataset/images/horizontal_flip_0679_00000012_horizontal_flip.jpg
43824b86-0bc6-410c-856c-e801ccb04a8b,fca329a4-da9f-4c92-8687-efe737f05266,Lounge,Soft Beige,Reading Nook,Warm Indoor Lighting,Pastel,"Sofas, Table, Plants",submitted,scaled_crop,2026-04-06T10:46:38.866012+00:00,00000038_scaled_crop.jpg,examples/dataset/images/scaled_crop_0680_00000038_scaled_crop.jpg
86dc6d50-189b-45e4-a452-460cf00e0457,fca329a4-da9f-4c92-8687-efe737f05266,Lounge,Soft Beige,Reading Nook,Warm Indoor Lighting,Pastel,"Sofas, Table, Plants",submitted,horizontal_flip,2026-04-06T10:46:39.558651+00:00,00000038_horizontal_flip.jpg,examples/dataset/images/horizontal_flip_0681_00000038_horizontal_flip.jpg
82caa101-381c-4c54-a43d-90bfacf5edd1,19a306c0-20ec-43af-8798-e362af051416,Dining Room,Soft Beige,Bistro Style,Warm Indoor Lighting,Warm,"Shelves, Table, Chair, Plants",submitted,scaled_crop,2026-04-06T10:46:42.547935+00:00,00000035_scaled_crop.jpg,examples/dataset/images/scaled_crop_0682_00000035_scaled_crop.jpg
9da921cb-aee5-4343-876f-450f1fedda8c,19a306c0-20ec-43af-8798-e362af051416,Dining Room,Soft Beige,Bistro Style,Warm Indoor Lighting,Warm,"Shelves, Table, Chair, Plants",submitted,horizontal_flip,2026-04-06T10:46:43.270466+00:00,00000035_horizontal_flip.jpg,examples/dataset/images/horizontal_flip_0683_00000035_horizontal_flip.jpg
e78ee6d9-24cc-4713-a842-1e980ae93749,2828a52e-656a-4ca9-928f-add3416d7b0a,Dining Room,Modern White,Formal,Warm Indoor Lighting,Pastel,"Table, Chair, Lighting Fixtures",submitted,scaled_crop,2026-04-06T10:46:45.927991+00:00,00000011_scaled_crop.jpg,examples/dataset/images/scaled_crop_0684_00000011_scaled_crop.jpg
5fb26baa-8352-4c5e-91aa-25e0709fef01,2828a52e-656a-4ca9-928f-add3416d7b0a,Dining Room,Modern White,Formal,Warm Indoor Lighting,Pastel,"Table, Chair, Lighting Fixtures",submitted,horizontal_flip,2026-04-06T10:46:46.647915+00:00,00000011_horizontal_flip.jpg,examples/dataset/images/horizontal_flip_0685_00000011_horizontal_flip.jpg
72553561-5b2c-4e51-b4a8-6e92c198097a,f97b4179-11e2-4586-b889-57e185f0f90f,Kitchen,Sleek Charcoal,Open Concept,Warm Indoor Lighting,Dark Mode,"Shelves, Lighting Fixtures, Plants",submitted,scaled_crop,2026-04-06T10:46:49.300961+00:00,00000004_scaled_crop.jpg,examples/dataset/images/scaled_crop_0686_00000004_scaled_crop.jpg
9ca12173-1c4b-4d32-bf6a-74d8bf63dfcd,f97b4179-11e2-4586-b889-57e185f0f90f,Kitchen,Sleek Charcoal,Open Concept,Warm Indoor Lighting,Dark Mode,"Shelves, Lighting Fixtures, Plants",submitted,horizontal_flip,2026-04-06T10:46:50.025883+00:00,00000004_horizontal_flip.jpg,examples/dataset/images/horizontal_flip_0687_00000004_horizontal_flip.jpg
363eccbe-d44d-4c01-a358-c8e43ebe7460,ab752989-6869-4fbb-862b-8a57fe45cb7e,Bedroom,Modern White,Adults,Warm Indoor Lighting,Pastel,"Desks, Shelves, Bed",submitted,scaled_crop,2026-04-06T10:46:52.995417+00:00,00000036_scaled_crop.jpg,examples/dataset/images/scaled_crop_0688_00000036_scaled_crop.jpg
f4302853-4b14-46a5-85cc-0fc1b7c7b44d,ab752989-6869-4fbb-862b-8a57fe45cb7e,Bedroom,Modern White,Adults,Warm Indoor Lighting,Pastel,"Desks, Shelves, Bed",submitted,horizontal_flip,2026-04-06T10:46:53.713609+00:00,00000036_horizontal_flip.jpg,examples/dataset/images/horizontal_flip_0689_00000036_horizontal_flip.jpg
be7e2f4d-8b16-4ca5-a2f5-9fac7e7ebf6b,b1c1b04f-5e73-40e9-b1f0-cecd2509e0ff,Lounge,Emerald Green,Reading Nook,Natural Daylight,Warm,"Sofas, Shelves, Table, Plants",submitted,scaled_crop,2026-04-06T10:46:56.784097+00:00,00000023_scaled_crop.jpg,examples/dataset/images/scaled_crop_0690_00000023_scaled_crop.jpg
2faf38f7-6d37-4cb5-a0d7-e25838a9bf09,b1c1b04f-5e73-40e9-b1f0-cecd2509e0ff,Lounge,Emerald Green,Reading Nook,Natural Daylight,Warm,"Sofas, Shelves, Table, Plants",submitted,horizontal_flip,2026-04-06T10:46:57.503941+00:00,00000023_horizontal_flip.jpg,examples/dataset/images/horizontal_flip_0691_00000023_horizontal_flip.jpg
3ef35ec2-96b2-40d0-8f09-de34bda3abed,f7817fdc-69f6-4a10-937b-89044486756e,Lounge,Earthy Terracotta,Home Theater,Natural Daylight,Warm,"Sofas, Shelves, Table, Plants",submitted,scaled_crop,2026-04-06T10:47:00.879439+00:00,00000026_scaled_crop.jpg,examples/dataset/images/scaled_crop_0692_00000026_scaled_crop.jpg
7f55b36e-bf5b-4e7d-ab45-b76bb687b83c,f7817fdc-69f6-4a10-937b-89044486756e,Lounge,Earthy Terracotta,Home Theater,Natural Daylight,Warm,"Sofas, Shelves, Table, Plants",submitted,horizontal_flip,2026-04-06T10:47:01.599571+00:00,00000026_horizontal_flip.jpg,examples/dataset/images/horizontal_flip_0693_00000026_horizontal_flip.jpg
0baecb54-d308-4d0f-9fe3-94408d6815b6,14714493-76f6-411e-a31c-01ba7691af85,Lounge,Modern White,Home Theater,LED Office Lighting,Neutral,"Shelves, Plants",submitted,scaled_crop,2026-04-06T10:47:04.771479+00:00,00000029_scaled_crop.jpg,examples/dataset/images/scaled_crop_0694_00000029_scaled_crop.jpg
b4fd29b8-1323-4a95-9307-41f8b646e9c5,14714493-76f6-411e-a31c-01ba7691af85,Lounge,Modern White,Home Theater,LED Office Lighting,Neutral,"Shelves, Plants",submitted,horizontal_flip,2026-04-06T10:47:05.489107+00:00,00000029_horizontal_flip.jpg,examples/dataset/images/horizontal_flip_0695_00000029_horizontal_flip.jpg
8ab0df09-8976-4b1c-8f38-ede7baf89b9e,63e775bf-1bb7-4aaf-af14-9f8eafcdbfc6,Lounge,Emerald Green,Formal Entertaining,Natural Daylight,Dark Mode,"Sofas, Table, Plants, Partitions",submitted,scaled_crop,2026-04-06T10:47:08.765564+00:00,00000003_scaled_crop.jpg,examples/dataset/images/scaled_crop_0696_00000003_scaled_crop.jpg
e5ceacf8-fb90-4001-a26f-8a89135559b6,63e775bf-1bb7-4aaf-af14-9f8eafcdbfc6,Lounge,Emerald Green,Formal Entertaining,Natural Daylight,Dark Mode,"Sofas, Table, Plants, Partitions",submitted,horizontal_flip,2026-04-06T10:47:09.482076+00:00,00000003_horizontal_flip.jpg,examples/dataset/images/horizontal_flip_0697_00000003_horizontal_flip.jpg
3ad47a52-e73e-4176-998e-3ee36778609d,1740d34e-4928-441d-9309-b8e47ccce0bc,Lounge,Emerald Green,Formal Entertaining,Warm Indoor Lighting,Warm,"Sofas, Table, Plants",submitted,scaled_crop,2026-04-06T10:47:12.45473+00:00,00000031_scaled_crop.jpg,examples/dataset/images/scaled_crop_0698_00000031_scaled_crop.jpg
1eae3869-1086-4082-8798-1ae191bced94,1740d34e-4928-441d-9309-b8e47ccce0bc,Lounge,Emerald Green,Formal Entertaining,Warm Indoor Lighting,Warm,"Sofas, Table, Plants",submitted,horizontal_flip,2026-04-06T10:47:13.165201+00:00,00000031_horizontal_flip.jpg,examples/dataset/images/horizontal_flip_0699_00000031_horizontal_flip.jpg
7cc778af-017e-4043-9f6f-7ba2eae42b87,206f6efd-791c-4d65-a71c-780fb6e70b30,Lounge,Sleek Charcoal,Formal Entertaining,Warm Indoor Lighting,Neutral,"Sofas, Table, Lighting Fixtures, Plants",submitted,scaled_crop,2026-04-06T10:47:16.240748+00:00,00000032_scaled_crop.jpg,examples/dataset/images/scaled_crop_0700_00000032_scaled_crop.jpg
a57f391b-6d2e-4892-8b1d-380e96a127e3,206f6efd-791c-4d65-a71c-780fb6e70b30,Lounge,Sleek Charcoal,Formal Entertaining,Warm Indoor Lighting,Neutral,"Sofas, Table, Lighting Fixtures, Plants",submitted,horizontal_flip,2026-04-06T10:47:16.958558+00:00,00000032_horizontal_flip.jpg,examples/dataset/images/horizontal_flip_0701_00000032_horizontal_flip.jpg
1a26ed12-c8e9-4100-ae95-4b5b0b327b72,53d0ce4d-d51a-4ab0-84a2-7b79775fdbe6,Lounge,Soft Beige,Formal Entertaining,Warm Indoor Lighting,Pastel,"Sofas, Table, Plants",submitted,scaled_crop,2026-04-06T10:47:20.433872+00:00,00000033_scaled_crop.jpg,examples/dataset/images/scaled_crop_0702_00000033_scaled_crop.jpg
e759c3b7-50c2-4fa1-bab9-8d40d7c3d09f,53d0ce4d-d51a-4ab0-84a2-7b79775fdbe6,Lounge,Soft Beige,Formal Entertaining,Warm Indoor Lighting,Pastel,"Sofas, Table, Plants",submitted,horizontal_flip,2026-04-06T10:47:21.048856+00:00,00000033_horizontal_flip.jpg,examples/dataset/images/horizontal_flip_0703_00000033_horizontal_flip.jpg
78faa217-fd12-4873-b046-309d68ea5f70,6ea985f1-fee8-434a-ab3a-d4fd55d78a3e,Lounge,Earthy Terracotta,Cozy Family,Natural Daylight,Warm,"Sofas, Plants, Partitions",submitted,scaled_crop,2026-04-06T10:47:24.544709+00:00,00000006_scaled_crop.jpg,examples/dataset/images/scaled_crop_0704_00000006_scaled_crop.jpg
9f567b66-8253-444f-b230-8fa8a8a98bd5,6ea985f1-fee8-434a-ab3a-d4fd55d78a3e,Lounge,Earthy Terracotta,Cozy Family,Natural Daylight,Warm,"Sofas, Plants, Partitions",submitted,horizontal_flip,2026-04-06T10:47:25.51106+00:00,00000006_horizontal_flip.jpg,examples/dataset/images/horizontal_flip_0705_00000006_horizontal_flip.jpg
c13b1c5a-438b-4d41-8ccb-05b01838db1b,c5c2cbe0-0dbc-4aa0-ab16-b57e3c4007a5,Kitchen,Emerald Green,Open Concept,Warm Indoor Lighting,Warm,"Shelves, Table, Chair, Lighting Fixtures, Plants",submitted,scaled_crop,2026-04-06T10:47:28.538977+00:00,00000008_scaled_crop.jpg,examples/dataset/images/scaled_crop_0706_00000008_scaled_crop.jpg
4495e9e1-5d82-4f54-8cb0-69afc93d496a,c5c2cbe0-0dbc-4aa0-ab16-b57e3c4007a5,Kitchen,Emerald Green,Open Concept,Warm Indoor Lighting,Warm,"Shelves, Table, Chair, Lighting Fixtures, Plants",submitted,horizontal_flip,2026-04-06T10:47:29.250727+00:00,00000008_horizontal_flip.jpg,examples/dataset/images/horizontal_flip_0707_00000008_horizontal_flip.jpg
f1466991-baa1-4048-8c03-77d871492011,a866cdb5-eae1-4422-b455-679bfbee612b,Bedroom,Sleek Charcoal,Couple,Warm Indoor Lighting,Pastel,"Table, Bed, Plants, Partitions",submitted,scaled_crop,2026-04-06T10:47:32.635372+00:00,00000009_scaled_crop.jpg,examples/dataset/images/scaled_crop_0708_00000009_scaled_crop.jpg
2ad428ac-ea69-46ae-973e-53b8f30d2a8e,a866cdb5-eae1-4422-b455-679bfbee612b,Bedroom,Sleek Charcoal,Couple,Warm Indoor Lighting,Pastel,"Table, Bed, Plants, Partitions",submitted,horizontal_flip,2026-04-06T10:47:33.361907+00:00,00000009_horizontal_flip.jpg,examples/dataset/images/horizontal_flip_0709_00000009_horizontal_flip.jpg
90643b3b-3bda-4c8a-b0e9-e7f2f44e74bb,dac576ee-8d14-4a72-9a4a-7bcbd37c26b2,Bedroom,Modern White,Adults,Natural Daylight,Pastel,"Table, Bed, Lighting Fixtures",submitted,scaled_crop,2026-04-06T10:47:37.337402+00:00,bfrtgr_scaled_crop.jpg,examples/dataset/images/scaled_crop_0710_bfrtgr_scaled_crop.jpg
34f2b218-6e95-49f3-a172-07299af72d25,dac576ee-8d14-4a72-9a4a-7bcbd37c26b2,Bedroom,Modern White,Adults,Natural Daylight,Pastel,"Table, Bed, Lighting Fixtures",submitted,horizontal_flip,2026-04-06T10:47:39.15616+00:00,bfrtgr_horizontal_flip.jpg,examples/dataset/images/horizontal_flip_0711_bfrtgr_horizontal_flip.jpg
5be3fa5f-2c84-4a41-9682-6928ade121dc,c2176a3b-49b9-4789-8571-e6c003acff9c,Lounge,Sleek Charcoal,Home Theater,Warm Indoor Lighting,Neutral,"Shelves, Plants",submitted,scaled_crop,2026-04-06T10:47:45.059411+00:00,00002026_scaled_crop.jpg,examples/dataset/images/scaled_crop_0712_00002026_scaled_crop.jpg
4d7cb22d-e130-4c14-9e05-43a0eb096e27,c2176a3b-49b9-4789-8571-e6c003acff9c,Lounge,Sleek Charcoal,Home Theater,Warm Indoor Lighting,Neutral,"Shelves, Plants",submitted,horizontal_flip,2026-04-06T10:47:45.734484+00:00,00002026_horizontal_flip.jpg,examples/dataset/images/horizontal_flip_0713_00002026_horizontal_flip.jpg
a48764f0-2633-4df9-9375-3ec1e5ef62cd,77e27c0e-92df-4c0a-9e6c-4674079191c9,Lounge,Earthy Terracotta,Formal Entertaining,Natural Daylight,Warm,"Sofas, Table, Lighting Fixtures, Plants",submitted,scaled_crop,2026-04-06T10:47:50.958625+00:00,00004077_scaled_crop.jpg,examples/dataset/images/scaled_crop_0714_00004077_scaled_crop.jpg
a7282ca0-fd90-4b90-bb4a-eb3054065b91,77e27c0e-92df-4c0a-9e6c-4674079191c9,Lounge,Earthy Terracotta,Formal Entertaining,Natural Daylight,Warm,"Sofas, Table, Lighting Fixtures, Plants",submitted,horizontal_flip,2026-04-06T10:47:51.591457+00:00,00004077_horizontal_flip.jpg,examples/dataset/images/horizontal_flip_0715_00004077_horizontal_flip.jpg
96ab7a80-0c71-4351-863c-39186459caa9,82128647-0255-47c0-90c8-613f00099a5e,Bedroom,Earthy Terracotta,Master Suite,Warm Indoor Lighting,Warm,"Sofas, Bed, Plants",submitted,scaled_crop,2026-04-06T10:47:55.566596+00:00,00000001_scaled_crop.jpg,examples/dataset/images/scaled_crop_0716_00000001_scaled_crop.jpg
e8001122-0645-4961-92f3-c61d1f581728,82128647-0255-47c0-90c8-613f00099a5e,Bedroom,Earthy Terracotta,Master Suite,Warm Indoor Lighting,Warm,"Sofas, Bed, Plants",submitted,horizontal_flip,2026-04-06T10:47:56.285181+00:00,00000001_horizontal_flip.jpg,examples/dataset/images/horizontal_flip_0717_00000001_horizontal_flip.jpg
d940d12d-dadf-4fde-9d7f-05a6ab73b241,7276adb5-cb54-402f-a27e-f974c3861806,Lounge,Soft Beige,Formal Entertaining,Warm Indoor Lighting,Warm,"Sofas, Table, Plants",submitted,scaled_crop,2026-04-06T10:48:00.409332+00:00,00000039_scaled_crop.jpg,examples/dataset/images/scaled_crop_0718_00000039_scaled_crop.jpg
31d014ab-cdfa-4dd5-b3e6-3815ef9cbd96,7276adb5-cb54-402f-a27e-f974c3861806,Lounge,Soft Beige,Formal Entertaining,Warm Indoor Lighting,Warm,"Sofas, Table, Plants",submitted,horizontal_flip,2026-04-06T10:48:01.09393+00:00,00000039_horizontal_flip.jpg,examples/dataset/images/horizontal_flip_0719_00000039_horizontal_flip.jpg
1d6da969-023f-4cb8-a816-35dddc188c05,86d59349-ec04-47dd-8f99-0440d21f608b,Lounge,Soft Beige,Cozy Family,Natural Daylight,Warm,"Sofas, Table, Lighting Fixtures, Plants",submitted,scaled_crop,2026-04-06T10:48:03.972469+00:00,00000013_scaled_crop.jpg,examples/dataset/images/scaled_crop_0720_00000013_scaled_crop.jpg
6edb3e1a-2bc3-4728-8fae-9afd9d969173,86d59349-ec04-47dd-8f99-0440d21f608b,Lounge,Soft Beige,Cozy Family,Natural Daylight,Warm,"Sofas, Table, Lighting Fixtures, Plants",submitted,horizontal_flip,2026-04-06T10:48:04.578384+00:00,00000013_horizontal_flip.jpg,examples/dataset/images/horizontal_flip_0721_00000013_horizontal_flip.jpg
547cf518-9a01-4c0f-af7f-05fb05d4210e,2c701df7-3f6b-48d8-a1c0-1d40f941002e,Lounge,Soft Beige,Cozy Family,Warm Indoor Lighting,Pastel,"Sofas, Table, Lighting Fixtures, Plants",submitted,scaled_crop,2026-04-06T10:48:07.750644+00:00,00000022_scaled_crop.jpg,examples/dataset/images/scaled_crop_0722_00000022_scaled_crop.jpg
c6f63f9f-bd68-4cbf-9408-7f6e1fe5a4bd,2c701df7-3f6b-48d8-a1c0-1d40f941002e,Lounge,Soft Beige,Cozy Family,Warm Indoor Lighting,Pastel,"Sofas, Table, Lighting Fixtures, Plants",submitted,horizontal_flip,2026-04-06T10:48:08.574738+00:00,00000022_horizontal_flip.jpg,examples/dataset/images/horizontal_flip_0723_00000022_horizontal_flip.jpg
9764e3f1-8d9c-4575-8ef1-ece3f87749df,145d79f6-e986-489c-a4b7-b3a47a4e6977,Lounge,Soft Beige,Formal Entertaining,Warm Indoor Lighting,Warm,"Sofas, Table, Lighting Fixtures, Partitions",submitted,scaled_crop,2026-04-06T10:48:11.43908+00:00,00000030_scaled_crop.jpg,examples/dataset/images/scaled_crop_0724_00000030_scaled_crop.jpg
1d39512f-1483-4910-9e8f-6d90c5310f8f,145d79f6-e986-489c-a4b7-b3a47a4e6977,Lounge,Soft Beige,Formal Entertaining,Warm Indoor Lighting,Warm,"Sofas, Table, Lighting Fixtures, Partitions",submitted,horizontal_flip,2026-04-06T10:48:12.154737+00:00,00000030_horizontal_flip.jpg,examples/dataset/images/horizontal_flip_0725_00000030_horizontal_flip.jpg
1d900495-ee60-4851-92a8-b54ecef27544,f913a3d5-e798-427b-b465-e84af4322b54,Lounge,Soft Beige,Formal Entertaining,Natural Daylight,Pastel,"Shelves, Table, Chair, Lighting Fixtures",submitted,scaled_crop,2026-04-06T10:48:15.034854+00:00,00000007_scaled_crop.jpg,examples/dataset/images/scaled_crop_0726_00000007_scaled_crop.jpg
0f0d7e0b-80db-4fed-ae9d-f3bb8fc93edc,f913a3d5-e798-427b-b465-e84af4322b54,Lounge,Soft Beige,Formal Entertaining,Natural Daylight,Pastel,"Shelves, Table, Chair, Lighting Fixtures",submitted,horizontal_flip,2026-04-06T10:48:15.736561+00:00,00000007_horizontal_flip.jpg,examples/dataset/images/horizontal_flip_0727_00000007_horizontal_flip.jpg
70a117c1-d75a-4024-9e1c-e50adce02d93,27d6664d-0aa3-463e-9db1-0e441b26abdf,Dining Room,Emerald Green,Bistro Style,Natural Daylight,Dark Mode,"Table, Chair, Lighting Fixtures",submitted,scaled_crop,2026-04-06T10:48:18.599812+00:00,euiu_scaled_crop.jpg,examples/dataset/images/scaled_crop_0728_euiu_scaled_crop.jpg
2897ba1c-7517-4915-ab89-10526b0d6ebe,27d6664d-0aa3-463e-9db1-0e441b26abdf,Dining Room,Emerald Green,Bistro Style,Natural Daylight,Dark Mode,"Table, Chair, Lighting Fixtures",submitted,horizontal_flip,2026-04-06T10:48:19.524389+00:00,euiu_horizontal_flip.jpg,examples/dataset/images/horizontal_flip_0729_euiu_horizontal_flip.jpg
a66ade19-71ab-48d1-b1d8-9d8ae62be8e7,674ac7bd-c463-474b-b8e8-b30c71ce60ff,Lounge,Earthy Terracotta,Home Theater,Natural Daylight,Warm,"Sofas, Table, Lighting Fixtures, Plants",submitted,scaled_crop,2026-04-06T10:48:25.827549+00:00,00003861_scaled_crop.jpg,examples/dataset/images/scaled_crop_0730_00003861_scaled_crop.jpg
c4e22175-ba43-44a6-9b1d-2e7634d32d36,674ac7bd-c463-474b-b8e8-b30c71ce60ff,Lounge,Earthy Terracotta,Home Theater,Natural Daylight,Warm,"Sofas, Table, Lighting Fixtures, Plants",submitted,horizontal_flip,2026-04-06T10:48:26.795834+00:00,00003861_horizontal_flip.jpg,examples/dataset/images/horizontal_flip_0731_00003861_horizontal_flip.jpg
b333df7b-a4eb-43ec-9221-7d7a0d6cb4cf,4867516b-81f8-4c56-b330-eb97abd2face,Kitchen,Earthy Terracotta,Small Family,Natural Daylight,Warm,"Chair, Partitions",submitted,scaled_crop,2026-04-06T10:48:29.765099+00:00,00003873_scaled_crop.jpg,examples/dataset/images/scaled_crop_0732_00003873_scaled_crop.jpg
52c01ae0-42a3-4e6f-a114-726b36fa23a2,4867516b-81f8-4c56-b330-eb97abd2face,Kitchen,Earthy Terracotta,Small Family,Natural Daylight,Warm,"Chair, Partitions",submitted,horizontal_flip,2026-04-06T10:48:30.48186+00:00,00003873_horizontal_flip.jpg,examples/dataset/images/horizontal_flip_0733_00003873_horizontal_flip.jpg
38b3ac13-4268-4d77-9f3b-f5f6ca5938db,f3be54d9-592b-47e6-b6f8-55294ec42429,Bedroom,Earthy Terracotta,Guest,Warm Indoor Lighting,Warm,"Sofas, Bed, Partitions",submitted,scaled_crop,2026-04-06T10:48:33.554137+00:00,00003874_scaled_crop.jpg,examples/dataset/images/scaled_crop_0734_00003874_scaled_crop.jpg
90768986-9482-4d5b-9f59-100059cb3009,f3be54d9-592b-47e6-b6f8-55294ec42429,Bedroom,Earthy Terracotta,Guest,Warm Indoor Lighting,Warm,"Sofas, Bed, Partitions",submitted,horizontal_flip,2026-04-06T10:48:34.268433+00:00,00003874_horizontal_flip.jpg,examples/dataset/images/horizontal_flip_0735_00003874_horizontal_flip.jpg
e9a67dd3-a714-43c7-a2b8-b21cdbac2911,fd7142c9-cdf1-4784-ba58-c84de8e068f9,Lounge,Earthy Terracotta,Cozy Family,Warm Indoor Lighting,Pastel,"Sofas, Table, Plants",submitted,scaled_crop,2026-04-06T10:48:37.138639+00:00,00003876_scaled_crop.jpg,examples/dataset/images/scaled_crop_0736_00003876_scaled_crop.jpg
40270371-cdae-493b-8648-956e62bff82c,fd7142c9-cdf1-4784-ba58-c84de8e068f9,Lounge,Earthy Terracotta,Cozy Family,Warm Indoor Lighting,Pastel,"Sofas, Table, Plants",submitted,horizontal_flip,2026-04-06T10:48:37.853258+00:00,00003876_horizontal_flip.jpg,examples/dataset/images/horizontal_flip_0737_00003876_horizontal_flip.jpg
bd1260ad-d173-43dc-9a82-cbbe0abd3136,2e48d134-8741-4089-9678-513ca988f4ab,Lounge,Modern White,Formal Entertaining,Natural Daylight,Pastel,"Sofas, Table, Lighting Fixtures, Plants, Partitions",submitted,scaled_crop,2026-04-06T10:48:40.627379+00:00,00003884_scaled_crop.jpg,examples/dataset/images/scaled_crop_0738_00003884_scaled_crop.jpg
27d8fef6-cd17-45a4-952f-9a4d2bb749bc,2e48d134-8741-4089-9678-513ca988f4ab,Lounge,Modern White,Formal Entertaining,Natural Daylight,Pastel,"Sofas, Table, Lighting Fixtures, Plants, Partitions",submitted,horizontal_flip,2026-04-06T10:48:41.330951+00:00,00003884_horizontal_flip.jpg,examples/dataset/images/horizontal_flip_0739_00003884_horizontal_flip.jpg
769312cb-d75b-468f-8994-377191472692,172f32ee-d391-4e0c-98f7-25d6f6181f3c,Bedroom,Soft Beige,Guest,Warm Indoor Lighting,Warm,"Table, Chair, Lighting Fixtures",submitted,scaled_crop,2026-04-06T10:48:44.509026+00:00,00003885_scaled_crop.jpg,examples/dataset/images/scaled_crop_0740_00003885_scaled_crop.jpg
afae938e-cbff-4ee3-aedf-ded355c30c06,172f32ee-d391-4e0c-98f7-25d6f6181f3c,Bedroom,Soft Beige,Guest,Warm Indoor Lighting,Warm,"Table, Chair, Lighting Fixtures",submitted,horizontal_flip,2026-04-06T10:48:45.230578+00:00,00003885_horizontal_flip.jpg,examples/dataset/images/horizontal_flip_0741_00003885_horizontal_flip.jpg
385ea698-cc7d-407e-8a1b-c18828871669,cb156b07-df17-4dc4-93b8-98285028d121,Lounge,Pastel Pink,Cozy Family,Natural Daylight,Pastel,"Sofas, Table, Lighting Fixtures",submitted,scaled_crop,2026-04-06T10:48:48.095266+00:00,00003893_scaled_crop.jpg,examples/dataset/images/scaled_crop_0742_00003893_scaled_crop.jpg
1e1fb2fc-9357-4e28-bf37-6416e323c7e6,cb156b07-df17-4dc4-93b8-98285028d121,Lounge,Pastel Pink,Cozy Family,Natural Daylight,Pastel,"Sofas, Table, Lighting Fixtures",submitted,horizontal_flip,2026-04-06T10:48:48.818018+00:00,00003893_horizontal_flip.jpg,examples/dataset/images/horizontal_flip_0743_00003893_horizontal_flip.jpg
4b041941-33c9-4f9e-9621-599db1196818,ff6b1cf8-2b6c-4b4a-bbfe-772a30a0ed9e,Lounge,Soft Beige,Formal Entertaining,Natural Daylight,Neutral,"Sofas, Table, Chair, Lighting Fixtures, Plants",submitted,scaled_crop,2026-04-06T10:48:51.063722+00:00,00003371_scaled_crop.jpg,examples/dataset/images/scaled_crop_0744_00003371_scaled_crop.jpg
c1f12531-2944-4a2d-b7ed-125077ba64a6,ff6b1cf8-2b6c-4b4a-bbfe-772a30a0ed9e,Lounge,Soft Beige,Formal Entertaining,Natural Daylight,Neutral,"Sofas, Table, Chair, Lighting Fixtures, Plants",submitted,horizontal_flip,2026-04-06T10:48:51.778364+00:00,00003371_horizontal_flip.jpg,examples/dataset/images/horizontal_flip_0745_00003371_horizontal_flip.jpg
c9c8453c-0277-4fcf-815f-c8b9d26b0c0f,b31aa6db-5c70-471b-8587-ca41ea7d3d0a,Lounge,Modern White,Formal Entertaining,Natural Daylight,Neutral,"Sofas, Shelves, Table, Lighting Fixtures",submitted,scaled_crop,2026-04-06T10:48:54.542316+00:00,00003481_scaled_crop.jpg,examples/dataset/images/scaled_crop_0746_00003481_scaled_crop.jpg
da3e69af-c97f-4717-80d0-c7b764bb5dfe,b31aa6db-5c70-471b-8587-ca41ea7d3d0a,Lounge,Modern White,Formal Entertaining,Natural Daylight,Neutral,"Sofas, Shelves, Table, Lighting Fixtures",submitted,horizontal_flip,2026-04-06T10:48:55.259574+00:00,00003481_horizontal_flip.jpg,examples/dataset/images/horizontal_flip_0747_00003481_horizontal_flip.jpg
23c8a210-fa1a-43e9-bcf9-b89d09ff341f,b1c10cbd-3d27-4c54-ad53-13b9589a4164,Lounge,Soft Beige,Cozy Family,Natural Daylight,Neutral,"Sofas, Shelves, Table, Lighting Fixtures",submitted,scaled_crop,2026-04-06T10:48:57.926311+00:00,00000005_scaled_crop.jpg,examples/dataset/images/scaled_crop_0748_00000005_scaled_crop.jpg
5dc83adc-cba7-4ede-bfaf-15d2f1621bff,b1c10cbd-3d27-4c54-ad53-13b9589a4164,Lounge,Soft Beige,Cozy Family,Natural Daylight,Neutral,"Sofas, Shelves, Table, Lighting Fixtures",submitted,horizontal_flip,2026-04-06T10:48:58.64727+00:00,00000005_horizontal_flip.jpg,examples/dataset/images/horizontal_flip_0749_00000005_horizontal_flip.jpg
5093197b-a29c-4a43-a859-eb802aa8ffbb,6fceb357-f9f7-4241-99f3-04dd733a33c8,Dining Room,Sleek Charcoal,Formal,Natural Daylight,Dark Mode,"Table, Chair, Lighting Fixtures, Plants",submitted,scaled_crop,2026-04-06T10:49:04.70907+00:00,00002270_scaled_crop.jpg,examples/dataset/images/scaled_crop_0750_00002270_scaled_crop.jpg
200e1171-dd94-4da9-b4dd-d6ac73173fe8,6fceb357-f9f7-4241-99f3-04dd733a33c8,Dining Room,Sleek Charcoal,Formal,Natural Daylight,Dark Mode,"Table, Chair, Lighting Fixtures, Plants",submitted,horizontal_flip,2026-04-06T10:49:05.241152+00:00,00002270_horizontal_flip.jpg,examples/dataset/images/horizontal_flip_0751_00002270_horizontal_flip.jpg
7dcda71a-1ef0-4c43-9165-bd1b8c08b895,7867be94-d35c-4191-adb4-f2036a5169f7,Lounge,Modern White,Formal Entertaining,Natural Daylight,Neutral,"Sofas, Table, Lighting Fixtures",submitted,scaled_crop,2026-04-06T10:49:08.065729+00:00,00003682_scaled_crop.jpg,examples/dataset/images/scaled_crop_0752_00003682_scaled_crop.jpg
f65fecfd-c1e6-43ef-8462-0f24151a1475,7867be94-d35c-4191-adb4-f2036a5169f7,Lounge,Modern White,Formal Entertaining,Natural Daylight,Neutral,"Sofas, Table, Lighting Fixtures",submitted,horizontal_flip,2026-04-06T10:49:08.782521+00:00,00003682_horizontal_flip.jpg,examples/dataset/images/horizontal_flip_0753_00003682_horizontal_flip.jpg
27bf8000-de76-4959-a65d-0d6d979612f9,d5fa7221-ce5c-46a0-aa92-881e47b54105,Lounge,Modern White,Cozy Family,Natural Daylight,Neutral,"Sofas, Table, Lighting Fixtures",submitted,scaled_crop,2026-04-06T10:49:13.272438+00:00,00003773_scaled_crop.jpg,examples/dataset/images/scaled_crop_0754_00003773_scaled_crop.jpg
dcedf96b-c28f-4aa5-a9ca-d61fffe60dc7,d5fa7221-ce5c-46a0-aa92-881e47b54105,Lounge,Modern White,Cozy Family,Natural Daylight,Neutral,"Sofas, Table, Lighting Fixtures",submitted,horizontal_flip,2026-04-06T10:49:13.907068+00:00,00003773_horizontal_flip.jpg,examples/dataset/images/horizontal_flip_0755_00003773_horizontal_flip.jpg
fd0877b3-e6a9-4d68-89aa-bfa3c0223c58,746a103d-5d95-42c5-9f01-4f69091d0bc0,Kitchen,Royal Blue,Small Family,Natural Daylight,Brand-specific,Lighting Fixtures,submitted,scaled_crop,2026-04-06T10:49:16.663788+00:00,00002381_scaled_crop.jpg,examples/dataset/images/scaled_crop_0756_00002381_scaled_crop.jpg
96278ff6-dbb7-40c5-a9a8-faec4b2a670c,746a103d-5d95-42c5-9f01-4f69091d0bc0,Kitchen,Royal Blue,Small Family,Natural Daylight,Brand-specific,Lighting Fixtures,submitted,horizontal_flip,2026-04-06T10:49:17.30941+00:00,00002381_horizontal_flip.jpg,examples/dataset/images/horizontal_flip_0757_00002381_horizontal_flip.jpg
8b846cc9-2799-4c19-adb9-a260df945511,65b0a00e-13cb-4c80-9688-280e48513aed,Dining Room,Sleek Charcoal,Formal,Warm Indoor Lighting,Dark Mode,"Sofas, Table, Chair",submitted,scaled_crop,2026-04-06T10:49:20.04519+00:00,00001379_scaled_crop.jpg,examples/dataset/images/scaled_crop_0758_00001379_scaled_crop.jpg
4f464745-2a7b-4350-a46b-d14dddd48bf9,65b0a00e-13cb-4c80-9688-280e48513aed,Dining Room,Sleek Charcoal,Formal,Warm Indoor Lighting,Dark Mode,"Sofas, Table, Chair",submitted,horizontal_flip,2026-04-06T10:49:20.964858+00:00,00001379_horizontal_flip.jpg,examples/dataset/images/horizontal_flip_0759_00001379_horizontal_flip.jpg
b7747531-73d9-484c-ac14-7161188db096,75bede32-7fdc-45a6-a704-6d2898042f93,Bedroom,Modern White,Minimalist Retreat,Warm Indoor Lighting,Neutral,"Sofas, Table, Bed, Lighting Fixtures, Partitions",submitted,scaled_crop,2026-04-06T10:49:24.036922+00:00,00001522_scaled_crop.jpg,examples/dataset/images/scaled_crop_0760_00001522_scaled_crop.jpg
29fba3d1-100b-42d7-8659-672ab6235b48,75bede32-7fdc-45a6-a704-6d2898042f93,Bedroom,Modern White,Minimalist Retreat,Warm Indoor Lighting,Neutral,"Sofas, Table, Bed, Lighting Fixtures, Partitions",submitted,horizontal_flip,2026-04-06T10:49:24.758737+00:00,00001522_horizontal_flip.jpg,examples/dataset/images/horizontal_flip_0761_00001522_horizontal_flip.jpg
51b482ca-d145-4486-aa9a-0b6a8eec71c5,a7d10a55-ab13-4126-8c78-168b6ee4cf6a,Lounge,Soft Beige,Cozy Family,Natural Daylight,Warm,"Sofas, Shelves, Table, Chair, Plants",submitted,scaled_crop,2026-04-06T10:49:27.818204+00:00,00003971_scaled_crop.jpg,examples/dataset/images/scaled_crop_0762_00003971_scaled_crop.jpg
b50de72b-47cf-4bb5-94c3-f9b0ce22d519,a7d10a55-ab13-4126-8c78-168b6ee4cf6a,Lounge,Soft Beige,Cozy Family,Natural Daylight,Warm,"Sofas, Shelves, Table, Chair, Plants",submitted,horizontal_flip,2026-04-06T10:49:28.444036+00:00,00003971_horizontal_flip.jpg,examples/dataset/images/horizontal_flip_0763_00003971_horizontal_flip.jpg
ab187251-3b4e-42d7-a754-80b184ccd80c,f484305a-f990-4b95-ab88-e8a55d6b85e3,Lounge,Emerald Green,Cozy Family,Natural Daylight,Pastel,"Sofas, Table, Lighting Fixtures",submitted,scaled_crop,2026-04-06T10:49:31.303448+00:00,00004214_scaled_crop.jpg,examples/dataset/images/scaled_crop_0764_00004214_scaled_crop.jpg
21fe0b6b-3ae3-453c-917e-765a17e91d35,f484305a-f990-4b95-ab88-e8a55d6b85e3,Lounge,Emerald Green,Cozy Family,Natural Daylight,Pastel,"Sofas, Table, Lighting Fixtures",submitted,horizontal_flip,2026-04-06T10:49:32.420349+00:00,00004214_horizontal_flip.jpg,examples/dataset/images/horizontal_flip_0765_00004214_horizontal_flip.jpg
31234fa0-cf07-42ab-80d1-3b54db4bbd3b,c2f8beac-88a5-41f7-802e-a881bb9212cd,Lounge,Soft Beige,Reading Nook,Natural Daylight,Warm,"Shelves, Table, Chair",submitted,scaled_crop,2026-04-06T10:49:34.999348+00:00,00004314_scaled_crop.jpg,examples/dataset/images/scaled_crop_0766_00004314_scaled_crop.jpg
e9d473a3-588c-4ebc-9bf0-254f1332cfe3,c2f8beac-88a5-41f7-802e-a881bb9212cd,Lounge,Soft Beige,Reading Nook,Natural Daylight,Warm,"Shelves, Table, Chair",submitted,horizontal_flip,2026-04-06T10:49:35.715956+00:00,00004314_horizontal_flip.jpg,examples/dataset/images/horizontal_flip_0767_00004314_horizontal_flip.jpg
40fa72b7-2036-47d8-901a-057532899f6e,d6ccfd63-49b3-46bc-9947-b7ecf3778a56,Lounge,Soft Beige,Formal Entertaining,Natural Daylight,Warm,"Sofas, Table, Lighting Fixtures",submitted,scaled_crop,2026-04-06T10:49:39.192324+00:00,00003373_scaled_crop.jpg,examples/dataset/images/scaled_crop_0768_00003373_scaled_crop.jpg
59631045-3f57-4037-9da2-5a839e2acfe2,d6ccfd63-49b3-46bc-9947-b7ecf3778a56,Lounge,Soft Beige,Formal Entertaining,Natural Daylight,Warm,"Sofas, Table, Lighting Fixtures",submitted,horizontal_flip,2026-04-06T10:49:39.905911+00:00,00003373_horizontal_flip.jpg,examples/dataset/images/horizontal_flip_0769_00003373_horizontal_flip.jpg
8db971f6-4186-4253-86d7-c94f17fdafd3,7c1475ba-307a-48f5-b539-99b28725907d,Lounge,Earthy Terracotta,Cozy Family,Warm Indoor Lighting,Warm,"Sofas, Table, Lighting Fixtures",submitted,scaled_crop,2026-04-06T10:49:42.058243+00:00,00002273_scaled_crop.jpg,examples/dataset/images/scaled_crop_0770_00002273_scaled_crop.jpg
be57afd0-da2b-41c2-aefc-778804c74edb,7c1475ba-307a-48f5-b539-99b28725907d,Lounge,Earthy Terracotta,Cozy Family,Warm Indoor Lighting,Warm,"Sofas, Table, Lighting Fixtures",submitted,horizontal_flip,2026-04-06T10:49:42.770516+00:00,00002273_horizontal_flip.jpg,examples/dataset/images/horizontal_flip_0771_00002273_horizontal_flip.jpg
cf34a14e-3b7a-4daa-bb74-b27df2b6fd0d,97e4476a-4192-4110-93e8-82e1e0708ec6,Lounge,Modern White,Formal Entertaining,Natural Daylight,Neutral,"Sofas, Shelves, Table, Chair, Lighting Fixtures",submitted,scaled_crop,2026-04-06T10:49:44.931325+00:00,00003776_scaled_crop.jpg,examples/dataset/images/scaled_crop_0772_00003776_scaled_crop.jpg
68f571f0-3c7e-4a74-91f9-f1a7c8d8ad09,97e4476a-4192-4110-93e8-82e1e0708ec6,Lounge,Modern White,Formal Entertaining,Natural Daylight,Neutral,"Sofas, Shelves, Table, Chair, Lighting Fixtures",submitted,horizontal_flip,2026-04-06T10:49:45.642804+00:00,00003776_horizontal_flip.jpg,examples/dataset/images/horizontal_flip_0773_00003776_horizontal_flip.jpg
58b1867a-b7a9-438b-942b-3024950cd89a,acb5320e-1a3d-4298-90d6-4779388130f2,Dining Room,Soft Beige,Casual Family,LED Office Lighting,Neutral,"Sofas, Table, Lighting Fixtures",submitted,scaled_crop,2026-04-06T10:49:48.307096+00:00,00002336_scaled_crop.jpg,examples/dataset/images/scaled_crop_0774_00002336_scaled_crop.jpg
2c11b9f5-0e67-40d9-8c09-667e2610ef6d,acb5320e-1a3d-4298-90d6-4779388130f2,Dining Room,Soft Beige,Casual Family,LED Office Lighting,Neutral,"Sofas, Table, Lighting Fixtures",submitted,horizontal_flip,2026-04-06T10:49:48.919984+00:00,00002336_horizontal_flip.jpg,examples/dataset/images/horizontal_flip_0775_00002336_horizontal_flip.jpg
cd88650c-519b-4105-8f75-ded6b159d47e,adc474d7-04ac-45e4-88e5-fffbe6e06bc3,Kitchen,Soft Beige,Small Family,Warm Indoor Lighting,Warm,"Shelves, Lighting Fixtures",submitted,scaled_crop,2026-04-06T10:49:51.069441+00:00,00002382_scaled_crop.jpg,examples/dataset/images/scaled_crop_0776_00002382_scaled_crop.jpg
470fc195-80d9-45f3-84d8-ddaa98e06cf5,adc474d7-04ac-45e4-88e5-fffbe6e06bc3,Kitchen,Soft Beige,Small Family,Warm Indoor Lighting,Warm,"Shelves, Lighting Fixtures",submitted,horizontal_flip,2026-04-06T10:49:51.692255+00:00,00002382_horizontal_flip.jpg,examples/dataset/images/horizontal_flip_0777_00002382_horizontal_flip.jpg
7d9a37b1-2e2b-449b-8992-dda6d7ae9dbc,c991ed6b-e3f6-48f4-b24a-6db3ff6e3911,Kitchen,Soft Beige,Open Concept,Natural Daylight,Neutral,"Shelves, Chair, Lighting Fixtures, Partitions",submitted,scaled_crop,2026-04-06T10:49:54.858584+00:00,00001528_scaled_crop.jpg,examples/dataset/images/scaled_crop_0778_00001528_scaled_crop.jpg
6bd36adf-5f9d-47b1-b78a-07348cee3079,c991ed6b-e3f6-48f4-b24a-6db3ff6e3911,Kitchen,Soft Beige,Open Concept,Natural Daylight,Neutral,"Shelves, Chair, Lighting Fixtures, Partitions",submitted,horizontal_flip,2026-04-06T10:49:55.578636+00:00,00001528_horizontal_flip.jpg,examples/dataset/images/horizontal_flip_0779_00001528_horizontal_flip.jpg
fb7b349f-b4b2-40ec-a1f1-6f94441cd1d5,7e7d02c0-3557-4df5-a268-844323e2d3c3,Lounge,Earthy Terracotta,Cozy Family,Natural Daylight,Warm,"Sofas, Shelves, Table, Chair, Lighting Fixtures, Plants",submitted,scaled_crop,2026-04-06T10:49:58.445735+00:00,00004218_scaled_crop.jpg,examples/dataset/images/scaled_crop_0780_00004218_scaled_crop.jpg
08b7f85e-ddc8-4d13-b7e0-f39c9b2b8fb7,7e7d02c0-3557-4df5-a268-844323e2d3c3,Lounge,Earthy Terracotta,Cozy Family,Natural Daylight,Warm,"Sofas, Shelves, Table, Chair, Lighting Fixtures, Plants",submitted,horizontal_flip,2026-04-06T10:49:59.159333+00:00,00004218_horizontal_flip.jpg,examples/dataset/images/horizontal_flip_0781_00004218_horizontal_flip.jpg
d3403f32-6805-4f7c-b6fa-56a8058a6834,ae32c4dc-1d0b-48b8-af66-1020b01aa9a1,Bedroom,Soft Beige,Master Suite,Warm Indoor Lighting,Neutral,"Sofas, Chair, Bed, Lighting Fixtures",submitted,scaled_crop,2026-04-06T10:50:02.230928+00:00,00003376_scaled_crop.jpg,examples/dataset/images/scaled_crop_0782_00003376_scaled_crop.jpg
4b5f5dfd-f572-40d4-9234-97ac38651dbe,ae32c4dc-1d0b-48b8-af66-1020b01aa9a1,Bedroom,Soft Beige,Master Suite,Warm Indoor Lighting,Neutral,"Sofas, Chair, Bed, Lighting Fixtures",submitted,horizontal_flip,2026-04-06T10:50:02.944389+00:00,00003376_horizontal_flip.jpg,examples/dataset/images/horizontal_flip_0783_00003376_horizontal_flip.jpg
b367f6f0-d9e1-4672-b065-0e696fca3fee,939d9d4f-17d0-43c5-851f-78a2e0b4a8cc,Bedroom,Modern White,Guest,Natural Daylight,Neutral,"Table, Chair, Bed, Lighting Fixtures",submitted,scaled_crop,2026-04-06T10:50:05.815571+00:00,00003485_scaled_crop.jpg,examples/dataset/images/scaled_crop_0784_00003485_scaled_crop.jpg
e5d4087a-5211-4f73-987d-774828ce92f2,939d9d4f-17d0-43c5-851f-78a2e0b4a8cc,Bedroom,Modern White,Guest,Natural Daylight,Neutral,"Table, Chair, Bed, Lighting Fixtures",submitted,horizontal_flip,2026-04-06T10:50:06.537223+00:00,00003485_horizontal_flip.jpg,examples/dataset/images/horizontal_flip_0785_00003485_horizontal_flip.jpg
5904b29d-dd5b-4b10-ab10-7b51e67789c8,8b6f873f-1b27-4073-87eb-db122bb92dfe,Dining Room,Modern White,Casual Family,Natural Daylight,Neutral,"Table, Chair, Lighting Fixtures",submitted,scaled_crop,2026-04-06T10:50:09.30567+00:00,00001179_scaled_crop.jpg,examples/dataset/images/scaled_crop_0786_00001179_scaled_crop.jpg
9e7ab6fb-9042-4b64-ab8d-d7fe1cb33185,8b6f873f-1b27-4073-87eb-db122bb92dfe,Dining Room,Modern White,Casual Family,Natural Daylight,Neutral,"Table, Chair, Lighting Fixtures",submitted,horizontal_flip,2026-04-06T10:50:09.934669+00:00,00001179_horizontal_flip.jpg,examples/dataset/images/horizontal_flip_0787_00001179_horizontal_flip.jpg
265d4a47-27fc-4659-bc7a-41ec4b402bbb,8a74df4b-e289-416b-a8ed-094294e02bc2,Dining Room,Earthy Terracotta,Casual Family,Natural Daylight,Neutral,"Shelves, Table, Chair, Lighting Fixtures",submitted,scaled_crop,2026-04-06T10:50:12.572804+00:00,00002276_scaled_crop.jpg,examples/dataset/images/scaled_crop_0788_00002276_scaled_crop.jpg
23c5f843-e1c9-4d7a-bb57-c91e8ffe8965,8a74df4b-e289-416b-a8ed-094294e02bc2,Dining Room,Earthy Terracotta,Casual Family,Natural Daylight,Neutral,"Shelves, Table, Chair, Lighting Fixtures",submitted,horizontal_flip,2026-04-06T10:50:13.290965+00:00,00002276_horizontal_flip.jpg,examples/dataset/images/horizontal_flip_0789_00002276_horizontal_flip.jpg
674957b0-9e53-4ed3-a6cb-8de328d66613,db41fa05-fd1f-436e-b612-744abc106dd1,Dining Room,Earthy Terracotta,Formal,Warm Indoor Lighting,Warm,"Table, Chair, Lighting Fixtures",submitted,scaled_crop,2026-04-06T10:50:15.235467+00:00,00003778_scaled_crop.jpg,examples/dataset/images/scaled_crop_0790_00003778_scaled_crop.jpg
45834dcd-46f0-4953-b131-4638884db250,db41fa05-fd1f-436e-b612-744abc106dd1,Dining Room,Earthy Terracotta,Formal,Warm Indoor Lighting,Warm,"Table, Chair, Lighting Fixtures",submitted,horizontal_flip,2026-04-06T10:50:15.956106+00:00,00003778_horizontal_flip.jpg,examples/dataset/images/horizontal_flip_0791_00003778_horizontal_flip.jpg
3853ea14-5915-4474-823a-f52781bab5eb,20588560-c58a-43a8-835b-fe3aed230dec,Lounge,Sleek Charcoal,Cozy Family,Natural Daylight,Neutral,"Sofas, Table, Lighting Fixtures, Plants",submitted,scaled_crop,2026-04-06T10:50:18.821625+00:00,00002337_scaled_crop.jpg,examples/dataset/images/scaled_crop_0792_00002337_scaled_crop.jpg
c1308ffd-2a87-45cf-b007-72caa26fa12c,20588560-c58a-43a8-835b-fe3aed230dec,Lounge,Sleek Charcoal,Cozy Family,Natural Daylight,Neutral,"Sofas, Table, Lighting Fixtures, Plants",submitted,horizontal_flip,2026-04-06T10:50:19.537641+00:00,00002337_horizontal_flip.jpg,examples/dataset/images/horizontal_flip_0793_00002337_horizontal_flip.jpg
8bb3c274-c457-4e96-b40a-eb73e62f374e,c2f9a4c1-0c1e-476f-ad53-3f5bdebe7736,Bedroom,Soft Beige,Guest,Warm Indoor Lighting,Pastel,"Bed, Lighting Fixtures",submitted,scaled_crop,2026-04-06T10:50:22.407802+00:00,00000274_scaled_crop.jpg,examples/dataset/images/scaled_crop_0794_00000274_scaled_crop.jpg
d3ba7a22-977b-4098-9e00-a296db0b7fdf,c2f9a4c1-0c1e-476f-ad53-3f5bdebe7736,Bedroom,Soft Beige,Guest,Warm Indoor Lighting,Pastel,"Bed, Lighting Fixtures",submitted,horizontal_flip,2026-04-06T10:50:23.228535+00:00,00000274_horizontal_flip.jpg,examples/dataset/images/horizontal_flip_0795_00000274_horizontal_flip.jpg
47aac964-ed4d-4289-9a85-3c09588d4d44,b5acc7df-5b6d-409b-86a2-8afddd9400da,Bedroom,Soft Beige,Guest,Natural Daylight,Warm,"Table, Chair, Bed, Lighting Fixtures",submitted,scaled_crop,2026-04-06T10:50:25.986715+00:00,00003985_scaled_crop.jpg,examples/dataset/images/scaled_crop_0796_00003985_scaled_crop.jpg
d862236b-aefb-4daa-a361-a34494648ec3,b5acc7df-5b6d-409b-86a2-8afddd9400da,Bedroom,Soft Beige,Guest,Natural Daylight,Warm,"Table, Chair, Bed, Lighting Fixtures",submitted,horizontal_flip,2026-04-06T10:50:26.703067+00:00,00003985_horizontal_flip.jpg,examples/dataset/images/horizontal_flip_0797_00003985_horizontal_flip.jpg
e990eb2d-b4e1-442d-b9bc-f75222ab4dc2,95e89368-afef-4a17-ad2b-9596ececa956,Lounge,Modern White,Cozy Family,Natural Daylight,Neutral,"Sofas, Table, Chair, Plants",submitted,scaled_crop,2026-04-06T10:50:29.516481+00:00,00004090_scaled_crop.jpg,examples/dataset/images/scaled_crop_0798_00004090_scaled_crop.jpg
2a7d3f4f-bf76-4705-936e-572c8f67a157,95e89368-afef-4a17-ad2b-9596ececa956,Lounge,Modern White,Cozy Family,Natural Daylight,Neutral,"Sofas, Table, Chair, Plants",submitted,horizontal_flip,2026-04-06T10:50:30.18603+00:00,00004090_horizontal_flip.jpg,examples/dataset/images/horizontal_flip_0799_00004090_horizontal_flip.jpg
e0e4f609-4243-49bc-b97e-f3245b285274,f4e6f7d5-380e-4e6b-b393-c7a4f05b5d67,Kitchen,Modern White,Open Concept,Natural Daylight,Neutral,"Shelves, Table, Chair, Lighting Fixtures",submitted,scaled_crop,2026-04-06T10:50:33.584095+00:00,00004327_scaled_crop.jpg,examples/dataset/images/scaled_crop_0800_00004327_scaled_crop.jpg
825656bc-4eab-42e0-8f61-cfb4e89f7968,f4e6f7d5-380e-4e6b-b393-c7a4f05b5d67,Kitchen,Modern White,Open Concept,Natural Daylight,Neutral,"Shelves, Table, Chair, Lighting Fixtures",submitted,horizontal_flip,2026-04-06T10:50:34.093511+00:00,00004327_horizontal_flip.jpg,examples/dataset/images/horizontal_flip_0801_00004327_horizontal_flip.jpg
131cc671-f921-4831-be99-bf3229fa09d3,ce2740b8-a720-450b-a9a4-e0a17da56460,Lounge,Emerald Green,Formal Entertaining,Natural Daylight,Neutral,"Sofas, Table, Chair, Lighting Fixtures",submitted,scaled_crop,2026-04-06T10:50:36.9455+00:00,00003378_scaled_crop.jpg,examples/dataset/images/scaled_crop_0802_00003378_scaled_crop.jpg
74715926-7b7a-45b5-be4c-34b041c495e9,ce2740b8-a720-450b-a9a4-e0a17da56460,Lounge,Emerald Green,Formal Entertaining,Natural Daylight,Neutral,"Sofas, Table, Chair, Lighting Fixtures",submitted,horizontal_flip,2026-04-06T10:50:37.665816+00:00,00003378_horizontal_flip.jpg,examples/dataset/images/horizontal_flip_0803_00003378_horizontal_flip.jpg
9c142b3a-b9a9-4ecc-9051-2b87c7f2be43,38174bf6-43db-46d2-a25e-ff0f6945cbdf,Lounge,Pastel Pink,Formal Entertaining,Natural Daylight,Neutral,"Sofas, Table, Lighting Fixtures",submitted,scaled_crop,2026-04-06T10:50:40.645412+00:00,00003488_scaled_crop.jpg,examples/dataset/images/scaled_crop_0804_00003488_scaled_crop.jpg
863c1b83-42da-4b1c-987e-fb5c73886f0b,38174bf6-43db-46d2-a25e-ff0f6945cbdf,Lounge,Pastel Pink,Formal Entertaining,Natural Daylight,Neutral,"Sofas, Table, Lighting Fixtures",submitted,horizontal_flip,2026-04-06T10:50:41.34695+00:00,00003488_horizontal_flip.jpg,examples/dataset/images/horizontal_flip_0805_00003488_horizontal_flip.jpg
a39ca1e6-f3a6-49f3-a800-e1449ef79b3b,c6a88e2d-29c5-4564-95e1-5e7b63df0790,Kitchen,Soft Beige,Open Concept,Natural Daylight,Neutral,"Shelves, Table, Chair, Lighting Fixtures",submitted,scaled_crop,2026-04-06T10:50:43.600564+00:00,00003590_scaled_crop.jpg,examples/dataset/images/scaled_crop_0806_00003590_scaled_crop.jpg
5bcf53a2-b89e-46be-af1d-5c4a14a8b4fe,c6a88e2d-29c5-4564-95e1-5e7b63df0790,Kitchen,Soft Beige,Open Concept,Natural Daylight,Neutral,"Shelves, Table, Chair, Lighting Fixtures",submitted,horizontal_flip,2026-04-06T10:50:44.32852+00:00,00003590_horizontal_flip.jpg,examples/dataset/images/horizontal_flip_0807_00003590_horizontal_flip.jpg
180f882d-d55b-438d-a747-ae38ce08c5d8,e64fc502-6b1d-44b6-9b2f-fb855253c6c3,Kitchen,Modern White,Open Concept,Natural Daylight,Pastel,"Shelves, Table, Chair, Lighting Fixtures",submitted,scaled_crop,2026-04-06T10:50:47.203857+00:00,00003688_scaled_crop.jpg,examples/dataset/images/scaled_crop_0808_00003688_scaled_crop.jpg
a69068cb-cba8-46d5-b92e-59e38b2aa505,e64fc502-6b1d-44b6-9b2f-fb855253c6c3,Kitchen,Modern White,Open Concept,Natural Daylight,Pastel,"Shelves, Table, Chair, Lighting Fixtures",submitted,horizontal_flip,2026-04-06T10:50:47.900149+00:00,00003688_horizontal_flip.jpg,examples/dataset/images/horizontal_flip_0809_00003688_horizontal_flip.jpg
d5c0fb19-abbe-4860-8ed3-08e25d3f90fc,25a11b5c-0eda-4389-9348-bdca3d0a1f12,Dining Room,Earthy Terracotta,Bistro Style,Natural Daylight,Neutral,"Table, Chair",submitted,scaled_crop,2026-04-06T10:50:51.280895+00:00,00002339_scaled_crop.jpg,examples/dataset/images/scaled_crop_0810_00002339_scaled_crop.jpg
dfdd3069-cd4d-4e3d-9b74-b0731f8d6d95,25a11b5c-0eda-4389-9348-bdca3d0a1f12,Dining Room,Earthy Terracotta,Bistro Style,Natural Daylight,Neutral,"Table, Chair",submitted,horizontal_flip,2026-04-06T10:50:51.99865+00:00,00002339_horizontal_flip.jpg,examples/dataset/images/horizontal_flip_0811_00002339_horizontal_flip.jpg
d5489cbe-0634-418a-9271-ffe174da82c7,6b99bfa0-d100-4d07-885e-0c39ead5723a,Lounge,Modern White,Cozy Family,LED Office Lighting,Neutral,"Sofas, Table, Lighting Fixtures",submitted,scaled_crop,2026-04-06T10:50:54.871673+00:00,00002386_scaled_crop.jpg,examples/dataset/images/scaled_crop_0812_00002386_scaled_crop.jpg
937c7802-f297-4d6e-bed7-d051489048e7,6b99bfa0-d100-4d07-885e-0c39ead5723a,Lounge,Modern White,Cozy Family,LED Office Lighting,Neutral,"Sofas, Table, Lighting Fixtures",submitted,horizontal_flip,2026-04-06T10:50:55.585076+00:00,00002386_horizontal_flip.jpg,examples/dataset/images/horizontal_flip_0813_00002386_horizontal_flip.jpg
682ed3eb-19a1-4e7b-89bb-581104654e1b,6130e13f-58fa-453c-b253-8bd4d8d9a219,Dining Room,Earthy Terracotta,Elegant Party,LED Office Lighting,Neutral,"Table, Chair, Lighting Fixtures",submitted,scaled_crop,2026-04-06T10:50:58.346321+00:00,00000019_scaled_crop.jpg,examples/dataset/images/scaled_crop_0814_00000019_scaled_crop.jpg
64548775-f30c-4bbe-b877-0b09f723ea88,6130e13f-58fa-453c-b253-8bd4d8d9a219,Dining Room,Earthy Terracotta,Elegant Party,LED Office Lighting,Neutral,"Table, Chair, Lighting Fixtures",submitted,horizontal_flip,2026-04-06T10:50:59.068197+00:00,00000019_horizontal_flip.jpg,examples/dataset/images/horizontal_flip_0815_00000019_horizontal_flip.jpg
3253e46b-e69f-4b9d-9a76-76ff98161916,0137be07-6278-4981-8ae8-29e601228b21,Bedroom,Sleek Charcoal,Minimalist Retreat,Natural Daylight,Neutral,"Table, Bed, Lighting Fixtures, Plants",submitted,scaled_crop,2026-04-06T10:51:02.24406+00:00,00001392_scaled_crop.jpg,examples/dataset/images/scaled_crop_0816_00001392_scaled_crop.jpg
f5e47137-fbad-4d29-9d47-cc1735afc27e,0137be07-6278-4981-8ae8-29e601228b21,Bedroom,Sleek Charcoal,Minimalist Retreat,Natural Daylight,Neutral,"Table, Bed, Lighting Fixtures, Plants",submitted,horizontal_flip,2026-04-06T10:51:02.961925+00:00,00001392_horizontal_flip.jpg,examples/dataset/images/horizontal_flip_0817_00001392_horizontal_flip.jpg
fc779584-10e9-43e7-a726-8d30630333d0,f3699d25-f06d-4ae7-aa60-dfe65b23d7e0,Dining Room,Soft Beige,Casual Family,Natural Daylight,Neutral,"Sofas, Table, Chair",submitted,scaled_crop,2026-04-06T10:51:05.727832+00:00,00001532_scaled_crop.jpg,examples/dataset/images/scaled_crop_0818_00001532_scaled_crop.jpg
574d0f57-3aa4-40e0-945b-2b6e5ea5e58f,f3699d25-f06d-4ae7-aa60-dfe65b23d7e0,Dining Room,Soft Beige,Casual Family,Natural Daylight,Neutral,"Sofas, Table, Chair",submitted,horizontal_flip,2026-04-06T10:51:06.445672+00:00,00001532_horizontal_flip.jpg,examples/dataset/images/horizontal_flip_0819_00001532_horizontal_flip.jpg
a57925bc-0146-40f8-abdf-a9890aa60fd0,d2a1b25b-a8e6-4142-876a-edf604638c19,Lounge,Modern White,Formal Entertaining,Natural Daylight,Neutral,"Sofas, Table, Chair, Lighting Fixtures, Plants",submitted,scaled_crop,2026-04-06T10:51:09.226349+00:00,00004095_scaled_crop.jpg,examples/dataset/images/scaled_crop_0820_00004095_scaled_crop.jpg
0641e64c-304b-44a7-add3-eb30c8322bf0,d2a1b25b-a8e6-4142-876a-edf604638c19,Lounge,Modern White,Formal Entertaining,Natural Daylight,Neutral,"Sofas, Table, Chair, Lighting Fixtures, Plants",submitted,horizontal_flip,2026-04-06T10:51:09.932627+00:00,00004095_horizontal_flip.jpg,examples/dataset/images/horizontal_flip_0821_00004095_horizontal_flip.jpg
b74a31ba-d3eb-42dd-bed0-453a26bd76f3,b703cbe8-7342-47c4-967b-2a87e108aa0a,Lounge,Royal Blue,Formal Entertaining,Natural Daylight,Neutral,"Shelves, Table, Chair, Lighting Fixtures, Plants",submitted,scaled_crop,2026-04-06T10:51:11.916213+00:00,00004330_scaled_crop.jpg,examples/dataset/images/scaled_crop_0822_00004330_scaled_crop.jpg
fb872c18-df53-4c3b-971a-bf022e3ff1b3,b703cbe8-7342-47c4-967b-2a87e108aa0a,Lounge,Royal Blue,Formal Entertaining,Natural Daylight,Neutral,"Shelves, Table, Chair, Lighting Fixtures, Plants",submitted,horizontal_flip,2026-04-06T10:51:12.587923+00:00,00004330_horizontal_flip.jpg,examples/dataset/images/horizontal_flip_0823_00004330_horizontal_flip.jpg
033040a5-a079-4abb-9d1e-982a1c3be51e,041dab7b-aaaf-4641-b6a7-9133332b4e15,Lounge,Modern White,Cozy Family,Warm Indoor Lighting,Neutral,"Sofas, Table, Lighting Fixtures",submitted,scaled_crop,2026-04-06T10:51:15.242889+00:00,00003386_scaled_crop.jpg,examples/dataset/images/scaled_crop_0824_00003386_scaled_crop.jpg
a315c348-e304-4187-bf60-2a4f8a2421e1,041dab7b-aaaf-4641-b6a7-9133332b4e15,Lounge,Modern White,Cozy Family,Warm Indoor Lighting,Neutral,"Sofas, Table, Lighting Fixtures",submitted,horizontal_flip,2026-04-06T10:51:15.961007+00:00,00003386_horizontal_flip.jpg,examples/dataset/images/horizontal_flip_0825_00003386_horizontal_flip.jpg
5d6a9664-2bed-4161-a268-f433dabd59e1,8ae533ce-c1c6-493e-b626-012203b2d931,Lounge,Modern White,Formal Entertaining,Natural Daylight,Neutral,"Sofas, Table, Lighting Fixtures",submitted,scaled_crop,2026-04-06T10:51:18.728813+00:00,00003493_scaled_crop.jpg,examples/dataset/images/scaled_crop_0826_00003493_scaled_crop.jpg
0e3f2919-2fe8-4c59-a8a8-60b176f59531,8ae533ce-c1c6-493e-b626-012203b2d931,Lounge,Modern White,Formal Entertaining,Natural Daylight,Neutral,"Sofas, Table, Lighting Fixtures",submitted,horizontal_flip,2026-04-06T10:51:19.370225+00:00,00003493_horizontal_flip.jpg,examples/dataset/images/horizontal_flip_0827_00003493_horizontal_flip.jpg
486bab19-75cf-47dc-b5a5-ac325543df38,04d4f0bb-bdf4-4c6b-84e0-bbeca258ae9c,Lounge,Modern White,Home Theater,Warm Indoor Lighting,Neutral,"Sofas, Table, Lighting Fixtures, Plants",submitted,scaled_crop,2026-04-06T10:51:21.797665+00:00,00003592_scaled_crop.jpg,examples/dataset/images/scaled_crop_0828_00003592_scaled_crop.jpg
b5f804b1-214f-48b9-8b73-6266353464f0,04d4f0bb-bdf4-4c6b-84e0-bbeca258ae9c,Lounge,Modern White,Home Theater,Warm Indoor Lighting,Neutral,"Sofas, Table, Lighting Fixtures, Plants",submitted,horizontal_flip,2026-04-06T10:51:22.53126+00:00,00003592_horizontal_flip.jpg,examples/dataset/images/horizontal_flip_0829_00003592_horizontal_flip.jpg
c2307dfa-d5e0-4194-9934-0c0ec7316d48,bc89ee50-2c2d-4c20-8008-e5fca6fbc1f1,Bedroom,Soft Beige,Couple,Natural Daylight,Warm,"Desks, Sofas, Bed",submitted,scaled_crop,2026-04-06T10:51:25.601151+00:00,00001187_scaled_crop.jpg,examples/dataset/images/scaled_crop_0830_00001187_scaled_crop.jpg
52567124-d585-4b82-a064-42099777e7be,bc89ee50-2c2d-4c20-8008-e5fca6fbc1f1,Bedroom,Soft Beige,Couple,Natural Daylight,Warm,"Desks, Sofas, Bed",submitted,horizontal_flip,2026-04-06T10:51:26.1578+00:00,00001187_horizontal_flip.jpg,examples/dataset/images/horizontal_flip_0831_00001187_horizontal_flip.jpg
1568a78d-f40f-412c-8802-3cdf1da09528,486f8ba9-d8b7-4b0b-90dc-2dbb74126212,Bedroom,Soft Beige,Adults,Warm Indoor Lighting,Warm,"Sofas, Shelves, Table, Bed, Lighting Fixtures",submitted,scaled_crop,2026-04-06T10:51:29.425922+00:00,00003689_scaled_crop.jpg,examples/dataset/images/scaled_crop_0832_00003689_scaled_crop.jpg
94439124-a60c-4c10-8dcf-4af5fb6e38b2,486f8ba9-d8b7-4b0b-90dc-2dbb74126212,Bedroom,Soft Beige,Adults,Warm Indoor Lighting,Warm,"Sofas, Shelves, Table, Bed, Lighting Fixtures",submitted,horizontal_flip,2026-04-06T10:51:30.091486+00:00,00003689_horizontal_flip.jpg,examples/dataset/images/horizontal_flip_0833_00003689_horizontal_flip.jpg
85cef2e9-7b5e-4cb7-8fb0-6fb7fde56097,5eed38a3-6e5b-467f-9f3a-fc9021472a09,Lounge,Royal Blue,Formal Entertaining,LED Office Lighting,Pastel,"Sofas, Table, Lighting Fixtures",submitted,scaled_crop,2026-04-06T10:51:32.858815+00:00,00002341_scaled_crop.jpg,examples/dataset/images/scaled_crop_0834_00002341_scaled_crop.jpg
e6bb699f-f9fb-4ac1-ae54-0301f2314f1b,5eed38a3-6e5b-467f-9f3a-fc9021472a09,Lounge,Royal Blue,Formal Entertaining,LED Office Lighting,Pastel,"Sofas, Table, Lighting Fixtures",submitted,horizontal_flip,2026-04-06T10:51:33.475369+00:00,00002341_horizontal_flip.jpg,examples/dataset/images/horizontal_flip_0835_00002341_horizontal_flip.jpg
d1d98aa0-a03f-45cf-a994-eefdc39cffe3,8f0261f0-251d-4edf-bd4a-59b79a8b40a8,Lounge,Modern White,Cozy Family,LED Office Lighting,Neutral,"Sofas, Table",submitted,scaled_crop,2026-04-06T10:51:36.350615+00:00,00002388_scaled_crop.jpg,examples/dataset/images/scaled_crop_0836_00002388_scaled_crop.jpg
ebb543b1-bc3f-435b-b8a0-f6f99a7c9d58,8f0261f0-251d-4edf-bd4a-59b79a8b40a8,Lounge,Modern White,Cozy Family,LED Office Lighting,Neutral,"Sofas, Table",submitted,horizontal_flip,2026-04-06T10:51:37.074705+00:00,00002388_horizontal_flip.jpg,examples/dataset/images/horizontal_flip_0837_00002388_horizontal_flip.jpg
ee756823-d30f-4dbc-b5cb-44bcc5e463ad,b20515fb-d11f-4251-abf9-ea667ba8965c,Dining Room,Modern White,Formal,Natural Daylight,Neutral,"Table, Chair, Lighting Fixtures",submitted,scaled_crop,2026-04-06T10:51:39.951351+00:00,00003991_scaled_crop.jpg,examples/dataset/images/scaled_crop_0838_00003991_scaled_crop.jpg
4e180545-3316-4b62-bb63-8a5ccbf8d59a,b20515fb-d11f-4251-abf9-ea667ba8965c,Dining Room,Modern White,Formal,Natural Daylight,Neutral,"Table, Chair, Lighting Fixtures",submitted,horizontal_flip,2026-04-06T10:51:40.620191+00:00,00003991_horizontal_flip.jpg,examples/dataset/images/horizontal_flip_0839_00003991_horizontal_flip.jpg
f626ec5d-6dcf-4754-b29a-2027775e63e7,0c701d3f-51f6-42f4-ab28-04c4355013a9,Bedroom,Emerald Green,Adults,Natural Daylight,Neutral,"Sofas, Table, Bed, Lighting Fixtures",submitted,scaled_crop,2026-04-06T10:51:42.686585+00:00,00004098_scaled_crop.jpg,examples/dataset/images/scaled_crop_0840_00004098_scaled_crop.jpg
0ffc2b77-ab93-4676-a83d-b463f108692b,0c701d3f-51f6-42f4-ab28-04c4355013a9,Bedroom,Emerald Green,Adults,Natural Daylight,Neutral,"Sofas, Table, Bed, Lighting Fixtures",submitted,horizontal_flip,2026-04-06T10:51:43.403159+00:00,00004098_horizontal_flip.jpg,examples/dataset/images/horizontal_flip_0841_00004098_horizontal_flip.jpg
979ce067-1d34-4a50-8ccc-9b3b5943fd65,b2dae852-b11b-4dc1-87ae-773103b9125d,Lounge,Earthy Terracotta,Formal Entertaining,Warm Indoor Lighting,Warm,"Sofas, Shelves, Table, Chair, Lighting Fixtures",submitted,scaled_crop,2026-04-06T10:51:45.669497+00:00,00004229_scaled_crop.jpg,examples/dataset/images/scaled_crop_0842_00004229_scaled_crop.jpg
2222d095-8156-4dca-96d0-7e207111e0c5,b2dae852-b11b-4dc1-87ae-773103b9125d,Lounge,Earthy Terracotta,Formal Entertaining,Warm Indoor Lighting,Warm,"Sofas, Shelves, Table, Chair, Lighting Fixtures",submitted,horizontal_flip,2026-04-06T10:51:46.431537+00:00,00004229_horizontal_flip.jpg,examples/dataset/images/horizontal_flip_0843_00004229_horizontal_flip.jpg
500197d2-9ff1-4338-92c3-e0ef7cbf7994,5fda4c5c-5cbe-404b-b486-90112f2b849c,Dining Room,Sleek Charcoal,Elegant Party,Warm Indoor Lighting,Dark Mode,"Sofas, Table, Chair, Lighting Fixtures",submitted,scaled_crop,2026-04-06T10:51:48.844075+00:00,00004332_scaled_crop.jpg,examples/dataset/images/scaled_crop_0844_00004332_scaled_crop.jpg
d1010701-ba54-4f8a-9d43-8f56c83a6a7c,5fda4c5c-5cbe-404b-b486-90112f2b849c,Dining Room,Sleek Charcoal,Elegant Party,Warm Indoor Lighting,Dark Mode,"Sofas, Table, Chair, Lighting Fixtures",submitted,horizontal_flip,2026-04-06T10:51:49.561042+00:00,00004332_horizontal_flip.jpg,examples/dataset/images/horizontal_flip_0845_00004332_horizontal_flip.jpg
d3bd9dbe-f54e-494e-b2b5-bfcc96889ec2,4caeb327-8db7-4e86-9a39-50313653b6ab,Bedroom,Pastel Pink,Kids,Natural Daylight,Pastel,"Sofas, Bed, Lighting Fixtures",submitted,scaled_crop,2026-04-06T10:51:51.922706+00:00,00000574_scaled_crop.jpg,examples/dataset/images/scaled_crop_0846_00000574_scaled_crop.jpg
d6f880d8-94be-4323-ba92-35f5c27ab847,4caeb327-8db7-4e86-9a39-50313653b6ab,Bedroom,Pastel Pink,Kids,Natural Daylight,Pastel,"Sofas, Bed, Lighting Fixtures",submitted,horizontal_flip,2026-04-06T10:51:52.657349+00:00,00000574_horizontal_flip.jpg,examples/dataset/images/horizontal_flip_0847_00000574_horizontal_flip.jpg
6d5656e4-c7ab-4ca5-ad2d-635966e84751,eba15d31-f4e7-40fc-b483-17a0d9cce8a6,Lounge,Earthy Terracotta,Cozy Family,Warm Indoor Lighting,Warm,"Sofas, Table, Lighting Fixtures",submitted,scaled_crop,2026-04-06T10:51:55.401476+00:00,00002284_scaled_crop.jpg,examples/dataset/images/scaled_crop_0848_00002284_scaled_crop.jpg
6a957521-b267-4290-8d5f-862815f0a0d6,eba15d31-f4e7-40fc-b483-17a0d9cce8a6,Lounge,Earthy Terracotta,Cozy Family,Warm Indoor Lighting,Warm,"Sofas, Table, Lighting Fixtures",submitted,horizontal_flip,2026-04-06T10:51:56.106583+00:00,00002284_horizontal_flip.jpg,examples/dataset/images/horizontal_flip_0849_00002284_horizontal_flip.jpg
c0b184b7-2244-4c20-9a57-e74c85bd8866,fc9372a5-06be-4273-b7ea-09310a72cde3,Lounge,Modern White,Cozy Family,Natural Daylight,Neutral,"Sofas, Shelves, Table, Chair, Plants",submitted,scaled_crop,2026-04-06T10:51:59.1846+00:00,00003694_scaled_crop.jpg,examples/dataset/images/scaled_crop_0850_00003694_scaled_crop.jpg
a1c2fd5a-63dc-431c-abe9-9bf0c7b36cd7,fc9372a5-06be-4273-b7ea-09310a72cde3,Lounge,Modern White,Cozy Family,Natural Daylight,Neutral,"Sofas, Shelves, Table, Chair, Plants",submitted,horizontal_flip,2026-04-06T10:51:59.789718+00:00,00003694_horizontal_flip.jpg,examples/dataset/images/horizontal_flip_0851_00003694_horizontal_flip.jpg
f0ab6968-c504-4c82-8452-3d3d99170933,34f63b96-26d1-4a4b-8621-961f1cff3f9d,Bedroom,Modern White,Guest,Natural Daylight,Neutral,"Table, Bed, Lighting Fixtures, Plants",submitted,scaled_crop,2026-04-06T10:52:02.341197+00:00,00003786_scaled_crop.jpg,examples/dataset/images/scaled_crop_0852_00003786_scaled_crop.jpg
2a09c346-c56e-42bd-814c-214a3b2a2431,34f63b96-26d1-4a4b-8621-961f1cff3f9d,Bedroom,Modern White,Guest,Natural Daylight,Neutral,"Table, Bed, Lighting Fixtures, Plants",submitted,horizontal_flip,2026-04-06T10:52:03.586257+00:00,00003786_horizontal_flip.jpg,examples/dataset/images/horizontal_flip_0853_00003786_horizontal_flip.jpg
3fbed107-22d1-49b3-a944-4e7d9c06d0db,81d43b2c-0bd8-4b02-9c15-628d6e3b75f3,Bedroom,Soft Beige,Couple,Warm Indoor Lighting,Pastel,"Table, Chair, Bed, Lighting Fixtures",submitted,scaled_crop,2026-04-06T10:52:06.405917+00:00,00002342_scaled_crop.jpg,examples/dataset/images/scaled_crop_0854_00002342_scaled_crop.jpg
0e6743a6-6c49-4ea3-aa08-9b690d87ac61,81d43b2c-0bd8-4b02-9c15-628d6e3b75f3,Bedroom,Soft Beige,Couple,Warm Indoor Lighting,Pastel,"Table, Chair, Bed, Lighting Fixtures",submitted,horizontal_flip,2026-04-06T10:52:07.080736+00:00,00002342_horizontal_flip.jpg,examples/dataset/images/horizontal_flip_0855_00002342_horizontal_flip.jpg
ad305386-bc14-448c-90d5-cacf1b2d02ef,2f39be52-39f4-4790-ab27-fcafbc96aeb0,Lounge,Soft Beige,Cozy Family,LED Office Lighting,Neutral,"Sofas, Shelves, Table, Chair, Lighting Fixtures",submitted,scaled_crop,2026-04-06T10:52:09.834746+00:00,00002389_scaled_crop.jpg,examples/dataset/images/scaled_crop_0856_00002389_scaled_crop.jpg
ac67ca05-6b77-45fd-a6e8-a1ff5baebf88,2f39be52-39f4-4790-ab27-fcafbc96aeb0,Lounge,Soft Beige,Cozy Family,LED Office Lighting,Neutral,"Sofas, Shelves, Table, Chair, Lighting Fixtures",submitted,horizontal_flip,2026-04-06T10:52:10.605922+00:00,00002389_horizontal_flip.jpg,examples/dataset/images/horizontal_flip_0857_00002389_horizontal_flip.jpg
7b7deccb-b61e-476c-af9b-f507ef6ab085,4cbc2574-05a2-4f4e-9ee4-8c237dbfe429,Kitchen,Earthy Terracotta,Professional Chef,Natural Daylight,Warm,Table,submitted,scaled_crop,2026-04-06T10:52:12.498243+00:00,00000098_scaled_crop.jpg,examples/dataset/images/scaled_crop_0858_00000098_scaled_crop.jpg
2b068028-321a-4b3d-9a6e-28efc19f402e,4cbc2574-05a2-4f4e-9ee4-8c237dbfe429,Kitchen,Earthy Terracotta,Professional Chef,Natural Daylight,Warm,Table,submitted,horizontal_flip,2026-04-06T10:52:13.204103+00:00,00000098_horizontal_flip.jpg,examples/dataset/images/horizontal_flip_0859_00000098_horizontal_flip.jpg
9ddca366-1a22-4114-b3c8-66c36fb4a6dc,2f7df94a-d26f-4ef2-ba9b-755c26e90c36,Bedroom,Modern White,Minimalist Retreat,Warm Indoor Lighting,Neutral,"Table, Bed, Lighting Fixtures",submitted,scaled_crop,2026-04-06T10:52:15.968286+00:00,00001403_scaled_crop.jpg,examples/dataset/images/scaled_crop_0860_00001403_scaled_crop.jpg
26165728-1c91-4fcb-b3cf-2ebeb85217f7,2f7df94a-d26f-4ef2-ba9b-755c26e90c36,Bedroom,Modern White,Minimalist Retreat,Warm Indoor Lighting,Neutral,"Table, Bed, Lighting Fixtures",submitted,horizontal_flip,2026-04-06T10:52:16.679175+00:00,00001403_horizontal_flip.jpg,examples/dataset/images/horizontal_flip_0861_00001403_horizontal_flip.jpg
c196afa0-fcf5-4384-9920-ba18395d45a6,d5398849-8b93-4744-9fd4-66929c5d3969,Bedroom,Soft Beige,Minimalist Retreat,LED Office Lighting,Neutral,"Bed, Lighting Fixtures, Plants",submitted,scaled_crop,2026-04-06T10:52:19.462812+00:00,00001543_scaled_crop.jpg,examples/dataset/images/scaled_crop_0862_00001543_scaled_crop.jpg
25094789-1856-4346-b54a-e8352a98645c,d5398849-8b93-4744-9fd4-66929c5d3969,Bedroom,Soft Beige,Minimalist Retreat,LED Office Lighting,Neutral,"Bed, Lighting Fixtures, Plants",submitted,horizontal_flip,2026-04-06T10:52:20.177135+00:00,00001543_horizontal_flip.jpg,examples/dataset/images/horizontal_flip_0863_00001543_horizontal_flip.jpg
ddf62831-aa99-4845-8dba-b5f7fca0c89a,f8eb5b8e-3391-4731-9261-729d207e5ea6,Dining Room,Earthy Terracotta,Elegant Party,Warm Indoor Lighting,Warm,"Shelves, Table, Chair, Lighting Fixtures, Plants",submitted,scaled_crop,2026-04-06T10:52:23.188587+00:00,00004107_scaled_crop.jpg,examples/dataset/images/scaled_crop_0864_00004107_scaled_crop.jpg
de84c34d-cf9a-410f-be2c-6d447945c0c1,f8eb5b8e-3391-4731-9261-729d207e5ea6,Dining Room,Earthy Terracotta,Elegant Party,Warm Indoor Lighting,Warm,"Shelves, Table, Chair, Lighting Fixtures, Plants",submitted,horizontal_flip,2026-04-06T10:52:23.866601+00:00,00004107_horizontal_flip.jpg,examples/dataset/images/horizontal_flip_0865_00004107_horizontal_flip.jpg
086c291c-aa94-4a91-8285-dedcd004e7af,a06f53cb-f692-4cae-8578-5ab75518514d,Kitchen,Earthy Terracotta,Small Family,Natural Daylight,Warm,"Shelves, Table, Chair, Lighting Fixtures",submitted,scaled_crop,2026-04-06T10:52:26.013191+00:00,00004233_scaled_crop.jpg,examples/dataset/images/scaled_crop_0866_00004233_scaled_crop.jpg
ce7877b9-f6cd-4f27-a78f-28c2ebda0851,a06f53cb-f692-4cae-8578-5ab75518514d,Kitchen,Earthy Terracotta,Small Family,Natural Daylight,Warm,"Shelves, Table, Chair, Lighting Fixtures",submitted,horizontal_flip,2026-04-06T10:52:26.634809+00:00,00004233_horizontal_flip.jpg,examples/dataset/images/horizontal_flip_0867_00004233_horizontal_flip.jpg
15546308-c979-4bb4-9c62-97460dc8fbe7,2c7eba0f-3f63-48b8-947b-6e23672c68d6,Dining Room,Earthy Terracotta,Elegant Party,Warm Indoor Lighting,Dark Mode,"Table, Chair, Lighting Fixtures",submitted,scaled_crop,2026-04-06T10:52:29.595604+00:00,00000421_scaled_crop.jpg,examples/dataset/images/scaled_crop_0868_00000421_scaled_crop.jpg
f76c850f-1520-4d84-a649-a089786c463a,2c7eba0f-3f63-48b8-947b-6e23672c68d6,Dining Room,Earthy Terracotta,Elegant Party,Warm Indoor Lighting,Dark Mode,"Table, Chair, Lighting Fixtures",submitted,horizontal_flip,2026-04-06T10:52:30.321963+00:00,00000421_horizontal_flip.jpg,examples/dataset/images/horizontal_flip_0869_00000421_horizontal_flip.jpg
c00a3b94-e163-4363-b30d-c302f3544e24,0e1efa29-1a3a-4d08-a813-bc017982c5c5,Kitchen,Earthy Terracotta,Small Family,Warm Indoor Lighting,Warm,"Shelves, Table",submitted,scaled_crop,2026-04-06T10:52:34.211362+00:00,00000431_scaled_crop.jpg,examples/dataset/images/scaled_crop_0870_00000431_scaled_crop.jpg
f6d68472-b5f4-4ab6-983d-f36c0825433b,0e1efa29-1a3a-4d08-a813-bc017982c5c5,Kitchen,Earthy Terracotta,Small Family,Warm Indoor Lighting,Warm,"Shelves, Table",submitted,horizontal_flip,2026-04-06T10:52:34.779204+00:00,00000431_horizontal_flip.jpg,examples/dataset/images/horizontal_flip_0871_00000431_horizontal_flip.jpg
9c92dcd3-e3a7-47f6-9ec1-beaa41ce5793,493bd05c-3940-49ab-9f10-ab407f53d657,Bedroom,Earthy Terracotta,Couple,Warm Indoor Lighting,Warm,"Shelves, Lighting Fixtures",submitted,scaled_crop,2026-04-06T10:52:36.8607+00:00,00000254_scaled_crop.jpg,examples/dataset/images/scaled_crop_0872_00000254_scaled_crop.jpg
4d04d08a-5e06-4c60-8413-8deddcd51d3a,493bd05c-3940-49ab-9f10-ab407f53d657,Bedroom,Earthy Terracotta,Couple,Warm Indoor Lighting,Warm,"Shelves, Lighting Fixtures",submitted,horizontal_flip,2026-04-06T10:52:37.46807+00:00,00000254_horizontal_flip.jpg,examples/dataset/images/horizontal_flip_0873_00000254_horizontal_flip.jpg
44e9c54d-1f91-4b72-a944-e3247564c164,a58f4fe9-b9ea-4261-be73-0cd442841899,Bedroom,Sleek Charcoal,Master Suite,Natural Daylight,Neutral,"Chair, Bed, Plants",submitted,scaled_crop,2026-04-06T10:52:40.46147+00:00,00000422_scaled_crop.jpg,examples/dataset/images/scaled_crop_0874_00000422_scaled_crop.jpg
5de83fe9-3dde-4df3-b565-c20d87d05477,a58f4fe9-b9ea-4261-be73-0cd442841899,Bedroom,Sleek Charcoal,Master Suite,Natural Daylight,Neutral,"Chair, Bed, Plants",submitted,horizontal_flip,2026-04-06T10:52:41.185527+00:00,00000422_horizontal_flip.jpg,examples/dataset/images/horizontal_flip_0875_00000422_horizontal_flip.jpg
9cb631ad-f891-4ddc-a4c5-1ce47537858e,4e6249f6-4866-4b0b-8cdf-272386dfd854,Dining Room,Soft Beige,Rustic,Warm Indoor Lighting,Warm,"Table, Chair, Lighting Fixtures",submitted,scaled_crop,2026-04-06T10:52:45.280817+00:00,00002245_scaled_crop.jpg,examples/dataset/images/scaled_crop_0876_00002245_scaled_crop.jpg
a032fdc2-b6fb-45fd-a3e5-6632838ae922,4e6249f6-4866-4b0b-8cdf-272386dfd854,Dining Room,Soft Beige,Rustic,Warm Indoor Lighting,Warm,"Table, Chair, Lighting Fixtures",submitted,horizontal_flip,2026-04-06T10:52:45.97057+00:00,00002245_horizontal_flip.jpg,examples/dataset/images/horizontal_flip_0877_00002245_horizontal_flip.jpg
d1cc1fe1-8345-44fe-8e50-0ba7432151e3,a8a10482-a11f-440a-8b83-8f5c7e23faa3,Dining Room,Sleek Charcoal,Formal,Warm Indoor Lighting,Warm,"Sofas, Table, Chair, Lighting Fixtures",submitted,scaled_crop,2026-04-06T10:52:48.837967+00:00,00002249_scaled_crop.jpg,examples/dataset/images/scaled_crop_0878_00002249_scaled_crop.jpg
283508fd-1927-42eb-b232-06e88e6785f1,a8a10482-a11f-440a-8b83-8f5c7e23faa3,Dining Room,Sleek Charcoal,Formal,Warm Indoor Lighting,Warm,"Sofas, Table, Chair, Lighting Fixtures",submitted,horizontal_flip,2026-04-06T10:52:49.54877+00:00,00002249_horizontal_flip.jpg,examples/dataset/images/horizontal_flip_0879_00002249_horizontal_flip.jpg
bca1d7b0-592b-4a26-af04-975212c9c3aa,268865f9-d0e0-40e6-acc1-0ffc95fb0660,Lounge,Modern White,Social Hub,Natural Daylight,Neutral,"Sofas, Table, Chair",submitted,scaled_crop,2026-04-06T10:52:52.735406+00:00,00002251_scaled_crop.jpg,examples/dataset/images/scaled_crop_0880_00002251_scaled_crop.jpg
6a2687fe-3efd-4bde-bce1-d4105beba88d,268865f9-d0e0-40e6-acc1-0ffc95fb0660,Lounge,Modern White,Social Hub,Natural Daylight,Neutral,"Sofas, Table, Chair",submitted,horizontal_flip,2026-04-06T10:52:53.455732+00:00,00002251_horizontal_flip.jpg,examples/dataset/images/horizontal_flip_0881_00002251_horizontal_flip.jpg
1c7a12e9-9423-4609-8528-80a5ba65808d,d37a5daf-4ef2-4978-8a2b-58eb159b8ccf,Lounge,Modern White,Social Hub,Natural Daylight,Pastel,"Sofas, Table, Lighting Fixtures",submitted,scaled_crop,2026-04-06T10:52:56.209814+00:00,00002263_scaled_crop.jpg,examples/dataset/images/scaled_crop_0882_00002263_scaled_crop.jpg
fb7dc85e-7b4d-4446-87f4-16b60b1d488f,d37a5daf-4ef2-4978-8a2b-58eb159b8ccf,Lounge,Modern White,Social Hub,Natural Daylight,Pastel,"Sofas, Table, Lighting Fixtures",submitted,horizontal_flip,2026-04-06T10:52:56.92938+00:00,00002263_horizontal_flip.jpg,examples/dataset/images/horizontal_flip_0883_00002263_horizontal_flip.jpg
b3cef498-682c-4124-9d4b-3d2276c773b3,8e6e2481-24da-4b19-93ed-205ba4e19a48,Kitchen,Soft Beige,Small Family,Natural Daylight,Pastel,"Table, Chair",submitted,scaled_crop,2026-04-06T10:53:00.238715+00:00,00002265_scaled_crop.jpg,examples/dataset/images/scaled_crop_0884_00002265_scaled_crop.jpg
091f9768-bb91-4e68-bc1f-b26c290fb18f,8e6e2481-24da-4b19-93ed-205ba4e19a48,Kitchen,Soft Beige,Small Family,Natural Daylight,Pastel,"Table, Chair",submitted,horizontal_flip,2026-04-06T10:53:00.895845+00:00,00002265_horizontal_flip.jpg,examples/dataset/images/horizontal_flip_0885_00002265_horizontal_flip.jpg
58ad2cad-5596-4c26-8c19-cbb98e93bd7c,371701a3-d53c-4be8-860d-1a32c5090d2e,Lounge,Modern White,Social Hub,Natural Daylight,Neutral,"Desks, Sofas, Table, Chair",submitted,scaled_crop,2026-04-06T10:53:04.103027+00:00,00002268_scaled_crop.jpg,examples/dataset/images/scaled_crop_0886_00002268_scaled_crop.jpg
53f00482-6614-417e-b88c-e87b59a6667d,371701a3-d53c-4be8-860d-1a32c5090d2e,Lounge,Modern White,Social Hub,Natural Daylight,Neutral,"Desks, Sofas, Table, Chair",submitted,horizontal_flip,2026-04-06T10:53:04.831325+00:00,00002268_horizontal_flip.jpg,examples/dataset/images/horizontal_flip_0887_00002268_horizontal_flip.jpg
8785efcc-4d74-4058-b647-326e993c3f07,04ddfa3f-3677-4eca-8c65-c60c002c69a0,Lounge,Sleek Charcoal,Home Theater,LED Office Lighting,Dark Mode,"Sofas, Shelves, Table, Lighting Fixtures",submitted,scaled_crop,2026-04-06T10:53:07.892661+00:00,00002274_scaled_crop.jpg,examples/dataset/images/scaled_crop_0888_00002274_scaled_crop.jpg
be21213a-ff1f-48a3-b538-e9301d0c7f3d,04ddfa3f-3677-4eca-8c65-c60c002c69a0,Lounge,Sleek Charcoal,Home Theater,LED Office Lighting,Dark Mode,"Sofas, Shelves, Table, Lighting Fixtures",submitted,horizontal_flip,2026-04-06T10:53:08.571027+00:00,00002274_horizontal_flip.jpg,examples/dataset/images/horizontal_flip_0889_00002274_horizontal_flip.jpg
0af42941-3eaa-4a27-abc9-aeddaf67d91c,df2f1cf0-6837-479a-bd80-294df3668a67,Lounge,Pastel Pink,Social Hub,Natural Daylight,Neutral,"Sofas, Table, Plants",submitted,scaled_crop,2026-04-06T10:53:11.392801+00:00,00002279_scaled_crop.jpg,examples/dataset/images/scaled_crop_0890_00002279_scaled_crop.jpg
0835ac1d-8829-4877-b38b-abe76e36869f,df2f1cf0-6837-479a-bd80-294df3668a67,Lounge,Pastel Pink,Social Hub,Natural Daylight,Neutral,"Sofas, Table, Plants",submitted,horizontal_flip,2026-04-06T10:53:12.098731+00:00,00002279_horizontal_flip.jpg,examples/dataset/images/horizontal_flip_0891_00002279_horizontal_flip.jpg
a721864c-a339-4986-97fc-28c120ad04c2,3fb93382-c74d-48b5-8c46-b8c37c981cf2,Dining Room,Modern White,Casual Family,Natural Daylight,Pastel,"Table, Chair, Lighting Fixtures",submitted,scaled_crop,2026-04-06T10:53:14.990945+00:00,00002281_scaled_crop.jpg,examples/dataset/images/scaled_crop_0892_00002281_scaled_crop.jpg
b157d325-d057-4a23-88c7-72541ec00794,3fb93382-c74d-48b5-8c46-b8c37c981cf2,Dining Room,Modern White,Casual Family,Natural Daylight,Pastel,"Table, Chair, Lighting Fixtures",submitted,horizontal_flip,2026-04-06T10:53:15.667059+00:00,00002281_horizontal_flip.jpg,examples/dataset/images/horizontal_flip_0893_00002281_horizontal_flip.jpg
38df9146-3d11-4069-8e9b-0807b31d5ae8,cf89580f-10a4-458c-8798-79331741be6b,Dining Room,Sleek Charcoal,Casual Family,LED Office Lighting,Neutral,"Shelves, Table, Chair, Lighting Fixtures",submitted,scaled_crop,2026-04-06T10:53:17.919722+00:00,00002288_scaled_crop.jpg,examples/dataset/images/scaled_crop_0894_00002288_scaled_crop.jpg
5bb10179-0f4f-4920-b121-da780b8daf41,cf89580f-10a4-458c-8798-79331741be6b,Dining Room,Sleek Charcoal,Casual Family,LED Office Lighting,Neutral,"Shelves, Table, Chair, Lighting Fixtures",submitted,horizontal_flip,2026-04-06T10:53:18.6588+00:00,00002288_horizontal_flip.jpg,examples/dataset/images/horizontal_flip_0895_00002288_horizontal_flip.jpg
d333386c-b67c-41f2-bac3-7f4dcdc96c02,fbb84033-a48d-4fa3-9173-1c8ef01cbafa,Kitchen,Earthy Terracotta,Small Family,Natural Daylight,Warm,"Table, Chair, Lighting Fixtures",submitted,scaled_crop,2026-04-06T10:53:21.208092+00:00,00002291_scaled_crop.jpg,examples/dataset/images/scaled_crop_0896_00002291_scaled_crop.jpg
e3d07042-5031-4d06-90c3-f4020d20292d,fbb84033-a48d-4fa3-9173-1c8ef01cbafa,Kitchen,Earthy Terracotta,Small Family,Natural Daylight,Warm,"Table, Chair, Lighting Fixtures",submitted,horizontal_flip,2026-04-06T10:53:21.914077+00:00,00002291_horizontal_flip.jpg,examples/dataset/images/horizontal_flip_0897_00002291_horizontal_flip.jpg
bbb39c21-d156-446b-85b3-22fe5336a52e,ee74a8b8-ef86-4557-baa3-b8fd1f4b47e8,Dining Room,Sleek Charcoal,Elegant Party,Natural Daylight,Neutral,"Table, Chair, Lighting Fixtures",submitted,scaled_crop,2026-04-06T10:53:24.899848+00:00,00002299_scaled_crop.jpg,examples/dataset/images/scaled_crop_0898_00002299_scaled_crop.jpg
4ffa2a16-7ad6-433d-9c8c-dc3a610ef11b,ee74a8b8-ef86-4557-baa3-b8fd1f4b47e8,Dining Room,Sleek Charcoal,Elegant Party,Natural Daylight,Neutral,"Table, Chair, Lighting Fixtures",submitted,horizontal_flip,2026-04-06T10:53:25.610709+00:00,00002299_horizontal_flip.jpg,examples/dataset/images/horizontal_flip_0899_00002299_horizontal_flip.jpg
63f98172-906b-41fb-bb02-85a3d11d9be2,79685bc5-8aa0-4df6-ad3c-4d372d7574e1,Lounge,Earthy Terracotta,Cozy Family,Warm Indoor Lighting,Warm,"Sofas, Table, Lighting Fixtures",submitted,scaled_crop,2026-04-06T10:53:28.467272+00:00,00002306_scaled_crop.jpg,examples/dataset/images/scaled_crop_0900_00002306_scaled_crop.jpg
1a5750d7-f44b-49e5-8b33-a1fb2666543d,79685bc5-8aa0-4df6-ad3c-4d372d7574e1,Lounge,Earthy Terracotta,Cozy Family,Warm Indoor Lighting,Warm,"Sofas, Table, Lighting Fixtures",submitted,horizontal_flip,2026-04-06T10:53:29.087737+00:00,00002306_horizontal_flip.jpg,examples/dataset/images/horizontal_flip_0901_00002306_horizontal_flip.jpg
19d83fa6-abda-419b-94d7-b063ac53ea03,7637af4a-2a94-4a8c-a2f0-df1c5d58b23d,Lounge,Sleek Charcoal,Cozy Family,LED Office Lighting,Dark Mode,"Sofas, Table, Lighting Fixtures",submitted,scaled_crop,2026-04-06T10:53:31.969342+00:00,00002310_scaled_crop.jpg,examples/dataset/images/scaled_crop_0902_00002310_scaled_crop.jpg
b94b2fc5-a33b-423e-b6f6-758e944bab96,7637af4a-2a94-4a8c-a2f0-df1c5d58b23d,Lounge,Sleek Charcoal,Cozy Family,LED Office Lighting,Dark Mode,"Sofas, Table, Lighting Fixtures",submitted,horizontal_flip,2026-04-06T10:53:32.692736+00:00,00002310_horizontal_flip.jpg,examples/dataset/images/horizontal_flip_0903_00002310_horizontal_flip.jpg
e212e6cd-daff-4f60-8f85-3f2819adaae9,b989fa01-6a63-4e4b-b6d6-9ded68828a08,Kitchen,Modern White,Small Family,LED Office Lighting,Neutral,"Shelves, Table, Chair",submitted,scaled_crop,2026-04-06T10:53:35.532773+00:00,00002313_scaled_crop.jpg,examples/dataset/images/scaled_crop_0904_00002313_scaled_crop.jpg
1cd0f821-a060-4935-91e7-af1b1fb51f44,b989fa01-6a63-4e4b-b6d6-9ded68828a08,Kitchen,Modern White,Small Family,LED Office Lighting,Neutral,"Shelves, Table, Chair",submitted,horizontal_flip,2026-04-06T10:53:36.30547+00:00,00002313_horizontal_flip.jpg,examples/dataset/images/horizontal_flip_0905_00002313_horizontal_flip.jpg
face2ae8-2582-49a4-8b42-04c5e3b2fbbf,e7dcf108-787d-4d38-a059-80a63bbd3f95,Bedroom,Earthy Terracotta,Master Suite,Warm Indoor Lighting,Warm,"Sofas, Bed, Lighting Fixtures",submitted,scaled_crop,2026-04-06T10:53:39.943147+00:00,00002319_scaled_crop.jpg,examples/dataset/images/scaled_crop_0906_00002319_scaled_crop.jpg
ed89fa09-b5dc-42b1-99c5-5e9ed198a4c4,e7dcf108-787d-4d38-a059-80a63bbd3f95,Bedroom,Earthy Terracotta,Master Suite,Warm Indoor Lighting,Warm,"Sofas, Bed, Lighting Fixtures",submitted,horizontal_flip,2026-04-06T10:53:40.665858+00:00,00002319_horizontal_flip.jpg,examples/dataset/images/horizontal_flip_0907_00002319_horizontal_flip.jpg
5d62420a-3d03-4579-be08-00cc178b824b,d3f1385e-8637-4952-93a8-07d0e9c883f6,Kitchen,Earthy Terracotta,Small Family,Warm Indoor Lighting,Warm,"Table, Chair, Lighting Fixtures",submitted,scaled_crop,2026-04-06T10:53:43.762639+00:00,00002321_scaled_crop.jpg,examples/dataset/images/scaled_crop_0908_00002321_scaled_crop.jpg
809cde07-386a-47bf-bb35-569f6791b113,d3f1385e-8637-4952-93a8-07d0e9c883f6,Kitchen,Earthy Terracotta,Small Family,Warm Indoor Lighting,Warm,"Table, Chair, Lighting Fixtures",submitted,horizontal_flip,2026-04-06T10:53:44.442395+00:00,00002321_horizontal_flip.jpg,examples/dataset/images/horizontal_flip_0909_00002321_horizontal_flip.jpg
a656a1d5-ab4a-4dca-809f-fa1690823d9e,3d8c2baa-7943-4c4a-a277-408fb746ad11,Lounge,Sleek Charcoal,Cozy Family,LED Office Lighting,Pastel,"Sofas, Table, Chair, Lighting Fixtures",submitted,scaled_crop,2026-04-06T10:53:47.644038+00:00,00002325_scaled_crop.jpg,examples/dataset/images/scaled_crop_0910_00002325_scaled_crop.jpg
fa08df96-ff41-425c-8e49-666a8cb1276c,3d8c2baa-7943-4c4a-a277-408fb746ad11,Lounge,Sleek Charcoal,Cozy Family,LED Office Lighting,Pastel,"Sofas, Table, Chair, Lighting Fixtures",submitted,horizontal_flip,2026-04-06T10:53:48.381663+00:00,00002325_horizontal_flip.jpg,examples/dataset/images/horizontal_flip_0911_00002325_horizontal_flip.jpg
a4c8fca0-f9c8-4b9c-84b8-bcd3f3e6767b,c8d33bd9-3c71-439b-8cbf-98884764e41d,Lounge,Modern White,Cozy Family,Natural Daylight,Neutral,"Sofas, Table, Lighting Fixtures",submitted,scaled_crop,2026-04-06T10:53:51.224726+00:00,00002333_scaled_crop.jpg,examples/dataset/images/scaled_crop_0912_00002333_scaled_crop.jpg
76fbbf49-b446-471c-b7d6-9c116ce0a9de,c8d33bd9-3c71-439b-8cbf-98884764e41d,Lounge,Modern White,Cozy Family,Natural Daylight,Neutral,"Sofas, Table, Lighting Fixtures",submitted,horizontal_flip,2026-04-06T10:53:51.919355+00:00,00002333_horizontal_flip.jpg,examples/dataset/images/horizontal_flip_0913_00002333_horizontal_flip.jpg
846cd9a0-75d9-4958-bd7a-bf9dbf641d31,8c6a9763-c957-4261-a452-24dd7e40b547,Lounge,Sleek Charcoal,Cozy Family,LED Office Lighting,Neutral,"Sofas, Shelves, Table, Lighting Fixtures, Plants",submitted,scaled_crop,2026-04-06T10:53:55.03262+00:00,00002338_scaled_crop.jpg,examples/dataset/images/scaled_crop_0914_00002338_scaled_crop.jpg
d891e4db-26c8-40dd-8e26-43bb6341b219,8c6a9763-c957-4261-a452-24dd7e40b547,Lounge,Sleek Charcoal,Cozy Family,LED Office Lighting,Neutral,"Sofas, Shelves, Table, Lighting Fixtures, Plants",submitted,horizontal_flip,2026-04-06T10:53:55.822622+00:00,00002338_horizontal_flip.jpg,examples/dataset/images/horizontal_flip_0915_00002338_horizontal_flip.jpg
2c109ef3-c928-4e3d-880d-ba73395d80d7,1dffdf7d-5d15-4a66-a811-9d45fdd2deb8,Dining Room,Earthy Terracotta,Elegant Party,Warm Indoor Lighting,Neutral,"Table, Chair, Lighting Fixtures",submitted,scaled_crop,2026-04-06T10:53:58.611722+00:00,00002344_scaled_crop.jpg,examples/dataset/images/scaled_crop_0916_00002344_scaled_crop.jpg
df49d858-8199-4ad8-8402-98ffbaccada4,1dffdf7d-5d15-4a66-a811-9d45fdd2deb8,Dining Room,Earthy Terracotta,Elegant Party,Warm Indoor Lighting,Neutral,"Table, Chair, Lighting Fixtures",submitted,horizontal_flip,2026-04-06T10:53:59.699623+00:00,00002344_horizontal_flip.jpg,examples/dataset/images/horizontal_flip_0917_00002344_horizontal_flip.jpg
29440bb7-0b6b-40a4-8bc0-bb8f7617b3fc,1fb0ac9c-c7b1-4177-abb2-9c6b72460198,Bedroom,Soft Beige,Couple,Natural Daylight,Warm,"Sofas, Bed, Lighting Fixtures",submitted,scaled_crop,2026-04-06T10:54:02.625872+00:00,00002350_scaled_crop.jpg,examples/dataset/images/scaled_crop_0918_00002350_scaled_crop.jpg
b0558790-ff7f-4d3a-98cf-cabaa530d3d3,1fb0ac9c-c7b1-4177-abb2-9c6b72460198,Bedroom,Soft Beige,Couple,Natural Daylight,Warm,"Sofas, Bed, Lighting Fixtures",submitted,horizontal_flip,2026-04-06T10:54:03.383266+00:00,00002350_horizontal_flip.jpg,examples/dataset/images/horizontal_flip_0919_00002350_horizontal_flip.jpg
52172d2a-141a-4587-963c-c7ec183dcccd,1c9c5ac5-189f-429f-be23-f7d1c6f741cd,Dining Room,Earthy Terracotta,Formal,LED Office Lighting,Neutral,"Table, Chair, Lighting Fixtures",submitted,scaled_crop,2026-04-06T10:54:06.254444+00:00,00002353_scaled_crop.jpg,examples/dataset/images/scaled_crop_0920_00002353_scaled_crop.jpg
1acf3583-d885-4930-8082-8052b3a182be,1c9c5ac5-189f-429f-be23-f7d1c6f741cd,Dining Room,Earthy Terracotta,Formal,LED Office Lighting,Neutral,"Table, Chair, Lighting Fixtures",submitted,horizontal_flip,2026-04-06T10:54:06.903959+00:00,00002353_horizontal_flip.jpg,examples/dataset/images/horizontal_flip_0921_00002353_horizontal_flip.jpg
341ab747-80f5-4aa5-88d0-9d509374832d,1031da81-cebf-4216-ab62-0be06c2f7737,Lounge,Sleek Charcoal,Reading Nook,LED Office Lighting,Neutral,"Sofas, Lighting Fixtures, Plants, Partitions",submitted,scaled_crop,2026-04-06T10:54:10.446574+00:00,00002357_scaled_crop.jpg,examples/dataset/images/scaled_crop_0922_00002357_scaled_crop.jpg
0c84915a-72dc-44cb-b637-7e102b98a3a4,1031da81-cebf-4216-ab62-0be06c2f7737,Lounge,Sleek Charcoal,Reading Nook,LED Office Lighting,Neutral,"Sofas, Lighting Fixtures, Plants, Partitions",submitted,horizontal_flip,2026-04-06T10:54:11.06306+00:00,00002357_horizontal_flip.jpg,examples/dataset/images/horizontal_flip_0923_00002357_horizontal_flip.jpg
6f029bb8-1082-4a57-88c5-5730e71d64d5,0fb272f1-10a3-4848-931b-c57b232f22c4,Kitchen,Earthy Terracotta,Modern Minimalist,Warm Indoor Lighting,Warm,"Table, Chair, Lighting Fixtures",submitted,scaled_crop,2026-04-06T10:54:13.424542+00:00,00002363_scaled_crop.jpg,examples/dataset/images/scaled_crop_0924_00002363_scaled_crop.jpg
243938a2-18de-4c61-ba51-67a6115c2a38,0fb272f1-10a3-4848-931b-c57b232f22c4,Kitchen,Earthy Terracotta,Modern Minimalist,Warm Indoor Lighting,Warm,"Table, Chair, Lighting Fixtures",submitted,horizontal_flip,2026-04-06T10:54:14.039437+00:00,00002363_horizontal_flip.jpg,examples/dataset/images/horizontal_flip_0925_00002363_horizontal_flip.jpg
0f7b8a7e-0c2c-4c2f-96f0-7d2a0002d5b6,4374923c-4604-4422-8743-f86e7a6e33c6,Kitchen,Modern White,Professional Chef,LED Office Lighting,Neutral,"Chair, Lighting Fixtures",submitted,scaled_crop,2026-04-06T10:54:16.387997+00:00,00002365_scaled_crop.jpg,examples/dataset/images/scaled_crop_0926_00002365_scaled_crop.jpg
b1949835-9d50-43c9-8b64-1656e992af35,4374923c-4604-4422-8743-f86e7a6e33c6,Kitchen,Modern White,Professional Chef,LED Office Lighting,Neutral,"Chair, Lighting Fixtures",submitted,horizontal_flip,2026-04-06T10:54:17.114205+00:00,00002365_horizontal_flip.jpg,examples/dataset/images/horizontal_flip_0927_00002365_horizontal_flip.jpg
c54c7509-727f-44c8-88ae-0534286f007b,9d35a3e7-aff8-4be4-a721-bb5ea877865b,Kitchen,Earthy Terracotta,Small Family,Warm Indoor Lighting,Warm,"Chair, Lighting Fixtures",submitted,scaled_crop,2026-04-06T10:54:20.075009+00:00,00002367_scaled_crop.jpg,examples/dataset/images/scaled_crop_0928_00002367_scaled_crop.jpg
d420ad5f-26f7-4a88-9a33-6bb73bb464e1,9d35a3e7-aff8-4be4-a721-bb5ea877865b,Kitchen,Earthy Terracotta,Small Family,Warm Indoor Lighting,Warm,"Chair, Lighting Fixtures",submitted,horizontal_flip,2026-04-06T10:54:20.798629+00:00,00002367_horizontal_flip.jpg,examples/dataset/images/horizontal_flip_0929_00002367_horizontal_flip.jpg
373efca0-3764-4970-a79e-ec1df3ea89e0,41588223-1894-4fda-a6e2-1e9e3a2c95fd,Dining Room,Earthy Terracotta,Formal,LED Office Lighting,Neutral,"Shelves, Table, Chair",submitted,scaled_crop,2026-04-06T10:54:23.663209+00:00,00002371_scaled_crop.jpg,examples/dataset/images/scaled_crop_0930_00002371_scaled_crop.jpg
18cddffd-4e1e-4b1f-801b-597738c2ebb0,41588223-1894-4fda-a6e2-1e9e3a2c95fd,Dining Room,Earthy Terracotta,Formal,LED Office Lighting,Neutral,"Shelves, Table, Chair",submitted,horizontal_flip,2026-04-06T10:54:24.387441+00:00,00002371_horizontal_flip.jpg,examples/dataset/images/horizontal_flip_0931_00002371_horizontal_flip.jpg
3185a715-01db-47f4-bbbf-9ae0f9e3c92d,aeef8e17-27d4-41e6-b676-8ff78ae6dcdc,Lounge,Sleek Charcoal,Formal Entertaining,LED Office Lighting,Dark Mode,"Sofas, Table, Chair, Lighting Fixtures",submitted,scaled_crop,2026-04-06T10:54:27.22719+00:00,00002373_scaled_crop.jpg,examples/dataset/images/scaled_crop_0932_00002373_scaled_crop.jpg
d79ebb65-b367-4233-b698-398aaf27992d,aeef8e17-27d4-41e6-b676-8ff78ae6dcdc,Lounge,Sleek Charcoal,Formal Entertaining,LED Office Lighting,Dark Mode,"Sofas, Table, Chair, Lighting Fixtures",submitted,horizontal_flip,2026-04-06T10:54:27.83717+00:00,00002373_horizontal_flip.jpg,examples/dataset/images/horizontal_flip_0933_00002373_horizontal_flip.jpg
de2d77ee-be95-430e-8bc3-20dcf41350cf,764af906-ee18-4a9e-af7f-261b46db499a,Kitchen,Earthy Terracotta,Small Family,Warm Indoor Lighting,Neutral,"Shelves, Lighting Fixtures",submitted,scaled_crop,2026-04-06T10:54:30.649816+00:00,00002377_scaled_crop.jpg,examples/dataset/images/scaled_crop_0934_00002377_scaled_crop.jpg
f52e8b20-0162-4f97-8d30-9560c3719c91,764af906-ee18-4a9e-af7f-261b46db499a,Kitchen,Earthy Terracotta,Small Family,Warm Indoor Lighting,Neutral,"Shelves, Lighting Fixtures",submitted,horizontal_flip,2026-04-06T10:54:31.352326+00:00,00002377_horizontal_flip.jpg,examples/dataset/images/horizontal_flip_0935_00002377_horizontal_flip.jpg
40b754d2-ae03-4ece-9e5a-66ef771a3c53,7ec9c4ff-8ef9-4983-93cb-69f828219b1a,Lounge,Royal Blue,Cozy Family,LED Office Lighting,Neutral,"Sofas, Table, Chair, Lighting Fixtures",submitted,scaled_crop,2026-04-06T10:54:34.111761+00:00,00002380_scaled_crop.jpg,examples/dataset/images/scaled_crop_0936_00002380_scaled_crop.jpg
926c3124-72c3-42f9-8efb-0f015036c6e5,7ec9c4ff-8ef9-4983-93cb-69f828219b1a,Lounge,Royal Blue,Cozy Family,LED Office Lighting,Neutral,"Sofas, Table, Chair, Lighting Fixtures",submitted,horizontal_flip,2026-04-06T10:54:34.838306+00:00,00002380_horizontal_flip.jpg,examples/dataset/images/horizontal_flip_0937_00002380_horizontal_flip.jpg
fa0baa57-9143-4af9-a170-fd606565d254,51a135c8-5e59-4466-88f7-716b69006ca0,Dining Room,Sleek Charcoal,Casual Family,LED Office Lighting,Pastel,"Shelves, Table, Chair, Lighting Fixtures",submitted,scaled_crop,2026-04-06T10:54:37.300181+00:00,00002387_scaled_crop.jpg,examples/dataset/images/scaled_crop_0938_00002387_scaled_crop.jpg
add72ef1-ed52-4457-8b67-d8630fe0735d,51a135c8-5e59-4466-88f7-716b69006ca0,Dining Room,Sleek Charcoal,Casual Family,LED Office Lighting,Pastel,"Shelves, Table, Chair, Lighting Fixtures",submitted,horizontal_flip,2026-04-06T10:54:38.006835+00:00,00002387_horizontal_flip.jpg,examples/dataset/images/horizontal_flip_0939_00002387_horizontal_flip.jpg
602d81bc-11f0-4605-9216-0c2787352cb5,6da4aaa4-f41d-42b1-831a-b5918a08b8f8,Lounge,Modern White,Cozy Family,LED Office Lighting,Brand-specific,"Sofas, Table",submitted,scaled_crop,2026-04-06T10:54:40.454211+00:00,00002390_scaled_crop.jpg,examples/dataset/images/scaled_crop_0940_00002390_scaled_crop.jpg
66d40c2c-2b6e-465e-9d99-56add0c2862d,6da4aaa4-f41d-42b1-831a-b5918a08b8f8,Lounge,Modern White,Cozy Family,LED Office Lighting,Brand-specific,"Sofas, Table",submitted,horizontal_flip,2026-04-06T10:54:41.173726+00:00,00002390_horizontal_flip.jpg,examples/dataset/images/horizontal_flip_0941_00002390_horizontal_flip.jpg
087cf7a4-3dde-458b-8f40-4760881ac5bf,877de58e-375b-4e9d-a0b7-aacbae9cee25,Dining Room,Modern White,Formal,LED Office Lighting,Neutral,"Table, Chair, Lighting Fixtures, Plants",submitted,scaled_crop,2026-04-06T10:54:44.248781+00:00,00002392_scaled_crop.jpg,examples/dataset/images/scaled_crop_0942_00002392_scaled_crop.jpg
4f01fa92-5c2f-4df1-9e4f-03ccd045b30e,877de58e-375b-4e9d-a0b7-aacbae9cee25,Dining Room,Modern White,Formal,LED Office Lighting,Neutral,"Table, Chair, Lighting Fixtures, Plants",submitted,horizontal_flip,2026-04-06T10:54:45.078125+00:00,00002392_horizontal_flip.jpg,examples/dataset/images/horizontal_flip_0943_00002392_horizontal_flip.jpg
71a0044c-2107-407c-bf52-f7eedd24944c,34fbd209-24ee-46f1-8e48-e48aa26f52fe,Lounge,Sleek Charcoal,Cozy Family,LED Office Lighting,Neutral,"Sofas, Table, Chair",submitted,scaled_crop,2026-04-06T10:54:47.851446+00:00,00002395_scaled_crop.jpg,examples/dataset/images/scaled_crop_0944_00002395_scaled_crop.jpg
7534c7f9-5284-4241-9d78-1ff97534973b,34fbd209-24ee-46f1-8e48-e48aa26f52fe,Lounge,Sleek Charcoal,Cozy Family,LED Office Lighting,Neutral,"Sofas, Table, Chair",submitted,horizontal_flip,2026-04-06T10:54:48.660669+00:00,00002395_horizontal_flip.jpg,examples/dataset/images/horizontal_flip_0945_00002395_horizontal_flip.jpg
4c008783-5c73-4046-b5b0-a8075ac997fb,0046bd72-4e1b-4215-9b16-28ba64338672,Lounge,Modern White,Cozy Family,LED Office Lighting,Neutral,"Desks, Sofas, Table, Chair, Plants",submitted,scaled_crop,2026-04-06T10:54:51.554508+00:00,00002397_scaled_crop.jpg,examples/dataset/images/scaled_crop_0946_00002397_scaled_crop.jpg
1f2c18da-e8a6-4189-881c-77f03117c103,0046bd72-4e1b-4215-9b16-28ba64338672,Lounge,Modern White,Cozy Family,LED Office Lighting,Neutral,"Desks, Sofas, Table, Chair, Plants",submitted,horizontal_flip,2026-04-06T10:54:52.251168+00:00,00002397_horizontal_flip.jpg,examples/dataset/images/horizontal_flip_0947_00002397_horizontal_flip.jpg
844044ce-1aa3-440b-9407-59bdf4c51faf,965fefa2-b347-4975-92c7-4565ce234a29,Dining Room,Modern White,Casual Family,LED Office Lighting,Neutral,"Table, Chair, Lighting Fixtures",submitted,scaled_crop,2026-04-06T10:54:54.482253+00:00,00002404_scaled_crop.jpg,examples/dataset/images/scaled_crop_0948_00002404_scaled_crop.jpg
50ba5b2a-445b-4e95-9955-b2ea01ab8677,965fefa2-b347-4975-92c7-4565ce234a29,Dining Room,Modern White,Casual Family,LED Office Lighting,Neutral,"Table, Chair, Lighting Fixtures",submitted,horizontal_flip,2026-04-06T10:54:55.102073+00:00,00002404_horizontal_flip.jpg,examples/dataset/images/horizontal_flip_0949_00002404_horizontal_flip.jpg
d17f8a39-9cf3-45a5-bc1a-b16bcf040aec,a951beaf-4042-4540-a973-bcc9569c7f7a,Lounge,Soft Beige,Reading Nook,LED Office Lighting,Neutral,"Sofas, Table, Lighting Fixtures",submitted,scaled_crop,2026-04-06T10:54:57.7781+00:00,00002406_scaled_crop.jpg,examples/dataset/images/scaled_crop_0950_00002406_scaled_crop.jpg
fb414c9a-5282-4c4a-985e-a35b658a086c,a951beaf-4042-4540-a973-bcc9569c7f7a,Lounge,Soft Beige,Reading Nook,LED Office Lighting,Neutral,"Sofas, Table, Lighting Fixtures",submitted,horizontal_flip,2026-04-06T10:54:58.39661+00:00,00002406_horizontal_flip.jpg,examples/dataset/images/horizontal_flip_0951_00002406_horizontal_flip.jpg
a981e818-6ddb-447c-8543-3162df6c559b,76ada879-a340-43bc-b572-d90fbece290f,Lounge,Modern White,Formal Entertaining,LED Office Lighting,Neutral,"Table, Chair, Lighting Fixtures, Plants",submitted,scaled_crop,2026-04-06T10:55:01.146576+00:00,00002412_scaled_crop.jpg,examples/dataset/images/scaled_crop_0952_00002412_scaled_crop.jpg
8d94cd5c-7322-4d98-8949-272795d738a0,76ada879-a340-43bc-b572-d90fbece290f,Lounge,Modern White,Formal Entertaining,LED Office Lighting,Neutral,"Table, Chair, Lighting Fixtures, Plants",submitted,horizontal_flip,2026-04-06T10:55:01.854749+00:00,00002412_horizontal_flip.jpg,examples/dataset/images/horizontal_flip_0953_00002412_horizontal_flip.jpg
a8c11adf-3e00-43c8-ac46-8f85c1ceaa2d,773be2c3-2ad9-45da-bf95-7edf0cb04de9,Dining Room,Sleek Charcoal,Casual Family,LED Office Lighting,Neutral,"Sofas, Table, Chair, Lighting Fixtures, Plants",submitted,scaled_crop,2026-04-06T10:55:04.897432+00:00,00002418_scaled_crop.jpg,examples/dataset/images/scaled_crop_0954_00002418_scaled_crop.jpg
041c414a-0464-41b0-a495-e8637176df8c,773be2c3-2ad9-45da-bf95-7edf0cb04de9,Dining Room,Sleek Charcoal,Casual Family,LED Office Lighting,Neutral,"Sofas, Table, Chair, Lighting Fixtures, Plants",submitted,horizontal_flip,2026-04-06T10:55:05.548516+00:00,00002418_horizontal_flip.jpg,examples/dataset/images/horizontal_flip_0955_00002418_horizontal_flip.jpg
91d43996-63b4-4273-8a55-de2093a7b959,92e7b3e3-cd2d-4ada-a2f3-acd955633fc7,Dining Room,Soft Beige,Casual Family,LED Office Lighting,Neutral,"Sofas, Table, Chair, Lighting Fixtures",submitted,scaled_crop,2026-04-06T10:55:08.222664+00:00,00002421_scaled_crop.jpg,examples/dataset/images/scaled_crop_0956_00002421_scaled_crop.jpg
93eacca7-c5f9-4da5-a13c-f374d3ce4524,92e7b3e3-cd2d-4ada-a2f3-acd955633fc7,Dining Room,Soft Beige,Casual Family,LED Office Lighting,Neutral,"Sofas, Table, Chair, Lighting Fixtures",submitted,horizontal_flip,2026-04-06T10:55:08.944987+00:00,00002421_horizontal_flip.jpg,examples/dataset/images/horizontal_flip_0957_00002421_horizontal_flip.jpg
86b6f7d7-24ed-4a63-b558-14f8e5a87ee2,44831327-f0e5-47c5-9f3d-fdc423849eeb,Lounge,Soft Beige,Cozy Family,LED Office Lighting,Warm,"Sofas, Shelves, Chair, Plants",submitted,scaled_crop,2026-04-06T10:55:10.97512+00:00,00002424_scaled_crop.jpg,examples/dataset/images/scaled_crop_0958_00002424_scaled_crop.jpg
068cba36-0675-48f6-8301-51cdd3ad4a74,44831327-f0e5-47c5-9f3d-fdc423849eeb,Lounge,Soft Beige,Cozy Family,LED Office Lighting,Warm,"Sofas, Shelves, Chair, Plants",submitted,horizontal_flip,2026-04-06T10:55:11.694023+00:00,00002424_horizontal_flip.jpg,examples/dataset/images/horizontal_flip_0959_00002424_horizontal_flip.jpg
be725240-5138-4f88-8b7a-bd1b787b5403,adcaa7ea-142f-4487-a362-46dcdca541a0,Lounge,Pastel Pink,Cozy Family,Warm Indoor Lighting,Pastel,"Sofas, Table, Chair, Partitions",submitted,scaled_crop,2026-04-06T10:55:14.683598+00:00,00003321_scaled_crop.jpg,examples/dataset/images/scaled_crop_0960_00003321_scaled_crop.jpg
baa7c89a-6251-4575-bdb4-391f8173e704,adcaa7ea-142f-4487-a362-46dcdca541a0,Lounge,Pastel Pink,Cozy Family,Warm Indoor Lighting,Pastel,"Sofas, Table, Chair, Partitions",submitted,horizontal_flip,2026-04-06T10:55:15.382107+00:00,00003321_horizontal_flip.jpg,examples/dataset/images/horizontal_flip_0961_00003321_horizontal_flip.jpg
6086b5b5-a918-4a4c-abb0-987b5340275e,0a6bbada-7d90-45a4-ba10-f388f9094c73,Lounge,Soft Beige,Formal Entertaining,Natural Daylight,Warm,"Sofas, Table, Chair, Lighting Fixtures, Plants, Partitions",submitted,scaled_crop,2026-04-06T10:55:17.525418+00:00,00003327_scaled_crop.jpg,examples/dataset/images/scaled_crop_0962_00003327_scaled_crop.jpg
37974df9-292c-4c00-aab3-9e2b26d6cd27,0a6bbada-7d90-45a4-ba10-f388f9094c73,Lounge,Soft Beige,Formal Entertaining,Natural Daylight,Warm,"Sofas, Table, Chair, Lighting Fixtures, Plants, Partitions",submitted,horizontal_flip,2026-04-06T10:55:18.249357+00:00,00003327_horizontal_flip.jpg,examples/dataset/images/horizontal_flip_0963_00003327_horizontal_flip.jpg
fd9b379b-ed9c-40f0-a5f3-5c6c918a08a9,5dab5b71-4a8c-419a-be0c-efc46c8aa365,Lounge,Soft Beige,Formal Entertaining,Natural Daylight,Warm,"Sofas, Table, Chair, Lighting Fixtures, Plants",submitted,scaled_crop,2026-04-06T10:55:20.706724+00:00,00003346_scaled_crop.jpg,examples/dataset/images/scaled_crop_0964_00003346_scaled_crop.jpg
2b39bc10-1a98-422a-8432-2d371ea79c33,5dab5b71-4a8c-419a-be0c-efc46c8aa365,Lounge,Soft Beige,Formal Entertaining,Natural Daylight,Warm,"Sofas, Table, Chair, Lighting Fixtures, Plants",submitted,horizontal_flip,2026-04-06T10:55:21.35671+00:00,00003346_horizontal_flip.jpg,examples/dataset/images/horizontal_flip_0965_00003346_horizontal_flip.jpg
eb1f5dfb-e8f2-4e2f-adc7-08c4ec338841,b43b80a5-fa7d-45f7-a30f-f7585853d44a,Lounge,Modern White,Home Theater,Warm Indoor Lighting,Neutral,"Sofas, Shelves, Table, Chair, Lighting Fixtures",submitted,scaled_crop,2026-04-06T10:55:24.19046+00:00,00003349_scaled_crop.jpg,examples/dataset/images/scaled_crop_0966_00003349_scaled_crop.jpg
d6db2d34-bd64-4335-841c-a8731d59e46d,b43b80a5-fa7d-45f7-a30f-f7585853d44a,Lounge,Modern White,Home Theater,Warm Indoor Lighting,Neutral,"Sofas, Shelves, Table, Chair, Lighting Fixtures",submitted,horizontal_flip,2026-04-06T10:55:24.849518+00:00,00003349_horizontal_flip.jpg,examples/dataset/images/horizontal_flip_0967_00003349_horizontal_flip.jpg
237d9d6e-9658-4df8-8305-a53b11299787,b78ca875-6e11-4b54-b1ab-6523f3caad71,Kitchen,Modern White,Open Concept,Natural Daylight,Neutral,"Shelves, Table, Chair, Lighting Fixtures, Plants, Partitions",submitted,scaled_crop,2026-04-06T10:55:27.625888+00:00,00003352_scaled_crop.jpg,examples/dataset/images/scaled_crop_0968_00003352_scaled_crop.jpg
2822feca-4c3e-4a35-988f-1ec236a2a205,b78ca875-6e11-4b54-b1ab-6523f3caad71,Kitchen,Modern White,Open Concept,Natural Daylight,Neutral,"Shelves, Table, Chair, Lighting Fixtures, Plants, Partitions",submitted,horizontal_flip,2026-04-06T10:55:28.294582+00:00,00003352_horizontal_flip.jpg,examples/dataset/images/horizontal_flip_0969_00003352_horizontal_flip.jpg
3c5735fb-41ca-42b6-9ca2-ac0bd65c38ca,dbd82276-f2d5-41d5-bbba-9ba487ebad8c,Dining Room,Modern White,Formal,Natural Daylight,Neutral,"Table, Chair, Lighting Fixtures, Plants",submitted,scaled_crop,2026-04-06T10:55:30.938273+00:00,00003363_scaled_crop.jpg,examples/dataset/images/scaled_crop_0970_00003363_scaled_crop.jpg
64caab60-9edc-43fe-8f91-71aaccd440a9,dbd82276-f2d5-41d5-bbba-9ba487ebad8c,Dining Room,Modern White,Formal,Natural Daylight,Neutral,"Table, Chair, Lighting Fixtures, Plants",submitted,horizontal_flip,2026-04-06T10:55:31.484432+00:00,00003363_horizontal_flip.jpg,examples/dataset/images/horizontal_flip_0971_00003363_horizontal_flip.jpg
62ce5d00-b039-4bef-a5d8-ac6a5bb24d17,2acb90a0-9aa2-4a0e-822d-3e571abf28fa,Lounge,Earthy Terracotta,Cozy Family,Natural Daylight,Warm,"Sofas, Table, Lighting Fixtures, Plants",submitted,scaled_crop,2026-04-06T10:55:34.420459+00:00,00003368_scaled_crop.jpg,examples/dataset/images/scaled_crop_0972_00003368_scaled_crop.jpg
55645c63-bf62-4a23-bbb3-c6198e76dc29,2acb90a0-9aa2-4a0e-822d-3e571abf28fa,Lounge,Earthy Terracotta,Cozy Family,Natural Daylight,Warm,"Sofas, Table, Lighting Fixtures, Plants",submitted,horizontal_flip,2026-04-06T10:55:35.108066+00:00,00003368_horizontal_flip.jpg,examples/dataset/images/horizontal_flip_0973_00003368_horizontal_flip.jpg
db229de9-78c7-4488-bf7e-3c6260210dcb,e80ee6e3-78d7-467d-b1c7-2894f5c5b29c,Bedroom,Modern White,Couple,Natural Daylight,Neutral,"Sofas, Table, Bed",submitted,scaled_crop,2026-04-06T10:55:38.311812+00:00,00003382_scaled_crop.jpg,examples/dataset/images/scaled_crop_0974_00003382_scaled_crop.jpg
871081f5-d3df-4302-8d63-704d2453e7de,e80ee6e3-78d7-467d-b1c7-2894f5c5b29c,Bedroom,Modern White,Couple,Natural Daylight,Neutral,"Sofas, Table, Bed",submitted,horizontal_flip,2026-04-06T10:55:39.02356+00:00,00003382_horizontal_flip.jpg,examples/dataset/images/horizontal_flip_0975_00003382_horizontal_flip.jpg
7fde7183-18ef-4aa0-a95c-b37201b64b2e,c2800ec4-874e-4d85-9d89-f36e4b971a6b,Bedroom,Soft Beige,Guest,Warm Indoor Lighting,Neutral,"Shelves, Bed, Lighting Fixtures",submitted,scaled_crop,2026-04-06T10:55:41.386828+00:00,00003396_scaled_crop.jpg,examples/dataset/images/scaled_crop_0976_00003396_scaled_crop.jpg
cbd4417c-034f-42b6-97ce-6da7c1d1606e,c2800ec4-874e-4d85-9d89-f36e4b971a6b,Bedroom,Soft Beige,Guest,Warm Indoor Lighting,Neutral,"Shelves, Bed, Lighting Fixtures",submitted,horizontal_flip,2026-04-06T10:55:42.113293+00:00,00003396_horizontal_flip.jpg,examples/dataset/images/horizontal_flip_0977_00003396_horizontal_flip.jpg
b4ca6ce7-d026-49be-8176-99dc54b44bb0,b008c9ad-ecdd-4096-b8fd-e28ad425c781,Lounge,Soft Beige,Formal Entertaining,Warm Indoor Lighting,Neutral,"Sofas, Table, Lighting Fixtures",submitted,scaled_crop,2026-04-06T10:55:44.86702+00:00,00003411_scaled_crop.jpg,examples/dataset/images/scaled_crop_0978_00003411_scaled_crop.jpg
369dab69-83bf-4db3-a310-93e6c19bf2cb,b008c9ad-ecdd-4096-b8fd-e28ad425c781,Lounge,Soft Beige,Formal Entertaining,Warm Indoor Lighting,Neutral,"Sofas, Table, Lighting Fixtures",submitted,horizontal_flip,2026-04-06T10:55:45.579302+00:00,00003411_horizontal_flip.jpg,examples/dataset/images/horizontal_flip_0979_00003411_horizontal_flip.jpg
7706911e-b0fa-4e47-8d85-8ec9715256a5,052fca82-1c5d-47df-874c-3ee760699b08,Bedroom,Modern White,Minimalist Retreat,Natural Daylight,Neutral,"Table, Chair, Bed, Lighting Fixtures",submitted,scaled_crop,2026-04-06T10:55:49.162165+00:00,00003434_scaled_crop.jpg,examples/dataset/images/scaled_crop_0980_00003434_scaled_crop.jpg
ea896489-abae-45eb-b417-8c4f7cd29caa,052fca82-1c5d-47df-874c-3ee760699b08,Bedroom,Modern White,Minimalist Retreat,Natural Daylight,Neutral,"Table, Chair, Bed, Lighting Fixtures",submitted,horizontal_flip,2026-04-06T10:55:49.78019+00:00,00003434_horizontal_flip.jpg,examples/dataset/images/horizontal_flip_0981_00003434_horizontal_flip.jpg
0dd1351a-6a33-488e-9323-207d48eb0386,90e2af23-b9e6-4adc-bf01-a7d371e45b0e,Lounge,Earthy Terracotta,Formal Entertaining,Natural Daylight,Neutral,"Sofas, Table, Chair, Lighting Fixtures",submitted,scaled_crop,2026-04-06T10:55:52.74618+00:00,00003441_scaled_crop.jpg,examples/dataset/images/scaled_crop_0982_00003441_scaled_crop.jpg
99ea33fe-7eee-41c1-b2f1-76dc84f73d09,90e2af23-b9e6-4adc-bf01-a7d371e45b0e,Lounge,Earthy Terracotta,Formal Entertaining,Natural Daylight,Neutral,"Sofas, Table, Chair, Lighting Fixtures",submitted,horizontal_flip,2026-04-06T10:55:53.418491+00:00,00003441_horizontal_flip.jpg,examples/dataset/images/horizontal_flip_0983_00003441_horizontal_flip.jpg
9f09d932-2ab8-4619-a92f-474df898a5cc,79f69d13-0adb-4e07-bf5a-cd389ae3d2a1,Kitchen,Modern White,Open Concept,Natural Daylight,Neutral,"Table, Chair, Lighting Fixtures",submitted,scaled_crop,2026-04-06T10:55:56.553121+00:00,00003455_scaled_crop.jpg,examples/dataset/images/scaled_crop_0984_00003455_scaled_crop.jpg
f973a851-6969-4b80-9f52-94784e782e37,79f69d13-0adb-4e07-bf5a-cd389ae3d2a1,Kitchen,Modern White,Open Concept,Natural Daylight,Neutral,"Table, Chair, Lighting Fixtures",submitted,horizontal_flip,2026-04-06T10:55:57.356809+00:00,00003455_horizontal_flip.jpg,examples/dataset/images/horizontal_flip_0985_00003455_horizontal_flip.jpg
47a74d1d-b097-4ee1-bac0-7777fe5da13a,f7b319c8-d6df-473f-989e-be643eddac3f,Lounge,Modern White,Formal Entertaining,Natural Daylight,Neutral,"Sofas, Shelves, Table, Chair, Lighting Fixtures",submitted,scaled_crop,2026-04-06T10:56:00.224219+00:00,00003458_scaled_crop.jpg,examples/dataset/images/scaled_crop_0986_00003458_scaled_crop.jpg
6356d122-37d3-41dc-bc9c-a7bb769e31d1,f7b319c8-d6df-473f-989e-be643eddac3f,Lounge,Modern White,Formal Entertaining,Natural Daylight,Neutral,"Sofas, Shelves, Table, Chair, Lighting Fixtures",submitted,horizontal_flip,2026-04-06T10:56:00.905476+00:00,00003458_horizontal_flip.jpg,examples/dataset/images/horizontal_flip_0987_00003458_horizontal_flip.jpg
f3233c03-1ec5-47b3-b1e8-063c174eafd9,9c1ad1d5-17fb-4dbb-9a68-c7949806573f,Lounge,Soft Beige,Formal Entertaining,Warm Indoor Lighting,Warm,"Table, Chair, Lighting Fixtures, Partitions",submitted,scaled_crop,2026-04-06T10:56:04.548121+00:00,00003464_scaled_crop.jpg,examples/dataset/images/scaled_crop_0988_00003464_scaled_crop.jpg
d5e567fc-8518-44b8-b96a-10e4f21103cb,9c1ad1d5-17fb-4dbb-9a68-c7949806573f,Lounge,Soft Beige,Formal Entertaining,Warm Indoor Lighting,Warm,"Table, Chair, Lighting Fixtures, Partitions",submitted,horizontal_flip,2026-04-06T10:56:05.269492+00:00,00003464_horizontal_flip.jpg,examples/dataset/images/horizontal_flip_0989_00003464_horizontal_flip.jpg
e1101360-dad0-46f1-8fb3-cb2d7195a554,9aa71783-424e-4f27-a192-4ab7b23cab5e,Bedroom,Modern White,Kids,Natural Daylight,Neutral,"Table, Bed",submitted,scaled_crop,2026-04-06T10:56:07.527195+00:00,00003467_scaled_crop.jpg,examples/dataset/images/scaled_crop_0990_00003467_scaled_crop.jpg
5e942b45-44f3-475a-9d3f-a89d65fef89e,9aa71783-424e-4f27-a192-4ab7b23cab5e,Bedroom,Modern White,Kids,Natural Daylight,Neutral,"Table, Bed",submitted,horizontal_flip,2026-04-06T10:56:08.112956+00:00,00003467_horizontal_flip.jpg,examples/dataset/images/horizontal_flip_0991_00003467_horizontal_flip.jpg
7a340856-8d4a-4c3c-8eb0-771073e2e13b,eeaae4e1-2b83-4e71-812d-10e2ce62d336,Lounge,Modern White,Formal Entertaining,Natural Daylight,Neutral,"Sofas, Table, Lighting Fixtures, Partitions",submitted,scaled_crop,2026-04-06T10:56:10.675011+00:00,00003477_scaled_crop.jpg,examples/dataset/images/scaled_crop_0992_00003477_scaled_crop.jpg
8ca75b42-6581-425b-bdbe-0e4d073c6c0d,eeaae4e1-2b83-4e71-812d-10e2ce62d336,Lounge,Modern White,Formal Entertaining,Natural Daylight,Neutral,"Sofas, Table, Lighting Fixtures, Partitions",submitted,horizontal_flip,2026-04-06T10:56:11.401793+00:00,00003477_horizontal_flip.jpg,examples/dataset/images/horizontal_flip_0993_00003477_horizontal_flip.jpg
8ea80d15-b3d1-4935-8751-b27bed85f097,a33e8059-8b73-4669-ac49-d94411c632b1,Lounge,Modern White,Formal Entertaining,Natural Daylight,Neutral,"Sofas, Table, Chair, Plants, Partitions",submitted,scaled_crop,2026-04-06T10:56:14.487482+00:00,00003483_scaled_crop.jpg,examples/dataset/images/scaled_crop_0994_00003483_scaled_crop.jpg
4fe45e45-5178-4827-bbee-e6ecf1e6b2a9,a33e8059-8b73-4669-ac49-d94411c632b1,Lounge,Modern White,Formal Entertaining,Natural Daylight,Neutral,"Sofas, Table, Chair, Plants, Partitions",submitted,horizontal_flip,2026-04-06T10:56:15.214961+00:00,00003483_horizontal_flip.jpg,examples/dataset/images/horizontal_flip_0995_00003483_horizontal_flip.jpg
2d33fcc7-84f7-4235-aac5-ad37f74c3c9d,334b23e4-d351-4de1-8a0f-ab4888e532af,Lounge,Modern White,Formal Entertaining,Natural Daylight,Neutral,"Desks, Sofas, Table, Lighting Fixtures, Plants",submitted,scaled_crop,2026-04-06T10:56:17.566638+00:00,00003489_scaled_crop.jpg,examples/dataset/images/scaled_crop_0996_00003489_scaled_crop.jpg
64bc4a3f-c22b-462b-9bcc-43acb36685d6,334b23e4-d351-4de1-8a0f-ab4888e532af,Lounge,Modern White,Formal Entertaining,Natural Daylight,Neutral,"Desks, Sofas, Table, Lighting Fixtures, Plants",submitted,horizontal_flip,2026-04-06T10:56:18.188296+00:00,00003489_horizontal_flip.jpg,examples/dataset/images/horizontal_flip_0997_00003489_horizontal_flip.jpg
0032ef6e-9287-4c93-b764-bc6273777c26,b8102cc1-24a2-4c30-a5fa-067a5d04350e,Lounge,Soft Beige,Formal Entertaining,Natural Daylight,Neutral,"Sofas, Table, Lighting Fixtures",submitted,scaled_crop,2026-04-06T10:56:20.403909+00:00,00003538_scaled_crop.jpg,examples/dataset/images/scaled_crop_0998_00003538_scaled_crop.jpg
8b0aaa6d-2444-4180-85e4-2597564d2abd,b8102cc1-24a2-4c30-a5fa-067a5d04350e,Lounge,Soft Beige,Formal Entertaining,Natural Daylight,Neutral,"Sofas, Table, Lighting Fixtures",submitted,horizontal_flip,2026-04-06T10:56:21.115872+00:00,00003538_horizontal_flip.jpg,examples/dataset/images/horizontal_flip_0999_00003538_horizontal_flip.jpg
